month,rows,median_rows_per_day,days_without_data,sublinks_per_step
2011-01,8544073,450422.0,0,4692
2011-02,12307465,440035.0,0,4584
2011-03,12348138,441395.0,1,4598
2011-04,12886659,432435.5,0,4505
2011-05,13160027,427489.0,0,4453
2011-06,12234872,419613.0,0,4371
2011-07,12560922,405470.0,0,4224
2011-08,12254725,397139.0,0,4137
2011-09,10783402,375887.0,0,3915
2011-10,9830876,324753.0,0,3383
2011-11,8078820,320520.0,0,3339
2011-12,9222451,317702.0,0,3309
2012-01,9797617,321336.0,0,3347
2012-02,9792169,320848.0,0,3342
2012-03,12302118,407682.0,0,4247
2012-04,11818209,404587.0,0,4214
2012-05,11487421,397768.0,0,4143
2012-06,11620386,394441.5,0,4109
2012-07,11957121,385993.0,0,4021
2012-08,11830314,380998.0,0,3969
2012-09,11026492,377173.0,0,3929
2012-10,11409919,372170.0,0,3877
2012-11,11116215,370731.0,0,3862
2012-12,11159372,367436.0,0,3827
2013-01,10760125,367009.0,0,3823
2013-02,10007939,359825.5,0,3748
2013-03,10292834,348212.0,0,3627
2013-04,10017371,333682.5,0,3476
2013-05,10109168,326502.0,0,3401
2013-06,9462758,315081.0,0,3282
2013-07,9350760,301852.0,0,3144
2013-08,9023246,293550.0,0,3058
2013-09,8231179,279853.5,0,2915
2013-10,8227594,267612.0,0,2788
2013-11,7453594,246533.0,0,2568
2013-12,7275785,232812.0,0,2425
2014-01,7088126,230088.0,0,2397
2014-02,6091628,218101.5,0,2272
2014-03,6364957,205175.0,0,2137
2014-04,5814652,192694.5,0,2007
2014-05,5385324,178429.0,0,1859
2014-06,5108011,170460.0,0,1776
2014-07,4969515,159703.0,0,1664
2014-08,2689051,95471.0,9,994
2014-09,2304194,88381.5,2,921
2014-10,2138565,81396.0,2,848
2014-11,1598726,71542.0,7,745
2014-12,1851892,65513.0,2,682
2015-01,863311,2016.0,14,21
2015-02,1605258,57668.5,0,601
2015-03,784339,52220.0,0,544
