map,station,name,n_hours,total_map,total_gauge,corr
idw,210,VALKENBURG VK,2208,309.5783996582031,277.6,0.8396287410404502
idw,235,De Kooy Airport,2208,347.14813232421875,237.0,0.7521691734195289
idw,240,Schiphol Airport,2208,449.14825439453125,369.1,0.7626450252643098
idw,249,Berkhout,2208,289.87835693359375,352.2,0.7880659523358198
idw,251,Hoorn Terschelling,0,0.0,0.0,
idw,257,Wijk aan Zee,2208,289.8773193359375,265.20000000000005,0.7726462728090605
idw,260,De Bilt,2208,389.1065368652344,274.6,0.8320623746421346
idw,267,Stavoren,2208,250.30792236328125,326.1,0.8001986476012835
idw,269,Lelystad Airport,2208,205.96786499023438,297.4,0.6820739459565857
idw,270,Leeuwarden Airport,2208,411.212158203125,373.1,0.8602195422249179
idw,273,Marknesse,2208,338.2017822265625,394.20000000000005,0.690374702779511
idw,275,Deelen Airport,2208,107.03187561035156,243.09999999999997,0.7641779108057045
idw,277,Lauwersoog,2208,241.5443878173828,276.79999999999995,0.6435548975042608
idw,278,Heino,2208,137.86605834960938,238.8,0.770120110656466
idw,279,Hoogeveen,2208,304.6654968261719,267.4,0.7217610670598879
idw,280,Groningen Airport Eelde,2208,287.84259033203125,284.3,0.8159282210181065
idw,283,Hupsel,2208,206.9807891845703,233.60000000000002,0.9200155755722721
idw,286,Nieuw Beerta,2208,237.6338348388672,237.10000000000002,0.6892192747063947
idw,290,Twenthe Airport,2208,196.70455932617188,231.0,0.8013339308126697
idw,310,Vlissingen,2208,314.2947998046875,276.9,0.886070126748346
idw,319,Westdorpe,2208,194.66104125976562,306.3,0.7238461542198089
idw,323,Wilhelminadorp,2208,457.33197021484375,306.8,0.8813749347916177
idw,330,Hoek van Holland,2208,314.347900390625,323.9,0.8595728436746676
idw,344,Rotterdam Airport,2208,455.12371826171875,334.0,0.8014271223632102
idw,348,Cabauw,2208,216.11117553710938,287.5,0.8816830343370545
idw,350,Gilze-Rijen Airport,2208,250.31295776367188,249.5,0.826088189080445
idw,356,Herwijnen,2208,246.87115478515625,274.4,0.8732545629232299
idw,370,Eindhoven Airport,2208,308.870849609375,286.0,0.8663600010792241
idw,375,Volkel,2208,202.02685546875,247.10000000000002,0.810222856337713
idw,377,Ell,2208,202.9975128173828,260.1,0.62258762384914
idw,380,Maastricht Airport,2208,238.03475952148438,270.4,0.8563783049111714
idw,391,Arcen,2208,194.96670532226562,269.4,0.7986233612314405
masked,210,VALKENBURG VK,2208,283.2340087890625,277.6,0.8338552439332104
masked,235,De Kooy Airport,2208,312.68145751953125,237.0,0.7422445425469626
masked,240,Schiphol Airport,2208,415.1996154785156,369.1,0.7569666533276417
masked,249,Berkhout,2208,256.36016845703125,352.2,0.782734461608866
masked,251,Hoorn Terschelling,0,0.0,0.0,
masked,257,Wijk aan Zee,2208,270.19732666015625,265.20000000000005,0.764950155282139
masked,260,De Bilt,2208,311.0013427734375,274.6,0.7316873693752687
masked,267,Stavoren,2208,245.361572265625,326.1,0.8000913980440583
masked,269,Lelystad Airport,2208,169.23403930664062,297.4,0.591351955989402
masked,270,Leeuwarden Airport,2208,392.67156982421875,373.1,0.8587867918558079
masked,273,Marknesse,2208,327.3809814453125,394.20000000000005,0.6853167785322142
masked,275,Deelen Airport,2208,69.99166870117188,243.09999999999997,0.6732524708840363
masked,277,Lauwersoog,2208,241.24948120117188,276.79999999999995,0.643539944034343
masked,278,Heino,2208,116.45768737792969,238.8,0.7237817002567722
masked,279,Hoogeveen,2208,281.631591796875,267.4,0.7064718629080147
masked,280,Groningen Airport Eelde,2208,268.4638671875,284.3,0.8147595007845855
masked,283,Hupsel,2208,200.49658203125,233.60000000000002,0.9198197223283222
masked,286,Nieuw Beerta,2208,224.22080993652344,237.10000000000002,0.6788276150811519
masked,290,Twenthe Airport,2208,158.67474365234375,231.0,0.6995295233495182
masked,310,Vlissingen,2208,311.1785583496094,276.9,0.8852577782161658
masked,319,Westdorpe,2208,181.98074340820312,306.3,0.7226951044641907
masked,323,Wilhelminadorp,2208,437.0899658203125,306.8,0.8786816665135755
masked,330,Hoek van Holland,2208,301.56146240234375,323.9,0.8573872053865876
masked,344,Rotterdam Airport,2208,401.80560302734375,334.0,0.8014529713335348
masked,348,Cabauw,2208,198.93673706054688,287.5,0.8755722976949794
masked,350,Gilze-Rijen Airport,2208,195.25904846191406,249.5,0.7617702852772369
masked,356,Herwijnen,2208,223.92738342285156,274.4,0.8772250192565944
masked,370,Eindhoven Airport,2208,283.033447265625,286.0,0.8603597595892564
masked,375,Volkel,2208,185.1695556640625,247.10000000000002,0.807530542278728
masked,377,Ell,2208,173.13714599609375,260.1,0.6065298110135564
masked,380,Maastricht Airport,2208,220.2022705078125,270.4,0.8489277792484765
masked,391,Arcen,2208,186.0601806640625,269.4,0.7973863705537553
