link,station,name,dist_km,length_km,n_hours,total_link,total_gauge,corr
50.85803_5.69533_50.90431_5.72460,380,Maastricht Airport,4.576316115545679,5.541,2208,165.08963012695312,270.4,0.7554250292751188
50.85803_5.69533_50.97923_5.78131,380,Maastricht Airport,2.1745258189853627,14.763,2171,78.07318115234375,269.1,0.5370983857687126
50.87348_5.74041_50.88648_5.73725,380,Maastricht Airport,3.318455763140074,1.463,2189,250.10580444335938,267.1,0.6752936016026305
50.87822_5.78512_50.88648_5.73725,380,Maastricht Airport,2.6303848158720893,3.482,2208,229.55418395996094,270.4,0.7252392217790361
50.90042_5.81539_50.90903_5.78901,380,Maastricht Airport,2.8223857998883815,2.083,2208,200.54031372070312,270.4,0.7705912861472443
50.90431_5.72460_50.92321_5.74589,380,Maastricht Airport,2.064816820619142,2.577,2208,166.13922119140625,270.4,0.6545676542971561
50.90903_5.78901_50.91574_5.76915,380,Maastricht Airport,1.3921924301472401,1.58,2208,240.46434020996094,270.4,0.8506458412803456
50.92773_5.78140_50.94117_5.78804,380,Maastricht Airport,3.541773744343896,1.565,2202,198.72628784179688,270.4,0.6081286489393845
50.94117_5.78804_50.94634_5.80344,380,Maastricht Airport,4.818420466726444,1.223,1875,1134.1591796875,180.7,0.3669688733751345
50.94117_5.78804_50.95325_5.78085,380,Maastricht Airport,4.844857556594077,1.435,2186,198.89248657226562,269.0,0.4326848210100992
50.94204_5.76696_50.94634_5.80344,380,Maastricht Airport,4.547228061503928,2.601,2085,408.52655029296875,247.60000000000002,0.5962850119121001
51.20038_5.71984_51.25377_5.70164,377,Ell,4.868634341516733,6.07,2171,134.58554077148438,258.6,0.4645938141128432
51.22832_5.82251_51.25377_5.70164,377,Ell,4.786825753893537,8.877,2171,123.42092895507812,258.6,0.4724815084354677
51.39380_5.39017_51.41960_5.36390,370,Eindhoven Airport,4.925942651987951,3.399,2208,242.8070068359375,286.0,0.6984422088784153
51.39465_5.37770_51.41960_5.36390,370,Eindhoven Airport,4.897582792746144,2.934,2208,304.2977294921875,286.0,0.6587940718142483
51.40639_5.40771_51.41427_5.40736,370,Eindhoven Airport,4.993229878017752,0.877,2171,273.4855651855469,284.4,0.46643026688319333
51.41427_5.40736_51.41847_5.39183,370,Eindhoven Airport,4.157056295081096,1.174,2177,341.8174743652344,285.79999999999995,0.7557843157370667
51.41960_5.36390_51.43166_5.40465,370,Eindhoven Airport,2.865733462719641,3.128,2208,266.185791015625,286.0,0.7925108714097368
51.41970_5.43469_51.45839_5.39334,370,Eindhoven Airport,2.889263545355872,5.169,2208,201.79522705078125,286.0,0.838635441683709
51.42089_5.40486_51.43166_5.40465,370,Eindhoven Airport,3.3555412097524644,1.198,2208,360.7634582519531,286.0,0.8533701276932533
51.43098_5.37814_51.49921_5.40992,370,Eindhoven Airport,1.9617855467726752,7.9,2208,213.19204711914062,286.0,0.8748540127475897
51.43166_5.40465_51.43272_5.47712,370,Eindhoven Airport,4.896968150311493,5.026,2170,149.97857666015625,284.4,0.5520617287092691
51.43209_5.44008_51.44936_5.45412,370,Eindhoven Airport,4.990664750762462,2.153,2205,203.66455078125,286.0,0.8489613587932802
51.43647_5.42731_51.43650_5.41508,370,Eindhoven Airport,3.46219821376372,0.848,2208,318.6912841796875,286.0,0.8598500692115163
51.44082_3.57730_51.45146_3.56630,310,Vlissingen,1.7392225166979396,1.408,2208,367.6401672363281,276.9,0.5555999595816099
51.44082_3.57730_51.45752_3.59843,310,Vlissingen,0.9764665149043774,2.365,2208,313.6485595703125,276.9,0.8825305898085138
51.45663_5.39437_51.45839_5.39334,370,Eindhoven Airport,1.374028249503778,0.208,1298,258.1103515625,152.0,0.788579267999235
51.45752_3.59843_51.46760_3.68559,310,Vlissingen,3.9231385024292207,6.141,2208,166.66297912597656,276.9,0.7948023398449439
51.45752_3.59843_51.47347_3.60334,310,Vlissingen,2.6343646539725953,1.806,2169,318.98974609375,276.9,0.5299391007213521
51.45812_3.58052_51.47347_3.60334,310,Vlissingen,2.6608736847214316,2.326,2168,249.7703094482422,276.4,0.6633943080509559
51.46251_3.55327_51.47347_3.60334,310,Vlissingen,3.1392849267171004,3.677,2208,238.9761505126953,276.9,0.8503747543160436
51.47347_3.60334_51.48221_3.61862,310,Vlissingen,4.118151801617647,1.436,1938,885.711669921875,214.1,0.6987332872025328
51.47480_3.97130_51.51091_3.88458,323,Wilhelminadorp,4.864397247031043,7.223,2208,180.9188690185547,306.8,0.8248231277063499
51.48405_3.95059_51.51091_3.88458,323,Wilhelminadorp,4.0219810083895755,5.46,2061,81.88819122314453,276.1,0.5588620826391261
51.49206_3.88626_51.51091_3.88458,323,Wilhelminadorp,2.838843588818706,2.099,2208,211.69305419921875,306.8,0.8060481637354058
51.49412_3.90573_51.50578_3.89327,323,Wilhelminadorp,3.193351943914378,1.557,2208,228.40383911132812,306.8,0.7870724510718624
51.49412_3.90573_51.51091_3.88458,323,Wilhelminadorp,2.82992074237776,2.373,2169,195.29310607910156,304.9,0.6500994783905277
51.51091_3.88458_51.51324_3.87901,323,Wilhelminadorp,1.6665845152262986,0.464,2170,1292.280029296875,306.7,0.8603277679544317
51.51091_3.88458_51.56115_3.78920,323,Wilhelminadorp,3.4099106179455774,8.644,2208,177.84449768066406,306.8,0.8525121721816982
51.51091_3.88458_51.60054_3.85511,323,Wilhelminadorp,3.3407241315949427,10.172,2208,212.93463134765625,306.8,0.8649754978591152
51.55182_4.94208_51.56214_5.01206,350,Gilze-Rijen Airport,3.0110098506726937,4.972,2168,130.76702880859375,248.70000000000002,0.7527715982304769
51.55935_4.88537_51.56668_4.87303,350,Gilze-Rijen Airport,3.9401656427504648,1.18,2208,241.5587158203125,249.5,0.7800149813081628
51.56214_5.01206_51.57961_4.94429,350,Gilze-Rijen Airport,2.96496558675462,5.071,2192,219.52813720703125,249.5,0.8310535056390552
51.56214_5.01206_51.58062_4.96746,350,Gilze-Rijen Airport,3.763535841620289,3.704,2170,174.25672912597656,249.3,0.7361520573592756
51.57730_5.00652_51.58693_4.98609,350,Gilze-Rijen Airport,4.536462048318702,1.772,2170,287.74969482421875,249.3,0.626073332757904
51.57738_4.92928_51.57905_4.92399,350,Gilze-Rijen Airport,1.5045719766762895,0.41,633,75.98302459716797,54.8,0.7070788139187385
51.64994_5.65352_51.67747_5.64751,375,Volkel,3.9310349774239577,3.089,2208,174.66273498535156,247.10000000000002,0.7411380027245523
51.65582_5.64239_51.66616_5.63650,375,Volkel,4.665011706161497,1.219,2208,204.43246459960938,247.10000000000002,0.5409176264905147
51.91167_4.44048_51.92421_4.47508,344,Rotterdam Airport,4.954672700091381,2.753,2011,190.31832885742188,282.4,0.6833166652883071
51.91225_4.43157_51.92405_4.47351,344,Rotterdam Airport,4.890671316650402,3.161,2208,286.9989318847656,334.0,0.7075285644593348
51.91225_4.43157_51.93632_4.45296,344,Rotterdam Airport,4.206263057815622,3.052,1287,86.16007232666016,192.29999999999998,0.44633393320977693
51.91260_4.48145_51.93048_4.41436,344,Rotterdam Airport,4.499380626064455,5.012,2170,185.4397430419922,333.4,0.5267273146517438
51.91664_4.42482_51.93048_4.41436,344,Rotterdam Airport,4.669050636087065,1.698,2208,413.81781005859375,334.0,0.770342168746043
51.91779_4.47072_51.92141_4.46823,344,Rotterdam Airport,4.96000961508403,0.437,2208,388.45892333984375,334.0,0.5893169125965019
51.91796_4.46351_51.92011_4.45769,344,Rotterdam Airport,4.8676078283093265,0.465,2208,371.8106384277344,334.0,0.5539713258079066
51.91886_4.44846_51.92011_4.45769,344,Rotterdam Airport,4.745765041550725,0.648,2208,572.4541625976562,334.0,0.6169010849529932
51.91886_4.44846_51.92421_4.47508,344,Rotterdam Airport,4.612009297584416,1.92,2170,297.70635986328125,333.4,0.5467108365333566
51.91899_4.47819_51.92421_4.47508,344,Rotterdam Airport,4.930232887823895,0.618,2208,457.99774169921875,334.0,0.5867005350680535
51.91902_4.41520_51.93048_4.41436,344,Rotterdam Airport,4.694025419698986,1.276,2170,377.12744140625,333.4,0.540013336479647
51.91979_4.48145_51.92421_4.47508,344,Rotterdam Airport,4.937200588909999,0.658,2208,373.778076171875,334.0,0.5527425748701745
51.92120_4.47324_51.92421_4.47508,344,Rotterdam Airport,4.749502777891806,0.358,2208,1584.251708984375,334.0,0.6007747430248204
51.92328_4.46830_51.92421_4.47508,344,Rotterdam Airport,4.57807254717228,0.477,2208,427.8984680175781,334.0,0.5736819319396187
51.92420_4.46856_51.92606_4.46808,344,Rotterdam Airport,4.352432688717438,0.209,1392,3350.772705078125,214.5,0.257492035809953
51.92421_4.47508_51.92606_4.46808,344,Rotterdam Airport,4.431946553511776,0.522,2208,872.26416015625,334.0,0.5926758086059815
51.92421_4.47508_51.93191_4.46330,344,Rotterdam Airport,4.0689186547222,1.177,2208,364.626708984375,334.0,0.6550741274297204
51.92421_4.47508_51.93268_4.43878,344,Rotterdam Airport,3.792721594496071,2.662,2177,198.6802978515625,333.5,0.5786526036892294
51.92421_4.47508_51.93432_4.47296,344,Rotterdam Airport,4.084026681447363,1.133,2208,323.11981201171875,334.0,0.6584084216106476
51.92421_4.47508_51.94766_4.46630,344,Rotterdam Airport,3.32209542525551,2.676,2208,289.5569763183594,334.0,0.7527892812476954
51.92425_4.40150_51.93048_4.41436,344,Rotterdam Airport,4.690802702484701,1.122,2177,289.0330810546875,333.5,0.5120433393388467
51.92434_4.43857_51.93268_4.43878,344,Rotterdam Airport,3.767386961263869,0.927,2208,498.0038146972656,334.0,0.6481086164425612
51.92447_4.46979_51.92606_4.46808,344,Rotterdam Airport,4.352676043019482,0.212,835,2276.36279296875,119.8,0.5898864242882987
51.92535_4.45495_51.93191_4.46330,344,Rotterdam Airport,3.8025103991254623,0.927,2208,345.0411376953125,334.0,0.5712759251829178
51.92595_4.42424_51.93506_4.42446,344,Rotterdam Airport,3.8307594719977334,1.014,2208,418.197021484375,334.0,0.7065130379779981
51.92970_4.47502_51.93048_4.41436,344,Rotterdam Airport,3.551765756492792,4.16,2208,260.4785461425781,334.0,0.7039690661994686
51.93048_4.41436_51.93609_4.37139,344,Rotterdam Airport,4.894541633152738,3.011,2170,218.51284790039062,333.4,0.5974214333267978
51.93048_4.41436_51.94262_4.38012,344,Rotterdam Airport,4.431584121378819,2.708,2170,235.85142517089844,333.4,0.5772640171788406
51.93048_4.41436_51.95664_4.39995,344,Rotterdam Airport,3.4147480239665535,3.071,2208,223.52145385742188,334.0,0.8586414471414193
51.93191_4.46330_51.93543_4.48332,344,Rotterdam Airport,3.629761438706954,1.428,2208,639.224609375,334.0,0.7697237412444083
51.93191_4.46330_51.94023_4.47952,344,Rotterdam Airport,3.333496009731117,1.447,2208,441.4376525878906,334.0,0.7354765475881484
51.93268_4.43878_51.94882_4.43475,344,Rotterdam Airport,2.4648091968991883,1.815,2208,315.1749267578125,334.0,0.7767195212971266
51.93269_4.49407_51.93432_4.47296,344,Rotterdam Airport,4.037675233571071,1.459,2208,322.85089111328125,334.0,0.6704996344938694
51.93506_4.42446_51.94188_4.43031,344,Rotterdam Airport,2.9415666218768832,0.858,2208,423.3191223144531,334.0,0.6905170084173461
51.93694_4.46217_51.94023_4.47952,344,Rotterdam Airport,3.0740090323983833,1.245,2208,295.197509765625,334.0,0.6910133204897427
51.94359_4.40989_51.95664_4.39995,344,Rotterdam Airport,3.17197605426077,1.603,2208,1269.4705810546875,334.0,0.6105921832964951
51.94535_4.50897_51.95924_4.48295,344,Rotterdam Airport,3.524225236012576,2.359,2208,315.70599365234375,334.0,0.6810886788218689
51.95124_4.12336_51.97681_4.04771,330,Hoek van Holland,3.989258165087698,5.912,2208,172.65025329589844,323.9,0.7343213046691736
51.95341_4.47494_51.95816_4.46714,344,Rotterdam Airport,1.786346347387106,0.752,2208,439.2943420410156,334.0,0.7776233963689209
51.95571_4.51273_51.95757_4.49731,344,Rotterdam Airport,4.019999615942508,1.077,2208,317.05316162109375,334.0,0.5787424855885984
51.95720_4.96351_51.96952_4.95865,348,Cabauw,2.5141696121723864,1.409,2208,232.90206909179688,287.5,0.8259848196272046
51.96053_4.16300_51.97893_4.12933,330,Hoek van Holland,2.978453010661769,3.084,2208,264.2689514160156,323.9,0.4894793210648682
51.97607_4.21504_51.97893_4.12933,330,Hoek van Holland,3.7961733780084397,5.879,2020,173.68771362304688,295.9,0.5460460128435489
51.97893_4.12933_51.99167_4.12334,330,Hoek van Holland,0.8019670973286467,1.475,2208,332.9346008300781,323.9,0.8473485160968347
51.97893_4.12933_52.00155_4.16380,330,Hoek van Holland,1.693364095803685,3.449,1026,146.8780517578125,161.2,0.8967909107762049
51.97893_4.12933_52.02396_4.17255,330,Hoek van Holland,2.242473293880883,5.816,2026,198.60055541992188,295.9,0.5746109578162875
51.97902_4.45869_51.99756_4.35449,344,Rotterdam Airport,4.025830306350044,7.427,2208,262.2024230957031,334.0,0.76620596544026
51.98634_5.87594_52.07500_5.78728,275,Deelen Airport,3.9932749719758736,11.574,2171,87.41937255859375,243.0,0.6443952379605549
51.98634_5.87594_52.09016_5.95225,275,Deelen Airport,3.434174602331036,12.67,2170,98.6197509765625,243.0,0.6607013979456005
51.98634_5.87594_52.09380_5.76116,275,Deelen Airport,4.123418052047722,14.297,2208,105.36700439453125,243.09999999999997,0.7174029130595356
51.98634_5.87594_52.12453_5.88453,275,Deelen Airport,0.4986542126121791,15.377,2124,66.90432739257812,242.7,0.6690810768434385
51.99486_4.17846_52.00155_4.16380,330,Hoek van Holland,3.4337687308286684,1.25,2208,263.69866943359375,323.9,0.621683755110707
51.99756_4.35449_51.99996_4.48251,344,Rotterdam Airport,4.52967037208491,8.768,2208,179.5938720703125,334.0,0.7630603836866804
51.99925_5.87983_52.02468_5.87952,275,Deelen Airport,4.917719688395476,2.827,2187,173.57249450683594,243.09999999999997,0.6968215607276234
52.04081_6.59167_52.05126_6.61872,283,Hupsel,4.366480498851565,2.185,2193,236.03822326660156,233.60000000000002,0.8068468422319751
52.04085_5.93400_52.09016_5.95225,275,Deelen Airport,4.909256303483339,5.623,2208,110.57064819335938,243.09999999999997,0.7454113262878925
52.05126_6.61872_52.05421_6.67205,283,Hupsel,1.9752286816986315,3.661,2208,195.7490692138672,233.60000000000002,0.9014466325951056
52.05526_5.26138_52.07430_5.09570,260,De Bilt,3.9175612541118663,11.521,2208,206.71043395996094,274.6,0.8739351622047973
52.05753_5.23119_52.08063_5.21964,260,De Bilt,4.631473270343613,2.687,2208,285.4820556640625,274.6,0.7660841935794159
52.06114_5.17865_52.08326_5.16478,260,De Bilt,3.1426288203856667,2.636,2208,246.19618225097656,274.6,0.8881263913448535
52.06129_5.20613_52.08326_5.16478,260,De Bilt,3.1053330174197153,3.736,2175,214.15367126464844,274.5,0.5726413516820903
52.07430_5.09570_52.09526_5.13379,260,De Bilt,4.768464935965758,3.493,2208,371.53466796875,274.6,0.8508315537691067
52.07430_5.09570_52.10159_5.23231,260,De Bilt,1.7293941858108701,9.814,2031,228.1271514892578,254.7,0.39416790726220263
52.07608_5.15359_52.08326_5.16478,260,De Bilt,2.670705986287717,1.106,2171,346.77105712890625,274.4,0.5949519338809817
52.07951_5.13262_52.09028_5.15133,260,De Bilt,3.0934443950602497,1.752,2208,360.70794677734375,274.6,0.8869182715424848
52.08063_5.21964_52.08210_5.23963,260,De Bilt,3.9740294901196664,1.376,2169,309.15020751953125,274.4,0.5327174528368697
52.08063_5.21964_52.08326_5.16478,260,De Bilt,2.1740333901232787,3.76,2170,462.8982849121094,274.09999999999997,0.39576066571856067
52.08063_5.21964_52.08619_5.23930,260,De Bilt,3.850375804615894,1.479,2207,614.6907348632812,274.6,0.8476918430901075
52.08063_5.21964_52.09138_5.26269,260,De Bilt,4.458929263147311,3.175,2208,267.2333984375,274.6,0.85805852217441
52.08226_5.10974_52.08555_5.11609,260,De Bilt,4.920140333755524,0.568,2130,362.15966796875,246.70000000000002,0.5636544245411539
52.08226_5.10974_52.08975_5.11301,260,De Bilt,4.939726269049956,0.863,2196,638.1190795898438,271.1,0.6226880389763068
52.08250_5.14723_52.08326_5.16478,260,De Bilt,2.512218271811382,1.202,2208,387.750732421875,274.6,0.9035201405256643
52.08326_5.16478_52.08447_5.17150,260,De Bilt,1.9686077133796676,0.478,2170,596.8464965820312,274.09999999999997,0.6843784938149425
52.08604_5.12505_52.09263_5.11793,260,De Bilt,4.169246082610861,0.88,1837,620.3099975585938,189.2,0.8557294274687787
52.08728_5.18122_52.09263_5.11793,260,De Bilt,2.359545052620076,4.365,2208,260.1502685546875,274.6,0.9173428842907662
52.08873_5.10792_52.08975_5.11301,260,De Bilt,4.898557667038631,0.366,1081,665.0469970703125,124.80000000000001,0.77393946908816
52.08933_5.23837_52.10159_5.23231,260,De Bilt,3.813777479202285,1.424,2208,354.4158935546875,274.6,0.7704451303076665
52.08975_5.11301_52.09038_5.11998,260,De Bilt,4.476672153654002,0.481,2208,385.2759704589844,274.6,0.7340824691686758
52.08975_5.11301_52.09071_5.12660,260,De Bilt,4.253183850933184,0.935,2175,335.1022033691406,269.1,0.6736903075517736
52.08975_5.11301_52.09570_5.11857,260,De Bilt,4.460225049184259,0.763,2208,342.9497985839844,274.6,0.6358799968804171
52.09124_5.22260_52.10159_5.23231,260,De Bilt,3.2659865452771624,1.328,2208,467.2688903808594,274.6,0.8393640847749074
52.09263_5.11793_52.09315_5.11780,260,De Bilt,4.317501913521742,0.058,1885,3765.87451171875,219.9,0.7697175079735458
52.09263_5.11793_52.10774_5.13667,260,De Bilt,3.5997506682156994,2.112,2171,242.4930877685547,274.4,0.6218782795539909
52.09263_5.11793_52.10783_5.10577,260,De Bilt,4.655077368942222,1.883,2208,381.90362548828125,274.6,0.695161843802099
52.09420_5.10970_52.10309_5.11419,260,De Bilt,4.651041791045602,1.035,2051,486.58837890625,249.50000000000003,0.8094783236074857
52.09498_5.12700_52.09526_5.13379,260,De Bilt,3.4316527895820164,0.465,2000,418.38641357421875,189.29999999999998,0.792511074024367
52.09526_5.13379_52.09952_5.12529,260,De Bilt,3.4589925056256927,0.749,2178,380.35809326171875,255.6,0.8140979556224338
52.09934_5.21013_52.10005_5.21987,260,De Bilt,2.3909409181400965,0.67,2161,662.043212890625,264.3,0.8437975861602275
52.10159_5.23231_52.10470_5.25481,260,De Bilt,4.355406146257898,1.575,2178,253.17214965820312,264.0,0.8353036741548069
52.10159_5.23231_52.11140_5.17384,260,De Bilt,1.7336305425729084,4.139,2031,117.45476531982422,254.7,0.5806375247532843
52.10159_5.23231_52.13667_5.22209,260,De Bilt,3.8619501427111755,3.963,2208,242.9533233642578,274.6,0.9134570606851016
52.10274_6.65119_52.10477_6.64015,283,Hupsel,3.9413584184844197,0.787,2198,250.4501953125,233.3,0.6860374890364297
52.10296_5.13645_52.10774_5.13667,260,De Bilt,3.0260637957500416,0.532,2171,696.237060546875,274.4,0.410569633721097
52.10309_5.11419_52.10353_5.10458,260,De Bilt,4.837235800180704,0.658,466,213.85702514648438,74.30000000000001,0.5195557977269647
52.10309_5.11419_52.11398_5.10340,260,De Bilt,4.954964448416015,1.417,2208,324.10284423828125,274.6,0.5992328125604539
52.10831_5.12051_52.11398_5.10340,260,De Bilt,4.809664452414532,1.327,2208,342.481689453125,274.6,0.5150731696056559
52.11140_5.17384_52.12169_5.18640,260,De Bilt,1.8397408552057484,1.43,2208,759.281982421875,274.6,0.7332517387994971
52.11689_4.42146_52.14965_4.45040,210,VALKENBURG VK,4.214852749894055,4.144,2206,290.86138916015625,273.1,0.7255971342157254
52.12581_4.48624_52.16306_4.47608,210,VALKENBURG VK,4.572253784630582,4.199,2208,293.4884033203125,277.6,0.7085432386621972
52.14037_4.47943_52.14205_4.48794,210,VALKENBURG VK,4.9381766258331234,0.61,2170,447.84283447265625,277.3,0.45042534768705866
52.14205_4.48794_52.14523_4.47538,210,VALKENBURG VK,4.655645010724212,0.927,2170,368.74462890625,277.3,0.45191494228480406
52.14272_4.39271_52.14471_4.40308,210,VALKENBURG VK,3.7418650657811314,0.742,1989,322.95703125,228.79999999999998,0.761664283307917
52.14272_4.39271_52.14760_4.39724,210,VALKENBURG VK,3.7368994415396672,0.624,2135,273.8402099609375,264.20000000000005,0.710880931821521
52.14272_4.39271_52.15304_4.40255,210,VALKENBURG VK,3.3889346572288948,1.33,2208,580.9655151367188,277.6,0.7869146526270441
52.14299_4.45330_52.15445_4.46196,210,VALKENBURG VK,3.1128623603536956,1.405,2208,417.73748779296875,277.6,0.7608417452166213
52.14455_4.37631_52.16306_4.47608,210,VALKENBURG VK,1.9295341456884678,7.111,2170,223.00173950195312,277.3,0.5045656206922577
52.14523_4.47538_52.16306_4.47608,210,VALKENBURG VK,3.638979486582305,1.983,2170,230.23385620117188,277.3,0.571264422738881
52.14523_4.47538_52.16576_4.44860,210,VALKENBURG VK,2.7809249747780065,2.924,2208,375.0794372558594,277.6,0.7989887008486192
52.14538_4.46170_52.14965_4.45040,210,VALKENBURG VK,3.158670664302387,0.905,2208,499.7120361328125,277.6,0.7073856108941321
52.14716_4.50074_52.15899_4.49074,210,VALKENBURG VK,4.907176019359565,1.482,2170,403.8028564453125,277.3,0.4769817694147522
52.14757_4.41434_52.17988_4.43294,210,VALKENBURG VK,0.9179020343244995,3.811,2208,306.63885498046875,277.6,0.851457381253471
52.14965_4.45040_52.15602_4.44458,210,VALKENBURG VK,2.345865994369781,0.812,1898,439.44439697265625,232.60000000000002,0.7568974539051292
52.15304_4.40255_52.16306_4.47608,210,VALKENBURG VK,1.5739106495185018,5.138,2170,189.5603790283203,277.3,0.6757319164641109
52.15445_4.46196_52.16445_4.46053,210,VALKENBURG VK,2.488161658316741,1.116,2203,369.16668701171875,277.2,0.7616989676298292
52.15899_4.49074_52.16306_4.47608,210,VALKENBURG VK,3.8079144111362933,1.097,2170,389.384521484375,277.3,0.5305313448585719
52.16070_4.47812_52.16624_4.48230,210,VALKENBURG VK,3.5253231952745456,0.679,2208,566.80126953125,277.6,0.7897400078314
52.16306_4.47608_52.16445_4.46053,210,VALKENBURG VK,2.7338794096450556,1.072,2170,371.5443420410156,277.3,0.6318483815803786
52.16306_4.47608_52.16700_4.47203,210,VALKENBURG VK,3.0770673307284113,0.518,2140,411.7928771972656,237.8,0.7560877381508795
52.16306_4.47608_52.16710_4.50613,210,VALKENBURG VK,4.219106309345396,2.098,2170,255.5792236328125,277.3,0.5394858110016604
52.16306_4.47608_52.17143_4.47522,210,VALKENBURG VK,3.1411851359954803,0.933,2170,305.38323974609375,277.3,0.6176909355215476
52.16306_4.47608_52.17988_4.43294,210,VALKENBURG VK,1.6723093670066305,3.487,2170,161.10745239257812,277.3,0.6480372679957848
52.16306_4.47608_52.18023_4.46485,210,VALKENBURG VK,2.760491719877063,2.057,2170,194.91580200195312,277.3,0.6374464300831373
52.16306_4.47608_52.18880_4.44545,210,VALKENBURG VK,2.168393795209972,3.544,2170,211.37254333496094,277.3,0.6777237757166263
52.16306_4.47608_52.19550_4.48267,210,VALKENBURG VK,3.4905142608103477,3.636,2208,357.22967529296875,277.6,0.8546822886674521
52.16306_4.47608_52.21432_4.43446,210,VALKENBURG VK,2.614945220506946,6.368,2170,168.369873046875,277.3,0.5989330243232335
52.16306_4.47608_52.22818_4.44021,210,VALKENBURG VK,3.343145623321233,7.643,2208,246.66778564453125,277.6,0.839998560921198
52.16476_4.49258_52.16710_4.50613,210,VALKENBURG VK,4.76352999450015,0.96,2208,420.3500061035156,277.6,0.6531657225418152
52.17143_4.47522_52.17194_4.48617,210,VALKENBURG VK,3.4580445393894172,0.749,1031,330.9233093261719,131.6,0.7659989318229281
52.17703_4.49618_52.18040_4.50202,210,VALKENBURG VK,4.789439789369293,0.547,1200,376.1690673828125,182.6,0.7485525363418779
52.17703_4.49618_52.19550_4.48267,210,VALKENBURG VK,4.39306137566717,2.252,2208,354.45623779296875,277.6,0.743082274394009
52.17988_4.43294_52.19143_4.42714,210,VALKENBURG VK,1.629566183276118,1.343,2208,245.07489013671875,277.6,0.661573606327428
52.18694_4.47494_52.18880_4.44545,210,VALKENBURG VK,2.7852378332388437,2.021,2170,227.91001892089844,277.3,0.6263990544677018
52.19954_4.43334_52.21432_4.43446,210,VALKENBURG VK,4.004075164887949,1.645,2171,212.32408142089844,277.3,0.5974629751754296
52.20142_4.39683_52.20328_4.39762,210,VALKENBURG VK,4.1405699301083745,0.213,1326,206.17446899414062,125.4,0.6744570862739303
52.20142_4.39683_52.21432_4.43446,210,VALKENBURG VK,4.214929319473135,2.937,2170,177.34205627441406,277.3,0.5676542846750231
52.20378_4.43088_52.21432_4.43446,210,VALKENBURG VK,4.2348857746719455,1.197,2208,257.56085205078125,277.6,0.6394925412197604
52.20870_4.41028_52.21432_4.43446,210,VALKENBURG VK,4.534439628282595,1.762,2208,276.5953063964844,277.6,0.6302831906126902
52.22005_6.90383_52.23949_6.89110,290,Twenthe Airport,4.937809326544487,2.33,2173,226.91763305664062,230.9,0.6988932795851989
52.22005_6.90383_52.25566_6.96198,290,Twenthe Airport,4.928416631843898,5.6,2187,192.85812377929688,231.0,0.692028173884349
52.22005_6.90383_52.28056_6.96835,290,Twenthe Airport,4.044605012139352,8.035,2170,109.86466979980469,230.7,0.6565611485113566
52.22005_6.90383_52.29401_6.88765,290,Twenthe Airport,1.9143520530241598,8.297,2167,130.40235900878906,229.89999999999998,0.7098111880776884
52.22005_6.90383_52.34687_6.85564,290,Twenthe Airport,1.3014740523238817,14.478,2171,94.33287048339844,230.9,0.6924153021726317
52.22814_6.89082_52.23764_6.90024,290,Twenthe Airport,4.581618297524476,1.236,2208,249.73049926757812,231.0,0.7872450885395015
52.23762_6.86040_52.23949_6.89110,290,Twenthe Airport,4.075705600938289,2.101,835,64.45608520507812,83.0,0.8328914840703451
52.23766_6.86088_52.23949_6.89110,290,Twenthe Airport,4.069423052982487,2.067,1392,134.63514709472656,148.0,0.8297341959815038
52.24022_6.91597_52.24979_6.91233,290,Twenthe Airport,3.588506712138795,1.093,2170,185.6788330078125,230.7,0.6032125116584653
52.25759_6.81095_52.28396_6.84617,290,Twenthe Airport,4.2635993655515225,3.787,2170,121.14027404785156,230.7,0.6529920892179284
52.25855_4.78413_52.29289_4.78705,240,Schiphol Airport,4.710883404963215,3.823,2208,287.9239501953125,369.1,0.7068313498433101
52.25855_4.78413_52.33636_4.88746,240,Schiphol Airport,3.8616829777856685,11.146,2172,238.44012451171875,368.9,0.7198210804989619
52.26181_6.81876_52.28958_6.82124,290,Twenthe Airport,4.834331674491586,3.092,2208,138.59378051757812,231.0,0.8154159691441919
52.28093_4.83520_52.28180_4.82354,240,Schiphol Airport,4.874577850929133,0.799,2178,547.0704345703125,365.4,0.6455876846625965
52.29401_6.88765_52.31311_6.90806,290,Twenthe Airport,3.319830596215044,2.538,2167,162.72491455078125,229.89999999999998,0.5007620972083828
52.29965_4.84674_52.30958_4.87340,240,Schiphol Airport,4.9905625087374865,2.123,2208,402.53607177734375,369.1,0.6535048744197807
52.30266_4.86028_52.30289_4.85682,240,Schiphol Airport,4.958200255032728,0.236,2208,148.11041259765625,369.1,0.5191672383027117
52.31251_6.93113_52.31311_6.90806,290,Twenthe Airport,4.733422980832243,1.57,1994,160.62393188476562,204.60000000000002,0.6121141320206054
52.31311_6.90806_52.31370_6.92497,290,Twenthe Airport,4.712730763870519,1.152,1152,292.39813232421875,118.6,0.6906248766165684
52.31678_4.86217_52.32224_4.85800,240,Schiphol Airport,4.766635084868129,0.67,2208,430.5712890625,369.1,0.6508363576905879
52.32059_4.75490_52.35489_4.78094,240,Schiphol Airport,2.658832475666712,4.204,2208,298.88543701171875,369.1,0.7666142475908668
52.32922_4.78574_52.35512_4.84136,240,Schiphol Airport,3.1279419401903135,4.751,2171,285.17230224609375,368.9,0.524056398300497
52.33332_4.77180_52.33424_4.78316,240,Schiphol Airport,1.950068407776573,0.779,1868,431.6227722167969,259.0,0.6980315771890435
52.33332_4.77180_52.34094_4.76953,240,Schiphol Airport,2.500250229765139,0.861,2142,411.6701965332031,341.8,0.7148689317220347
52.33332_4.77180_52.34142_4.78472,240,Schiphol Airport,2.2968586709917913,1.259,2190,417.82440185546875,363.6,0.6892678853060507
52.33332_4.77180_52.35512_4.84136,240,Schiphol Airport,3.125641466513981,5.311,2170,215.1572265625,366.8,0.4499435118591712
52.33400_4.79777_52.37891_4.82124,240,Schiphol Airport,4.476649672314044,5.242,619,34.172569274902344,91.0,0.7800687864779632
52.33636_4.88746_52.35380_4.79083,240,Schiphol Airport,4.496535049702375,6.844,2171,231.41952514648438,368.9,0.5638427888495652
52.33769_4.80947_52.33960_4.82709,240,Schiphol Airport,2.9938444448837576,1.216,2126,596.7783203125,368.29999999999995,0.6931391089253992
52.33960_4.82709_52.34443_4.83995,240,Schiphol Airport,3.984520341430065,1.026,2192,510.3298645019531,368.6,0.6200326773605604
52.34261_4.81210_52.35512_4.84136,240,Schiphol Airport,4.2435172485467945,2.425,2170,316.25286865234375,366.8,0.4624585628473628
52.34443_4.83995_52.34748_4.85044,240,Schiphol Airport,4.871204505711369,0.789,1959,749.430419921875,308.7,0.6321525955213354
52.34443_4.83995_52.35123_4.82821,240,Schiphol Airport,4.469130337212429,1.099,2157,599.931884765625,365.70000000000005,0.5243504577469479
52.35512_4.84136_52.35931_4.80688,240,Schiphol Airport,4.938410788107104,2.387,2190,320.50982666015625,368.4,0.5532601350020195
52.38676_6.27722_52.40913_6.31864,278,Heino,4.89366295604077,3.753,2171,159.73538208007812,238.20000000000002,0.7235341808801883
52.38676_6.27722_52.42430_6.24412,278,Heino,3.2788753619098103,4.74,2171,113.24429321289062,238.20000000000002,0.7230874480928471
52.43534_5.56481_52.52610_5.43784,269,Lelystad Airport,2.825370664015376,13.258,2171,126.36137390136719,296.4,0.5672745624580775
52.44157_6.23156_52.50907_6.26187,278,Heino,4.560010412826566,7.781,2171,125.18780517578125,238.20000000000002,0.6010287413533367
52.46804_4.64595_52.47088_4.62372,257,Wijk aan Zee,4.599449072263246,1.539,2208,368.4589538574219,265.20000000000005,0.5946451972303982
52.47086_4.67132_52.47088_4.62372,257,Wijk aan Zee,4.934136547294438,3.224,2208,248.284912109375,265.20000000000005,0.6288639382005229
52.47088_4.62372_52.48450_4.60226,257,Wijk aan Zee,3.2197740503473393,2.098,2171,291.23736572265625,265.20000000000005,0.6673833101321371
52.47088_4.62372_52.48803_4.64455,257,Wijk aan Zee,3.6270769572027004,2.372,2208,270.8524475097656,265.20000000000005,0.6306787584244514
52.47846_4.66193_52.48180_4.65438,257,Wijk aan Zee,4.713643348073915,0.632,541,31.692975997924805,75.9,0.551918539414692
52.47846_4.66193_52.49538_4.66412,257,Wijk aan Zee,4.584014988725839,1.887,2181,515.8133544921875,261.6,0.6799358289230063
52.49538_4.66412_52.51251_4.68449,257,Wijk aan Zee,4.831586824207558,2.352,2208,313.6980285644531,265.20000000000005,0.6914218430066243
52.49538_4.66412_52.52005_4.65572,257,Wijk aan Zee,3.857103403639733,2.802,2171,187.76112365722656,265.20000000000005,0.6473470573455077
52.50761_4.66112_52.52005_4.65572,257,Wijk aan Zee,3.850334678927915,1.431,2171,206.43460083007812,265.20000000000005,0.628372621007424
52.63572_5.01129_52.64995_5.05378,249,Berkhout,3.6143418362028212,3.275,2208,276.53448486328125,352.2,0.7605188637438104
52.63857_4.89361_52.65309_4.94532,249,Berkhout,4.0218545801079735,3.845,2208,264.2561340332031,352.2,0.66077723227168
52.70767_5.87082_52.78255_5.86518,273,Marknesse,4.872297586081944,8.335,2186,298.6887512207031,394.20000000000005,0.6351900317029723
52.86589_5.45489_52.91514_5.45430,267,Stavoren,4.808280775470703,5.476,2208,222.19996643066406,326.1,0.6562948032756523
52.88765_5.36368_52.91514_5.45430,267,Stavoren,1.7181699008312474,6.803,2208,259.9483642578125,326.1,0.7915650537402255
52.90158_4.73040_52.93079_4.76704,235,De Kooy Airport,2.5316095804143264,4.073,2208,222.03372192382812,237.0,0.8801613180116654
52.93728_4.74800_52.94815_4.75452,235,De Kooy Airport,2.57873926085971,1.285,2208,327.52423095703125,237.0,0.7726379815454744
52.94786_4.76481_52.95746_4.75778,235,De Kooy Airport,3.043445546797601,1.166,2177,359.7232360839844,237.0,0.49726719586221924
52.94786_4.76481_52.96308_4.76623,235,De Kooy Airport,3.2258550521868,1.695,2208,307.93780517578125,237.0,0.7292835218693059
52.94815_4.75452_52.95746_4.75778,235,De Kooy Airport,3.22189687235368,1.058,2177,513.6043090820312,237.0,0.6047968806264542
53.07618_6.58529_53.08600_6.60272,280,Groningen Airport Eelde,4.919445869697979,1.596,2170,315.39874267578125,284.20000000000005,0.5820068369177801
53.13050_6.58641_53.16868_6.59599,280,Groningen Airport Eelde,2.765388036881541,4.294,2208,222.90463256835938,284.3,0.8344384192808548
53.14307_6.63271_53.16868_6.59599,280,Groningen Airport Eelde,3.9520873245059884,3.756,2208,267.10870361328125,284.3,0.7591608966835456
53.14836_7.12605_53.17761_7.20104,286,Nieuw Beerta,3.7804472143413714,5.964,0,0.0,0.0,
53.16440_6.62517_53.16868_6.59599,280,Groningen Airport Eelde,4.924022595637835,2.003,2208,273.170166015625,284.3,0.7243202308286213
53.18507_5.79855_53.18824_5.76502,270,Leeuwarden Airport,4.602057763836517,2.262,2208,358.7365417480469,373.1,0.7915242912707345
53.18507_5.79855_53.19365_5.80021,270,Leeuwarden Airport,4.979257344695106,0.961,2171,456.57537841796875,372.0,0.6741379725115467
53.18507_5.79855_53.19484_5.76710,270,Leeuwarden Airport,4.306428518245648,2.36,2171,315.16241455078125,372.0,0.7212141895485462
53.18507_5.79855_53.19677_5.78748,270,Leeuwarden Airport,4.581601122483792,1.495,2208,441.1123046875,373.1,0.8132532168724863
53.18507_5.79855_53.20255_5.64241,270,Leeuwarden Airport,3.9592140491820453,10.582,2174,191.1624755859375,372.90000000000003,0.7833201345739684
53.18507_5.79855_53.20519_5.79996,270,Leeuwarden Airport,4.4953593749272995,2.239,2208,333.359130859375,373.1,0.8124155121932715
53.18507_5.79855_53.21361_5.78964,270,Leeuwarden Airport,3.9212797033513183,3.229,2174,247.5931396484375,372.90000000000003,0.742362086254729
53.19171_5.77704_53.19484_5.76710,270,Leeuwarden Airport,3.668604499975118,0.748,835,149.118408203125,115.5,0.18879921871743524
53.19171_5.77704_53.20854_5.76708,270,Leeuwarden Airport,2.9719026013735297,1.986,823,108.86863708496094,115.5,0.7922338748076984
53.19181_5.77704_53.19484_5.76710,270,Leeuwarden Airport,3.66342713204331,0.743,1392,341.46856689453125,263.40000000000003,0.7860075043911433
53.19181_5.77704_53.20866_5.76719,270,Leeuwarden Airport,2.9626346804937693,1.985,1392,258.739013671875,263.40000000000003,0.8627593775664
53.19365_5.80021_53.21253_5.81705,270,Leeuwarden Airport,4.430047056438414,2.381,2171,304.94781494140625,372.0,0.6983608169106323
53.19484_5.76710_53.20591_5.72024,270,Leeuwarden Airport,2.684907005329248,3.355,2208,307.19781494140625,373.1,0.8765756315990616
53.19996_5.77186_53.20545_5.77688,270,Leeuwarden Airport,2.7974555762324096,0.696,2208,750.1497802734375,373.1,0.8034197481411758
53.20002_5.81938_53.20612_5.81541,270,Leeuwarden Airport,4.937401091672672,0.728,2038,1040.8267822265625,281.0,0.557828454407032
53.20545_5.77688_53.21361_5.78964,270,Leeuwarden Airport,2.630768736090134,1.244,2174,437.0111999511719,372.90000000000003,0.749788988778997
53.36582_5.22203_53.40141_5.34889,251,Hoorn Terschelling,4.121629230400043,9.298,0,0.0,0.0,
