Link,Direction,Sublink,NearLatitude_DecDeg,NearLongitude_DecDeg,FarLatitude_DecDeg,FarLongitude_DecDeg,Frequency_GHz,Polarization,Length_km,NearAntennaDiameter_m,FarAntennaDiameter_m
10001,A,195,57.70368,11.99507,57.69785,11.9911,28.2065,Vertical,0.69144,0.3,0.3
10001,B,194,57.69785,11.9911,57.70368,11.99507,29.2145,Vertical,0.69144,0.3,0.3
10002,A,253,57.72539,11.98181,57.72285,11.97265,38.528,Vertical,0.61455,0.2,0.2
10002,B,254,57.72285,11.97265,57.72539,11.98181,37.268,Vertical,0.61455,0.2,0.2
10003,A,209,57.69247,11.97496,57.69406,11.97951,38.528,Vertical,0.32374,0.3,0.3
10003,B,210,57.69406,11.97951,57.69247,11.97496,37.268,Vertical,0.32374,0.3,0.3
10004,A,616,57.70668,11.97285,57.70194,11.97488,28.2345,Vertical,0.54124,0.3,0.3
10004,B,615,57.70194,11.97488,57.70668,11.97285,29.2425,Vertical,0.54124,0.3,0.3
10005,A,621,57.69318,11.95387,57.70321,11.95678,32.361,Vertical,1.12973,0.3,0.3
10005,B,622,57.70321,11.95678,57.69318,11.95387,33.173,Vertical,1.12973,0.3,0.3
10006,A,509,57.69694,11.95513,57.70321,11.95678,37.24,Vertical,0.70481,0.2,0.3
10006,B,510,57.70321,11.95678,57.69694,11.95513,38.5,Vertical,0.70481,0.3,0.2
10007,A,471,57.70669,11.96462,57.70321,11.95678,37.324,Vertical,0.60759,0.3,0.3
10007,B,472,57.70321,11.95678,57.70669,11.96462,38.584,Vertical,0.60759,0.3,0.3
10008,A,135,57.69518,11.96623,57.69562,11.9726,38.556,Vertical,0.38288,0.2,0.2
10008,B,136,57.69562,11.9726,57.69518,11.96623,37.296,Vertical,0.38288,0.2,0.2
10009,A,16,57.69989,11.97369,57.71181,11.98477,37.24,Vertical,1.48256,0.3,0.3
10009,B,15,57.71181,11.98477,57.69989,11.97369,38.5,Vertical,1.48256,0.3,0.3
10010,A,587,57.69959,11.93678,57.70321,11.95678,32.445,Vertical,1.25841,0.3,0.3
10010,B,588,57.70321,11.95678,57.69959,11.93678,33.257,Vertical,1.25841,0.3,0.3
10011,A,372,57.71352,11.97777,57.71181,11.98477,37.324,Vertical,0.45866,0.3,0.3
10011,B,371,57.71181,11.98477,57.71352,11.97777,38.584,Vertical,0.45866,0.3,0.3
10012,A,196,57.70194,11.97488,57.69785,11.9911,28.1785,Vertical,1.06883,0.3,0.3
10012,B,193,57.69785,11.9911,57.70194,11.97488,29.1865,Vertical,1.06883,0.3,0.3
10013,A,646,57.70525,11.96184,57.70669,11.96462,38.444,Vertical,0.23118,0.3,0.3
10013,B,645,57.70669,11.96462,57.70525,11.96184,37.184,Vertical,0.23118,0.3,0.3
10014,A,76,57.72125,11.96431,57.72285,11.97265,37.324,Vertical,0.52844,0.3,0.3
10014,B,75,57.72285,11.97265,57.72125,11.96431,38.584,Vertical,0.52844,0.3,0.3
10015,A,614,57.71994,11.99954,57.71181,11.98477,32.361,Vertical,1.26166,0.3,0.3
10015,B,613,57.71181,11.98477,57.71994,11.99954,33.173,Vertical,1.26166,0.3,0.3
10016,A,639,57.7116,11.94496,57.70993,11.91663,38.556,Vertical,1.69841,0.3,0.3
10016,B,640,57.70993,11.91663,57.7116,11.94496,37.296,Vertical,1.69841,0.3,0.3
10017,A,581,57.70174,11.91605,57.72355,11.8898,37.296,Vertical,2.88797,0.3,0.3
10017,B,579,57.72355,11.8898,57.70174,11.91605,38.528,Vertical,2.88797,0.3,0.3
10018,A,602,57.70696,11.90607,57.70321,11.95678,32.333,Vertical,3.05198,0.3,0.3
10018,B,601,57.70321,11.95678,57.70696,11.90607,33.145,Vertical,3.05198,0.3,0.3
10019,A,465,57.67562,11.93377,57.69174,11.92386,32.361,Vertical,1.88906,0.3,0.3
10019,B,464,57.69174,11.92386,57.67562,11.93377,33.173,Vertical,1.88906,0.3,0.3
10020,A,466,57.68762,11.93019,57.67562,11.93377,33.229,Vertical,1.35341,0.3,0.3
10020,B,463,57.67562,11.93377,57.68762,11.93019,32.417,Vertical,1.35341,0.3,0.3
10021,A,8,57.68384,11.91071,57.69174,11.92386,37.296,Vertical,1.17769,0.3,0.3
10021,B,7,57.69174,11.92386,57.68384,11.91071,38.556,Vertical,1.17769,0.3,0.3
10022,A,354,57.68889,11.97322,57.68479,11.96203,29.2705,Vertical,0.80947,0.3,0.3
10022,B,353,57.68479,11.96203,57.68889,11.97322,28.2625,Vertical,0.80947,0.3,0.3
10023,A,5,57.68946,11.97961,57.69179,11.98384,38.556,Vertical,0.36201,0.3,0.3
10023,B,6,57.69179,11.98384,57.68946,11.97961,37.296,Vertical,0.36201,0.3,0.3
10024,A,409,57.68678,11.99449,57.68652,11.98636,29.2705,Vertical,0.48581,0.3,0.3
10024,B,411,57.68652,11.98636,57.68678,11.99449,28.2625,Vertical,0.48581,0.3,0.3
10025,A,540,57.68726,12.01062,57.68321,12.01219,29.2425,Vertical,0.45982,0.3,0.3
10025,B,539,57.68321,12.01219,57.68726,12.01062,28.2345,Vertical,0.45982,0.3,0.3
10026,A,62,57.69675,12.00068,57.68905,11.99701,38.584,Vertical,0.8853,0.3,0.3
10026,B,61,57.68905,11.99701,57.69675,12.00068,37.324,Vertical,0.8853,0.3,0.3
10027,A,541,57.71342,12.00212,57.71181,11.98477,37.212,Vertical,1.04943,0.3,0.3
10027,B,542,57.71181,11.98477,57.71342,12.00212,38.472,Vertical,1.04943,0.3,0.3
10028,A,205,57.71203,12.00531,57.70923,12.00797,37.268,Vertical,0.34919,0.3,0.3
10028,B,206,57.70923,12.00797,57.71203,12.00531,38.528,Vertical,0.34919,0.3,0.3
10029,A,186,57.73101,12.00092,57.71994,11.99954,38.528,Vertical,1.23503,0.3,0.3
10029,B,185,57.71994,11.99954,57.73101,12.00092,37.268,Vertical,1.23503,0.3,0.3
10030,A,46,57.71121,12.01629,57.75606,12.06644,23.142,Vertical,5.81845,0.3,0.3
10030,B,45,57.75606,12.06644,57.71121,12.01629,22.134,Vertical,5.81845,0.3,0.3
10031,A,202,57.70375,12.01851,57.70923,12.00797,37.268,Vertical,0.87633,0.3,0.3
10031,B,204,57.70923,12.00797,57.70375,12.01851,38.528,Vertical,0.87633,0.3,0.3
10032,A,154,57.70804,12.0247,57.75606,12.06644,18.25,Vertical,5.89528,0.3,0.6
10032,B,153,57.75606,12.06644,57.70804,12.0247,19.26,Vertical,5.89528,0.6,0.3
10033,A,526,57.72164,12.01893,57.75606,12.06644,28.1785,Vertical,4.76333,0.6,0.6
10033,B,525,57.75606,12.06644,57.72164,12.01893,29.1865,Vertical,4.76333,0.6,0.6
10034,A,109,57.69548,11.98022,57.69785,11.9911,37.296,Vertical,0.70039,0.2,0.3
10034,B,110,57.69785,11.9911,57.69548,11.98022,38.556,Vertical,0.70039,0.3,0.2
10035,A,468,57.68063,11.97853,57.68479,11.96203,29.1865,Vertical,1.08746,0.3,0.3
10035,B,467,57.68479,11.96203,57.68063,11.97853,28.1785,Vertical,1.08746,0.3,0.3
10036,A,458,57.70907,11.97594,57.71181,11.98477,37.324,Vertical,0.60877,0.3,0.3
10036,B,457,57.71181,11.98477,57.70907,11.97594,38.584,Vertical,0.60877,0.3,0.3
10037,A,534,57.69268,11.93549,57.6953,11.94063,38.556,Vertical,0.42314,0.2,0.2
10037,B,533,57.6953,11.94063,57.69268,11.93549,37.296,Vertical,0.42314,0.2,0.2
10038,A,662,57.68474,11.93067,57.68762,11.93019,37.24,Vertical,0.32284,0.2,0.3
10038,B,661,57.68762,11.93019,57.68474,11.93067,38.5,Vertical,0.32284,0.3,0.2
10039,A,436,57.69463,11.94463,57.6953,11.94063,38.528,Vertical,0.24982,0.2,0.2
10039,B,435,57.6953,11.94063,57.69463,11.94463,37.268,Vertical,0.24982,0.2,0.2
10040,A,198,57.67704,12.03469,57.67648,12.09582,28.2065,Vertical,3.64788,0.3,0.3
10040,B,197,57.67648,12.09582,57.67704,12.03469,29.2145,Vertical,3.64788,0.3,0.3
10041,A,208,57.71552,12.05015,57.70923,12.00797,32.333,Vertical,2.61002,0.3,0.3
10041,B,207,57.70923,12.00797,57.71552,12.05015,33.145,Vertical,2.61002,0.3,0.3
10042,A,651,57.72651,12.02188,57.72567,12.04335,38.318,Vertical,1.28298,0.3,0.3
10042,B,652,57.72567,12.04335,57.72651,12.02188,37.324,Vertical,1.28298,0.3,0.3
10043,A,568,57.73319,12.02358,57.71552,12.05015,33.229,Vertical,2.52495,0.3,0.3
10043,B,567,57.71552,12.05015,57.73319,12.02358,32.417,Vertical,2.52495,0.3,0.3
10044,A,552,57.75823,12.07351,57.75606,12.06644,28.2065,Vertical,0.48522,0.3,0.3
10044,B,551,57.75606,12.06644,57.75823,12.07351,29.2145,Vertical,0.48522,0.3,0.3
10045,A,9,57.72942,12.01415,57.70923,12.00797,37.212,Vertical,2.27772,0.3,0.3
10045,B,10,57.70923,12.00797,57.72942,12.01415,38.318,Vertical,2.27772,0.3,0.3
10046,A,59,57.74688,12.0334,57.75606,12.06644,37.24,Vertical,2.21697,0.3,0.3
10046,B,60,57.75606,12.06644,57.74688,12.0334,38.682,Vertical,2.21697,0.3,0.3
10047,A,600,57.75954,12.05935,57.75606,12.06644,37.24,Vertical,0.57311,0.3,0.3
10047,B,599,57.75606,12.06644,57.75954,12.05935,38.5,Vertical,0.57311,0.3,0.3
10048,A,580,57.71614,11.89689,57.72355,11.8898,37.212,Vertical,0.92618,0.3,0.3
10048,B,577,57.72355,11.8898,57.71614,11.89689,38.472,Vertical,0.92618,0.3,0.3
10049,A,582,57.73263,11.89616,57.72355,11.8898,37.24,Vertical,1.07927,0.3,0.3
10049,B,578,57.72355,11.8898,57.73263,11.89616,38.5,Vertical,1.07927,0.3,0.3
10050,A,13,57.72874,11.93552,57.72946,11.91532,38.528,Vertical,1.20565,0.3,0.3
10050,B,14,57.72946,11.91532,57.72874,11.93552,37.268,Vertical,1.20565,0.3,0.3
10051,A,308,57.73374,11.97313,57.72285,11.97265,37.24,Vertical,1.21279,0.3,0.3
10051,B,307,57.72285,11.97265,57.73374,11.97313,38.5,Vertical,1.21279,0.3,0.3
10052,A,170,57.70604,11.88968,57.72355,11.8898,37.156,Vertical,1.94873,0.3,0.3
10052,B,169,57.72355,11.8898,57.70604,11.88968,38.416,Vertical,1.94873,0.3,0.3
10053,A,116,57.69631,11.8446,57.71251,11.78202,37.212,Vertical,4.14327,0.3,0.6
10053,B,117,57.71251,11.78202,57.69631,11.8446,38.472,Vertical,4.14327,0.6,0.3
10054,A,403,57.69755,11.82252,57.71251,11.78202,28.1785,Vertical,2.93255,0.3,0.3
10054,B,404,57.71251,11.78202,57.69755,11.82252,29.1865,Vertical,2.93255,0.3,0.3
10055,A,141,57.72946,11.91532,57.72285,11.97265,32.417,Vertical,3.4941,0.3,0.3
10055,B,142,57.72285,11.97265,57.72946,11.91532,33.229,Vertical,3.4941,0.3,0.3
10056,A,460,57.73922,11.89385,57.72355,11.8898,28.2065,Vertical,1.76063,0.3,0.3
10056,B,459,57.72355,11.8898,57.73922,11.89385,29.2145,Vertical,1.76063,0.3,0.3
10057,A,278,57.74482,11.96684,57.74166,11.97426,28.2065,Vertical,0.5648,0.3,0.3
10057,B,277,57.74166,11.97426,57.74482,11.96684,29.2145,Vertical,0.5648,0.3,0.3
10058,A,520,57.73264,11.98832,57.74716,11.99763,28.206,Vertical,1.70875,0.3,0.3
10058,B,519,57.74716,11.99763,57.73264,11.98832,29.214,Vertical,1.70875,0.3,0.3
10059,A,331,57.75482,11.92055,57.72355,11.8898,28.1785,Vertical,3.93376,0.3,0.6
10059,B,332,57.72355,11.8898,57.75482,11.92055,29.1865,Vertical,3.93376,0.6,0.3
10060,A,557,57.75177,12.02825,57.75251,12.03854,28.2065,Vertical,0.61843,0.3,0.3
10060,B,555,57.75251,12.03854,57.75177,12.02825,29.2145,Vertical,0.61843,0.3,0.3
10061,A,252,57.65667,11.9206,57.65076,11.91455,28.2065,Vertical,0.75079,0.3,0.3
10061,B,251,57.65076,11.91455,57.65667,11.9206,29.2145,Vertical,0.75079,0.3,0.3
10062,A,108,57.66089,11.89823,57.65076,11.91455,28.2345,Vertical,1.48993,0.3,0.3
10062,B,107,57.65076,11.91455,57.66089,11.89823,29.2425,Vertical,1.48993,0.3,0.3
10063,A,362,57.66005,11.84844,57.67353,11.88469,38.556,Vertical,2.6328,0.3,0.3
10063,B,361,57.67353,11.88469,57.66005,11.84844,37.296,Vertical,2.6328,0.3,0.3
10064,A,164,57.6614,11.94447,57.62855,11.9672,28.2345,Vertical,3.90091,0.3,0.3
10064,B,163,57.62855,11.9672,57.6614,11.94447,29.2425,Vertical,3.90091,0.3,0.3
10065,A,433,57.66768,11.92472,57.65076,11.91455,28.2625,Vertical,1.97961,0.3,0.3
10065,B,432,57.65076,11.91455,57.66768,11.92472,29.2705,Vertical,1.97961,0.3,0.3
10066,A,477,57.67465,11.92586,57.67292,11.91856,38.584,Vertical,0.47603,0.3,0.3
10066,B,478,57.67292,11.91856,57.67465,11.92586,37.324,Vertical,0.47603,0.3,0.3
10067,A,530,57.65008,11.94072,57.62855,11.9672,28.1785,Horizontal,2.87101,0.3,0.3
10067,B,529,57.62855,11.9672,57.65008,11.94072,29.1865,Horizontal,2.87101,0.3,0.3
10068,A,396,57.67353,11.88469,57.68388,11.89021,33.201,Vertical,1.19897,0.3,0.3
10068,B,395,57.68388,11.89021,57.67353,11.88469,32.389,Vertical,1.19897,0.3,0.3
10069,A,617,57.66592,11.8706,57.67353,11.88469,38.528,Vertical,1.19374,0.3,0.3
10069,B,618,57.67353,11.88469,57.66592,11.8706,37.268,Vertical,1.19374,0.3,0.3
10070,A,441,57.66825,11.90908,57.65667,11.9206,29.2145,Vertical,1.46146,0.3,0.3
10070,B,442,57.65667,11.9206,57.66825,11.90908,28.2065,Vertical,1.46146,0.3,0.3
10071,A,504,57.68,11.94532,57.68479,11.96203,29.2425,Vertical,1.1302,0.3,0.3
10071,B,503,57.68479,11.96203,57.68,11.94532,28.2345,Vertical,1.1302,0.3,0.3
10072,A,476,57.67292,11.91856,57.69174,11.92386,32.417,Vertical,2.11808,0.3,0.3
10072,B,475,57.69174,11.92386,57.67292,11.91856,33.229,Vertical,2.11808,0.3,0.3
10073,A,178,57.72136,11.94161,57.71274,11.89114,29.2145,Vertical,3.15745,0.3,0.3
10073,B,177,57.71274,11.89114,57.72136,11.94161,28.2065,Vertical,3.15745,0.3,0.3
10074,A,603,57.70585,11.92181,57.70321,11.95678,32.417,Vertical,2.10585,0.3,0.3
10074,B,604,57.70321,11.95678,57.70585,11.92181,33.229,Vertical,2.10585,0.3,0.3
10075,A,93,57.74166,11.97426,57.75058,11.98804,29.2145,Vertical,1.28815,0.3,0.3
10075,B,94,57.75058,11.98804,57.74166,11.97426,28.2065,Vertical,1.28815,0.3,0.3
10076,A,456,57.70446,11.9682,57.70274,11.96346,38.556,Vertical,0.34109,0.3,0.3
10076,B,455,57.70274,11.96346,57.70446,11.9682,37.058,Vertical,0.34109,0.3,0.3
10077,A,439,57.66302,11.91512,57.65667,11.9206,29.2705,Vertical,0.77884,0.3,0.3
10077,B,440,57.65667,11.9206,57.66302,11.91512,28.2625,Vertical,0.77884,0.3,0.3
10078,A,606,57.75251,12.03854,57.76032,12.04054,29.1865,Vertical,0.87822,0.3,0.3
10078,B,605,57.76032,12.04054,57.75251,12.03854,28.1785,Vertical,0.87822,0.3,0.3
10079,A,309,57.65502,11.90671,57.65076,11.91455,28.1785,Vertical,0.66624,0.3,0.3
10079,B,310,57.65076,11.91455,57.65502,11.90671,29.1865,Vertical,0.66624,0.3,0.3
10080,A,234,57.75704,12.05544,57.76032,12.04054,38.5,Vertical,0.95977,0.3,0.3
10080,B,233,57.76032,12.04054,57.75704,12.05544,37.24,Vertical,0.95977,0.3,0.3
10081,A,329,57.72584,11.89459,57.72355,11.8898,37.212,Vertical,0.38247,0.3,0.3
10081,B,328,57.72355,11.8898,57.72584,11.89459,38.472,Vertical,0.38247,0.3,0.3
10082,A,406,57.72917,11.97188,57.72285,11.97265,28.2065,Vertical,0.70529,0.3,0.3
10082,B,405,57.72285,11.97265,57.72917,11.97188,29.2145,Vertical,0.70529,0.3,0.3
10083,A,558,57.75687,12.03345,57.76032,12.04054,38.528,Vertical,0.57102,0.3,0.3
10083,B,553,57.76032,12.04054,57.75687,12.03345,37.268,Vertical,0.57102,0.3,0.3
10084,A,438,57.66656,11.94162,57.65667,11.9206,29.1865,Vertical,1.66927,0.3,0.3
10084,B,437,57.65667,11.9206,57.66656,11.94162,28.1785,Vertical,1.66927,0.3,0.3
10085,A,330,57.70993,11.91663,57.72355,11.8898,32.445,Vertical,2.20334,0.3,0.3
10085,B,327,57.72355,11.8898,57.70993,11.91663,33.257,Vertical,2.20334,0.3,0.3
10086,A,323,57.69975,11.89686,57.72355,11.8898,37.296,Vertical,2.68259,0.3,0.3
10086,B,324,57.72355,11.8898,57.69975,11.89686,38.556,Vertical,2.68259,0.3,0.3
10087,A,598,57.7417,12.02903,57.75606,12.06644,28.2065,Vertical,2.74183,0.3,0.3
10087,B,597,57.75606,12.06644,57.7417,12.02903,29.2145,Vertical,2.74183,0.3,0.3
10088,A,2,57.72416,11.90373,57.7147,11.91276,37.324,Vertical,1.18227,0.3,0.3
10088,B,1,57.7147,11.91276,57.72416,11.90373,38.584,Vertical,1.18227,0.3,0.3
10089,A,454,57.71721,11.93949,57.75216,11.9591,28.2625,Vertical,4.06264,0.3,0.3
10089,B,453,57.75216,11.9591,57.71721,11.93949,29.2705,Vertical,4.06264,0.3,0.3
10090,A,452,57.69003,11.96478,57.70321,11.95678,32.389,Vertical,1.54217,0.3,0.3
10090,B,451,57.70321,11.95678,57.69003,11.96478,33.201,Vertical,1.54217,0.3,0.3
10091,A,572,57.7327,12.00938,57.71181,11.98477,32.333,Vertical,2.74868,0.3,0.3
10091,B,571,57.71181,11.98477,57.7327,12.00938,33.145,Vertical,2.74868,0.3,0.3
10092,A,12,57.70047,11.93358,57.69174,11.92386,37.268,Vertical,1.13255,0.3,0.3
10092,B,11,57.69174,11.92386,57.70047,11.93358,38.528,Vertical,1.13255,0.3,0.3
10093,A,449,57.68495,11.97409,57.69003,11.96478,38.528,Vertical,0.79311,0.3,0.3
10093,B,450,57.69003,11.96478,57.68495,11.97409,37.268,Vertical,0.79311,0.3,0.3
10094,A,470,57.71274,11.89114,57.72355,11.8898,28.2625,Vertical,1.20582,0.3,0.3
10094,B,469,57.72355,11.8898,57.71274,11.89114,29.2705,Vertical,1.20582,0.3,0.3
10095,A,663,57.719,11.94959,57.71991,11.94726,37.24,Vertical,0.17193,0.3,0.3
10095,B,664,57.71991,11.94726,57.719,11.94959,38.5,Vertical,0.17193,0.3,0.3
10096,A,638,57.719,11.94959,57.7116,11.94496,37.156,Vertical,0.86864,0.3,0.3
10096,B,637,57.7116,11.94496,57.719,11.94959,38.416,Vertical,0.86864,0.3,0.3
10097,A,407,57.69996,11.95434,57.70321,11.95678,37.296,Vertical,0.38969,0.2,0.3
10097,B,408,57.70321,11.95678,57.69996,11.95434,38.556,Vertical,0.38969,0.3,0.2
10098,A,203,57.72567,12.04335,57.70923,12.00797,32.445,Vertical,2.792,0.3,0.3
10098,B,201,57.70923,12.00797,57.72567,12.04335,33.257,Vertical,2.792,0.3,0.3
10099,A,335,57.7226,12.03275,57.71882,12.03279,38.584,Vertical,0.42117,0.3,0.3
10099,B,336,57.71882,12.03279,57.7226,12.03275,37.324,Vertical,0.42117,0.3,0.3
10100,A,352,57.75483,11.97348,57.75216,11.9591,28.2345,Vertical,0.90635,0.3,0.3
10100,B,351,57.75216,11.9591,57.75483,11.97348,29.2425,Vertical,0.90635,0.3,0.3
10101,A,112,57.6807,11.98694,57.6781,11.98416,28.1785,Vertical,0.3336,0.3,0.3
10101,B,111,57.6781,11.98416,57.6807,11.98694,29.1865,Vertical,0.3336,0.3,0.3
10102,A,589,57.70848,11.96788,57.70321,11.95678,37.24,Vertical,0.88426,0.3,0.3
10102,B,590,57.70321,11.95678,57.70848,11.96788,38.5,Vertical,0.88426,0.3,0.3
10103,A,562,57.71689,11.92739,57.72355,11.8898,37.324,Vertical,2.35974,0.3,0.3
10103,B,561,57.72355,11.8898,57.71689,11.92739,38.584,Vertical,2.35974,0.3,0.3
10104,A,566,57.72062,12.05927,57.71552,12.05015,38.472,Vertical,0.78616,0.3,0.3
10104,B,565,57.71552,12.05015,57.72062,12.05927,37.212,Vertical,0.78616,0.3,0.3
10105,A,295,57.76647,12.06122,57.75606,12.06644,37.324,Vertical,1.19926,0.3,0.3
10105,B,296,57.75606,12.06644,57.76647,12.06122,38.584,Vertical,1.19926,0.3,0.3
10106,A,287,57.70898,11.92881,57.70321,11.95678,28.2065,Vertical,1.78711,0.3,0.3
10106,B,288,57.70321,11.95678,57.70898,11.92881,29.2145,Vertical,1.78711,0.3,0.3
10107,A,312,57.71124,11.99335,57.71181,11.98477,28.2065,Vertical,0.51516,0.3,0.3
10107,B,311,57.71181,11.98477,57.71124,11.99335,29.2135,Vertical,0.51516,0.3,0.3
10108,A,624,57.70765,11.94183,57.70993,11.91663,33.201,Vertical,1.52357,0.3,0.3
10108,B,623,57.70993,11.91663,57.70765,11.94183,32.389,Vertical,1.52357,0.3,0.3
10109,A,368,57.67795,11.93752,57.67292,11.91856,29.1865,Vertical,1.26221,0.3,0.3
10109,B,367,57.67292,11.91856,57.67795,11.93752,28.1785,Vertical,1.26221,0.3,0.3
10110,A,666,57.70403,11.96329,57.71181,11.98477,37.1535,Vertical,1.5458,0.3,0.3
10110,B,665,57.71181,11.98477,57.70403,11.96329,38.416,Vertical,1.5458,0.3,0.3
10111,A,508,57.68621,11.94656,57.68479,11.96203,38.584,Vertical,0.93645,0.3,0.3
10111,B,507,57.68479,11.96203,57.68621,11.94656,37.324,Vertical,0.93645,0.3,0.3
10112,A,496,57.66875,11.89183,57.64947,11.89227,33.229,Vertical,2.14707,0.3,0.3
10112,B,494,57.64947,11.89227,57.66875,11.89183,32.417,Vertical,2.14707,0.3,0.3
10113,A,642,57.69952,11.90924,57.70174,11.91605,38.472,Vertical,0.47569,0.3,0.3
10113,B,641,57.70174,11.91605,57.69952,11.90924,37.212,Vertical,0.47569,0.3,0.3
10114,A,416,57.72226,11.95361,57.72804,11.95542,38.5,Vertical,0.6524,0.3,0.3
10114,B,415,57.72804,11.95542,57.72226,11.95361,37.24,Vertical,0.6524,0.3,0.3
10115,A,631,57.70452,11.9727,57.70537,11.97092,29.1865,Vertical,0.14225,0.3,0.3
10115,B,632,57.70537,11.97092,57.70452,11.9727,28.178,Vertical,0.14225,0.3,0.3
10116,A,412,57.6781,11.98416,57.68652,11.98636,29.2705,Vertical,0.947,0.3,0.3
10116,B,410,57.68652,11.98636,57.6781,11.98416,28.2625,Vertical,0.947,0.3,0.3
10117,A,429,57.71178,12.08525,57.71552,12.05015,38.584,Vertical,2.13298,0.3,0.3
10117,B,430,57.71552,12.05015,57.71178,12.08525,37.324,Vertical,2.13298,0.3,0.3
10118,A,564,57.71756,12.06002,57.71552,12.05015,38.556,Vertical,0.63066,0.3,0.3
10118,B,563,57.71552,12.05015,57.71756,12.06002,37.296,Vertical,0.63066,0.3,0.3
10119,A,293,57.72412,12.08328,57.75606,12.06644,32.445,Vertical,3.69454,0.3,0.3
10119,B,292,57.75606,12.06644,57.72412,12.08328,33.257,Vertical,3.69454,0.3,0.3
10120,A,95,57.73853,12.11447,57.74415,12.12731,37.296,Vertical,0.98814,0.3,0.3
10120,B,96,57.74415,12.12731,57.73853,12.11447,38.556,Vertical,0.98814,0.3,0.3
10121,A,294,57.72571,12.13316,57.75606,12.06644,32.361,Vertical,5.21594,0.3,0.3
10121,B,290,57.75606,12.06644,57.72571,12.13316,33.173,Vertical,5.21594,0.3,0.3
10122,A,488,57.74415,12.12731,57.7371,12.08794,33.173,Vertical,2.47227,0.3,0.3
10122,B,486,57.7371,12.08794,57.74415,12.12731,32.361,Vertical,2.47227,0.3,0.3
10123,A,48,57.7567,12.15821,57.72974,12.12133,29.1865,Vertical,3.71942,0.3,0.3
10123,B,47,57.72974,12.12133,57.7567,12.15821,28.1785,Vertical,3.71942,0.3,0.3
10124,A,524,57.7431,12.16273,57.74415,12.12731,37.268,Vertical,2.11263,0.3,0.3
10124,B,523,57.74415,12.12731,57.7431,12.16273,38.528,Vertical,2.11263,0.3,0.3
10125,A,261,57.70386,12.15294,57.69402,12.13715,37.296,Vertical,1.44439,0.3,0.3
10125,B,262,57.69402,12.13715,57.70386,12.15294,38.556,Vertical,1.44439,0.3,0.3
10126,A,238,57.66429,12.11279,57.67648,12.09582,28.2065,Vertical,1.69253,0.3,0.3
10126,B,235,57.67648,12.09582,57.66429,12.11279,29.2145,Vertical,1.69253,0.3,0.3
10127,A,24,57.66449,12.0195,57.68194,12.00302,28.1785,Vertical,2.17676,0.3,0.3
10127,B,23,57.68194,12.00302,57.66449,12.0195,29.1865,Vertical,2.17676,0.3,0.3
10128,A,232,57.65908,12.13829,57.67648,12.09582,28.178,Vertical,3.18898,0.3,0.3
10128,B,231,57.67648,12.09582,57.65908,12.13829,29.1865,Vertical,3.18898,0.3,0.3
10129,A,183,57.64468,12.15882,57.61683,12.16657,29.2425,Vertical,3.13401,0.3,0.3
10129,B,184,57.61683,12.16657,57.64468,12.15882,28.2345,Vertical,3.13401,0.3,0.3
10130,A,376,57.68802,12.19611,57.6775,12.22863,28.2345,Vertical,2.26595,0.3,0.3
10130,B,375,57.6775,12.22863,57.68802,12.19611,29.2425,Vertical,2.26595,0.3,0.3
10131,A,626,57.6775,12.22863,57.68196,12.14913,19.205,Vertical,4.76897,0.6,0.6
10131,B,625,57.68196,12.14913,57.6775,12.22863,18.195,Vertical,4.76897,0.6,0.6
10132,A,373,57.69883,12.27118,57.70899,12.33996,28.2345,Vertical,4.2544,0.3,0.3
10132,B,374,57.70899,12.33996,57.69883,12.27118,29.2425,Vertical,4.2544,0.3,0.3
10133,A,240,57.68857,12.28659,57.70899,12.33996,28.1785,Vertical,3.91144,0.3,0.3
10133,B,239,57.70899,12.33996,57.68857,12.28659,29.1865,Vertical,3.91144,0.3,0.3
10134,A,391,57.67153,12.36057,57.67169,12.30099,28.2625,Vertical,3.55523,0.6,0.6
10134,B,388,57.67169,12.30099,57.67153,12.36057,29.2705,Vertical,3.55523,0.6,0.6
10135,A,389,57.67153,12.36057,57.67169,12.30099,28.1785,Vertical,3.55523,0.3,0.3
10135,B,392,57.67169,12.30099,57.67153,12.36057,29.1865,Vertical,3.55523,0.3,0.3
10136,A,166,57.66594,12.40732,57.67169,12.30099,18.36,Vertical,6.37755,0.6,0.6
10136,B,165,57.67169,12.30099,57.66594,12.40732,19.37,Vertical,6.37755,0.6,0.6
10137,A,634,57.67218,12.46012,57.67586,12.43001,38.528,Vertical,1.84322,0.3,0.3
10137,B,633,57.67586,12.43001,57.67218,12.46012,37.268,Vertical,1.84322,0.3,0.3
10138,A,387,57.67586,12.43001,57.67169,12.30099,18.25,Vertical,7.71218,0.6,0.6
10138,B,390,57.67169,12.30099,57.67586,12.43001,19.26,Vertical,7.71218,0.6,0.6
10139,A,297,57.66578,12.24122,57.6775,12.22863,28.1785,Vertical,1.50586,0.3,0.3
10139,B,298,57.6775,12.22863,57.66578,12.24122,29.1865,Vertical,1.50586,0.3,0.3
10140,A,230,57.68196,12.14913,57.67648,12.09582,28.2485,Vertical,3.23806,0.3,0.3
10140,B,237,57.67648,12.09582,57.68196,12.14913,29.2565,Vertical,3.23806,0.3,0.3
10141,A,333,57.70221,12.19986,57.6775,12.22863,28.1785,Vertical,3.24177,0.3,0.3
10141,B,334,57.6775,12.22863,57.70221,12.19986,29.1865,Vertical,3.24177,0.3,0.3
10142,A,473,57.65517,12.01086,57.62855,11.9672,28.2065,Vertical,3.94748,0.3,0.3
10142,B,474,57.62855,11.9672,57.65517,12.01086,29.2145,Vertical,3.94748,0.3,0.3
10143,A,260,57.69402,12.13715,57.62855,11.9672,18.195,Vertical,12.49116,0.6,0.6
10143,B,259,57.62855,11.9672,57.69402,12.13715,19.205,Vertical,12.49116,0.6,0.6
10144,A,660,57.70899,12.33996,57.67153,12.36057,29.1865,Vertical,4.34752,0.3,0.6
10144,B,659,57.67153,12.36057,57.70899,12.33996,28.1785,Vertical,4.34752,0.6,0.3
10145,A,228,57.73364,12.28132,57.74461,12.32516,29.2425,Vertical,2.88243,0.3,0.3
10145,B,226,57.74461,12.32516,57.73364,12.28132,28.2345,Vertical,2.88243,0.3,0.3
10146,A,461,57.69854,12.36871,57.67153,12.36057,29.2425,Vertical,3.04489,0.3,0.3
10146,B,462,57.67153,12.36057,57.69854,12.36871,28.2345,Vertical,3.04489,0.3,0.3
10147,A,385,57.61412,12.27883,57.62857,12.34903,37.268,Vertical,4.49278,0.3,0.6
10147,B,386,57.62857,12.34903,57.61412,12.27883,38.528,Vertical,4.49278,0.6,0.3
10148,A,594,57.62857,12.34903,57.67153,12.36057,29.1865,Vertical,4.83144,0.6,0.6
10148,B,593,57.67153,12.36057,57.62857,12.34903,28.1785,Vertical,4.83144,0.6,0.6
10149,A,138,57.65165,12.40266,57.66594,12.40732,38.528,Vertical,1.61572,0.3,0.3
10149,B,137,57.66594,12.40732,57.65165,12.40266,37.268,Vertical,1.61572,0.3,0.3
10150,A,532,57.62203,12.4226,57.62857,12.34903,28.2345,Vertical,4.45566,0.6,0.6
10150,B,531,57.62857,12.34903,57.62203,12.4226,29.2425,Vertical,4.45566,0.6,0.6
10151,A,612,57.63692,12.46145,57.67586,12.43001,29.1865,Vertical,4.72351,0.3,0.6
10151,B,611,57.67586,12.43001,57.63692,12.46145,28.1785,Vertical,4.72351,0.6,0.3
10152,A,326,57.65567,12.50912,57.63692,12.46145,37.296,Vertical,3.52964,0.6,0.3
10152,B,325,57.63692,12.46145,57.65567,12.50912,38.556,Vertical,3.52964,0.3,0.6
10153,A,151,57.62355,12.47429,57.67586,12.43001,14.963,Vertical,6.39553,0.6,0.3
10153,B,152,57.67586,12.43001,57.62355,12.47429,14.543,Vertical,6.39553,0.3,0.6
10154,A,482,57.69902,12.46904,57.70734,12.42345,28.2345,Vertical,2.87146,0.3,0.3
10154,B,481,57.70734,12.42345,57.69902,12.46904,29.2425,Vertical,2.87146,0.3,0.3
10155,A,384,57.75399,12.27229,57.77768,12.25512,29.2145,Vertical,2.82792,0.3,0.3
10155,B,383,57.77768,12.25512,57.75399,12.27229,28.2065,Vertical,2.82792,0.3,0.3
10156,A,188,57.77768,12.25512,57.77038,12.27281,28.2485,Vertical,1.32958,0.3,0.3
10156,B,189,57.77038,12.27281,57.77768,12.25512,29.2565,Vertical,1.32958,0.3,0.3
10157,A,212,57.77382,12.29635,57.77768,12.25512,38.584,Vertical,2.49088,0.3,0.3
10157,B,211,57.77768,12.25512,57.77382,12.29635,37.324,Vertical,2.49088,0.3,0.3
10158,A,190,57.78536,12.31329,57.77038,12.27281,28.2065,Vertical,2.92969,0.3,0.3
10158,B,187,57.77038,12.27281,57.78536,12.31329,29.2145,Vertical,2.92969,0.3,0.3
10159,A,65,57.7976,12.35682,57.81457,12.42355,29.2705,Vertical,4.39391,0.3,0.3
10159,B,66,57.81457,12.42355,57.7976,12.35682,28.2625,Vertical,4.39391,0.3,0.3
10160,A,102,57.80021,12.31624,57.81644,12.34246,37.324,Vertical,2.38613,0.3,0.3
10160,B,101,57.81644,12.34246,57.80021,12.31624,38.584,Vertical,2.38613,0.3,0.3
10161,A,381,57.76707,12.30989,57.77768,12.25512,38.556,Vertical,3.46685,0.3,0.3
10161,B,382,57.77768,12.25512,57.76707,12.30989,37.296,Vertical,3.46685,0.3,0.3
10162,A,80,57.80655,12.36819,57.81644,12.34246,37.24,Vertical,1.88443,0.3,0.6
10162,B,79,57.81644,12.34246,57.80655,12.36819,38.5,Vertical,1.88443,0.6,0.3
10163,A,131,57.74309,12.21449,57.77038,12.27281,28.2625,Vertical,4.61254,0.6,0.3
10163,B,132,57.77038,12.27281,57.74309,12.21449,29.2705,Vertical,4.61254,0.3,0.6
10164,A,18,57.84231,12.42607,57.81457,12.42355,29.2425,Vertical,3.09127,0.3,0.3
10164,B,17,57.81457,12.42355,57.84231,12.42607,28.2345,Vertical,3.09127,0.3,0.3
10165,A,657,57.68293,12.24956,57.6775,12.22863,38.584,Vertical,1.3869,0.3,0.6
10165,B,658,57.6775,12.22863,57.68293,12.24956,37.324,Vertical,1.3869,0.6,0.3
10166,A,84,57.84903,12.26223,57.82686,12.29087,38.556,Vertical,2.99738,0.3,0.3
10166,B,85,57.82686,12.29087,57.84903,12.26223,37.296,Vertical,2.99738,0.3,0.3
10167,A,81,57.83565,12.29569,57.82686,12.29087,38.584,Vertical,1.01948,0.2,0.2
10167,B,83,57.82686,12.29087,57.83565,12.29569,37.324,Vertical,1.01948,0.2,0.2
10168,A,511,57.85832,12.21977,57.89907,12.18677,37.268,Vertical,4.94058,0.6,0.6
10168,B,512,57.89907,12.18677,57.85832,12.21977,38.528,Vertical,4.94058,0.6,0.6
10169,A,82,57.82686,12.29087,57.81644,12.34246,28.2625,Vertical,3.27794,0.3,0.3
10169,B,86,57.81644,12.34246,57.82686,12.29087,29.2705,Vertical,3.27794,0.3,0.3
10170,A,114,57.8575,12.31172,57.88118,12.32388,28.2345,Vertical,2.73257,0.3,0.3
10170,B,113,57.88118,12.32388,57.8575,12.31172,29.2425,Vertical,2.73257,0.3,0.3
10171,A,100,57.92724,12.3824,57.81644,12.34246,14.529,Vertical,12.56002,0.6,0.6
10171,B,99,57.81644,12.34246,57.92724,12.3824,15.089,Vertical,12.56002,0.6,0.6
10172,A,643,57.70734,12.42345,57.67153,12.36057,29.2145,Vertical,5.47279,0.6,0.6
10172,B,644,57.67153,12.36057,57.70734,12.42345,28.2065,Vertical,5.47279,0.6,0.6
10173,A,569,57.64367,11.9869,57.64811,11.96078,29.2145,Vertical,1.63613,0.3,0.3
10173,B,570,57.64811,11.96078,57.64367,11.9869,28.2065,Vertical,1.63613,0.3,0.3
10174,A,628,57.64151,12.01284,57.65676,12.02215,29.2145,Vertical,1.78676,0.3,0.3
10174,B,629,57.65676,12.02215,57.64151,12.01284,28.2065,Vertical,1.78676,0.3,0.3
10175,A,173,57.63604,12.02583,57.65076,11.91455,18.305,Vertical,6.84501,0.3,0.6
10175,B,174,57.65076,11.91455,57.63604,12.02583,19.315,Vertical,6.84501,0.6,0.3
10176,A,171,57.64373,12.02986,57.63604,12.02583,29.1865,Vertical,0.88908,0.3,0.3
10176,B,172,57.63604,12.02583,57.64373,12.02986,28.1785,Vertical,0.88908,0.3,0.3
10177,A,521,57.64987,12.00548,57.64095,11.95013,29.1865,Vertical,3.45144,0.3,0.3
10177,B,522,57.64095,11.95013,57.64987,12.00548,28.1785,Vertical,3.45144,0.3,0.3
10178,A,630,57.65676,12.02215,57.66449,12.0195,29.2425,Vertical,0.87497,0.3,0.3
10178,B,627,57.66449,12.0195,57.65676,12.02215,28.2345,Vertical,0.87497,0.3,0.3
10179,A,346,57.65106,12.03718,57.62855,11.9672,32.361,Vertical,4.87325,0.3,0.3
10179,B,345,57.62855,11.9672,57.65106,12.03718,33.173,Vertical,4.87325,0.3,0.3
10180,A,19,57.66158,12.02778,57.68194,12.00302,37.268,Vertical,2.70557,0.3,0.3
10180,B,21,57.68194,12.00302,57.66158,12.02778,38.528,Vertical,2.70557,0.3,0.3
10181,A,607,57.67514,11.99563,57.6781,11.98416,28.2065,Vertical,0.75917,0.3,0.3
10181,B,608,57.6781,11.98416,57.67514,11.99563,29.2145,Vertical,0.75917,0.3,0.3
10182,A,229,57.66548,12.0522,57.67648,12.09582,37.212,Vertical,2.87675,0.3,0.6
10182,B,236,57.67648,12.09582,57.66548,12.0522,38.472,Vertical,2.87675,0.6,0.3
10183,A,357,57.62324,12.03459,57.62855,11.9672,28.2625,Vertical,4.06953,0.3,0.6
10183,B,358,57.62855,11.9672,57.62324,12.03459,29.2705,Vertical,4.06953,0.6,0.3
10184,A,447,57.61066,12.02821,57.61548,12.07572,28.1785,Vertical,2.89042,0.3,0.3
10184,B,444,57.61548,12.07572,57.61066,12.02821,29.1865,Vertical,2.89042,0.3,0.3
10185,A,356,57.60722,12.05135,57.62324,12.03459,29.1865,Vertical,2.04497,0.3,0.3
10185,B,355,57.62324,12.03459,57.60722,12.05135,28.1785,Vertical,2.04497,0.3,0.3
10186,A,443,57.60011,12.06478,57.61548,12.07572,28.2625,Vertical,1.83177,0.3,0.3
10186,B,448,57.61548,12.07572,57.60011,12.06478,29.2705,Vertical,1.83177,0.3,0.3
10187,A,305,57.5793,12.05271,57.61548,12.07572,32.333,Vertical,4.25584,0.3,0.3
10187,B,306,57.61548,12.07572,57.5793,12.05271,33.145,Vertical,4.25584,0.3,0.3
10188,A,98,57.59906,12.11499,57.56872,12.11357,29.2705,Vertical,3.37924,0.3,0.3
10188,B,97,57.56872,12.11357,57.59906,12.11499,28.2625,Vertical,3.37924,0.3,0.3
10189,A,446,57.55346,12.0576,57.61548,12.07572,28.2065,Vertical,6.98814,0.6,0.6
10189,B,445,57.61548,12.07572,57.55346,12.0576,29.2145,Vertical,6.98814,0.6,0.6
10190,A,179,57.61683,12.16657,57.67648,12.09582,18.195,Vertical,7.86951,0.6,0.6
10190,B,181,57.67648,12.09582,57.61683,12.16657,19.205,Vertical,7.86951,0.6,0.6
10191,A,182,57.60704,12.21078,57.61683,12.16657,29.1865,Vertical,2.85843,0.3,0.3
10191,B,180,57.61683,12.16657,57.60704,12.21078,28.1785,Vertical,2.85843,0.3,0.3
10192,A,528,57.64811,11.96078,57.62855,11.9672,28.2625,Vertical,2.21095,0.3,0.3
10192,B,527,57.62855,11.9672,57.64811,11.96078,29.2705,Vertical,2.21095,0.3,0.3
10193,A,200,57.58773,12.10175,57.58005,12.09127,38.444,Vertical,1.05994,0.3,0.3
10193,B,199,57.58005,12.09127,57.58773,12.10175,37.184,Vertical,1.05994,0.3,0.3
10194,A,609,57.58018,12.06544,57.60011,12.06478,29.2425,Vertical,2.21928,0.3,0.3
10194,B,610,57.60011,12.06478,57.58018,12.06544,28.2345,Vertical,2.21928,0.3,0.3
10195,A,291,57.73064,12.1141,57.75606,12.06644,28.1785,Vertical,4.00789,0.3,0.6
10195,B,289,57.75606,12.06644,57.73064,12.1141,29.1865,Vertical,4.00789,0.6,0.3
10196,A,161,57.67444,12.06536,57.67648,12.09582,37.24,Vertical,1.83151,0.3,0.3
10196,B,159,57.67648,12.09582,57.67444,12.06536,38.5,Vertical,1.83151,0.3,0.3
10197,A,487,57.73871,12.10684,57.7371,12.08794,38.528,Vertical,1.13937,0.3,0.3
10197,B,485,57.7371,12.08794,57.73871,12.10684,37.268,Vertical,1.13937,0.3,0.3
10198,A,282,57.73392,12.065,57.74798,12.0778,38.528,Vertical,1.74162,0.3,0.3
10198,B,281,57.74798,12.0778,57.73392,12.065,37.268,Vertical,1.74162,0.3,0.3
10199,A,22,57.66759,12.02144,57.68194,12.00302,37.184,Vertical,1.9388,0.3,0.3
10199,B,20,57.68194,12.00302,57.66759,12.02144,38.444,Vertical,1.9388,0.3,0.3
10200,A,106,57.71251,11.78202,57.72355,11.8898,18.36,Vertical,6.53997,0.6,0.6
10200,B,105,57.72355,11.8898,57.71251,11.78202,19.37,Vertical,6.53997,0.6,0.6
10201,A,425,57.40982,12.00901,57.54445,11.96402,7.61,Vertical,15.22773,0.6,0.6
10201,B,428,57.54445,11.96402,57.40982,12.00901,7.456,Vertical,15.22773,0.6,0.6
10202,A,28,57.93692,11.88309,57.87776,11.95378,19.205,Vertical,7.80555,1.2,0.6
10202,B,27,57.87776,11.95378,57.93692,11.88309,18.195,Vertical,7.80555,0.6,1.2
10203,A,341,57.77136,12.0262,57.74716,11.99763,28.1785,Horizontal,3.18588,0.3,0.3
10203,B,339,57.74716,11.99763,57.77136,12.0262,29.1865,Horizontal,3.18588,0.3,0.3
10204,A,58,57.77694,12.05739,57.80422,12.0402,37.296,Vertical,3.20454,0.3,0.3
10204,B,57,57.80422,12.0402,57.77694,12.05739,38.556,Vertical,3.20454,0.3,0.3
10205,A,162,57.81076,12.03086,57.81058,12.05947,29.1865,Vertical,1.70106,0.3,0.3
10205,B,160,57.81058,12.05947,57.81076,12.03086,28.1785,Vertical,1.70106,0.3,0.3
10206,A,129,57.79669,12.05287,57.80422,12.0402,28.2065,Vertical,1.12741,0.3,0.3
10206,B,130,57.80422,12.0402,57.79669,12.05287,29.2145,Vertical,1.12741,0.3,0.3
10207,A,91,57.81761,12.03941,57.80422,12.0402,28.1785,Vertical,1.49091,0.3,0.3
10207,B,92,57.80422,12.0402,57.81761,12.03941,29.1865,Vertical,1.49091,0.3,0.3
10208,A,63,57.80269,12.07691,57.80422,12.0402,37.324,Vertical,2.18932,0.3,0.3
10208,B,64,57.80422,12.0402,57.80269,12.07691,38.584,Vertical,2.18932,0.3,0.3
10209,A,78,57.78042,12.09642,57.80422,12.0402,28.2625,Vertical,4.26653,0.3,0.6
10209,B,77,57.80422,12.0402,57.78042,12.09642,29.2705,Vertical,4.26653,0.6,0.3
10210,A,380,57.79849,12.20264,57.77768,12.25512,29.1865,Vertical,3.88757,0.3,0.3
10210,B,379,57.77768,12.25512,57.79849,12.20264,28.1785,Vertical,3.88757,0.3,0.3
10211,A,366,57.79823,12.17251,57.82466,12.1952,28.2625,Vertical,3.23612,0.3,0.3
10211,B,365,57.82466,12.1952,57.79823,12.17251,29.2705,Vertical,3.23612,0.3,0.3
10212,A,140,57.82466,12.1952,57.81944,12.246,29.1865,Vertical,3.07423,0.3,0.3
10212,B,139,57.81944,12.246,57.82466,12.1952,28.1785,Vertical,3.07423,0.3,0.3
10213,A,401,57.72605,11.85747,57.71251,11.78202,32.389,Vertical,4.74248,0.3,0.3
10213,B,402,57.71251,11.78202,57.72605,11.85747,33.201,Vertical,4.74248,0.3,0.3
10214,A,574,57.72051,11.82208,57.70773,11.84305,38.556,Vertical,1.89362,0.3,0.3
10214,B,573,57.70773,11.84305,57.72051,11.82208,37.296,Vertical,1.89362,0.3,0.3
10215,A,398,57.70773,11.84305,57.71251,11.78202,28.2065,Vertical,3.67636,0.3,0.3
10215,B,399,57.71251,11.78202,57.70773,11.84305,29.2145,Vertical,3.67636,0.3,0.3
10216,A,280,57.72741,11.87471,57.72355,11.8898,37.296,Vertical,0.99666,0.3,0.3
10216,B,279,57.72355,11.8898,57.72741,11.87471,38.556,Vertical,0.99666,0.3,0.3
10217,A,595,57.71396,11.86312,57.70773,11.84305,38.5,Vertical,1.38357,0.3,0.3
10217,B,596,57.70773,11.84305,57.71396,11.86312,37.24,Vertical,1.38357,0.3,0.3
10218,A,218,57.74939,11.82286,57.74197,11.7907,38.556,Vertical,2.08577,0.3,0.3
10218,B,217,57.74197,11.7907,57.74939,11.82286,37.296,Vertical,2.08577,0.3,0.3
10219,A,497,57.75434,11.87957,57.77662,11.89551,38.556,Vertical,2.65483,0.3,0.3
10219,B,498,57.77662,11.89551,57.75434,11.87957,37.296,Vertical,2.65483,0.3,0.3
10220,A,560,57.77662,11.89551,57.72355,11.8898,28.2345,Vertical,5.91717,0.6,0.6
10220,B,559,57.72355,11.8898,57.77662,11.89551,29.2425,Vertical,5.91717,0.6,0.6
10221,A,347,57.76734,12.00477,57.74716,11.99763,28.1758,Vertical,2.28697,0.3,0.3
10221,B,348,57.74716,11.99763,57.76734,12.00477,29.1865,Vertical,2.28697,0.3,0.3
10222,A,681,57.78721,12.01252,57.80246,12.00359,38.528,Vertical,1.77845,0.3,0.3
10222,B,682,57.80246,12.00359,57.78721,12.01252,37.268,Vertical,1.77845,0.3,0.3
10223,A,176,57.8557,12.01466,57.84597,11.97898,38.556,Vertical,2.37981,0.3,0.3
10223,B,175,57.84597,11.97898,57.8557,12.01466,37.296,Vertical,2.37981,0.3,0.3
10224,A,244,57.77831,11.9672,57.75482,11.92055,29.2705,Vertical,3.81373,0.3,0.3
10224,B,242,57.75482,11.92055,57.77831,11.9672,28.2625,Vertical,3.81373,0.3,0.3
10225,A,427,57.81784,11.99054,57.80422,12.0402,28.2345,Vertical,3.31834,0.3,0.3
10225,B,424,57.80422,12.0402,57.81784,11.99054,29.2425,Vertical,3.31834,0.3,0.3
10226,A,393,57.72503,11.76342,57.71251,11.78202,37.268,Vertical,1.78087,0.3,0.3
10226,B,394,57.71251,11.78202,57.72503,11.76342,38.528,Vertical,1.78087,0.3,0.3
10227,A,115,57.70528,11.75517,57.71251,11.78202,28.2345,Vertical,1.79158,0.3,0.3
10227,B,118,57.71251,11.78202,57.70528,11.75517,29.2425,Vertical,1.79158,0.3,0.3
10228,A,266,57.81058,12.05947,57.80422,12.0402,28.2345,Vertical,1.34655,0.3,0.3
10228,B,265,57.80422,12.0402,57.81058,12.05947,29.2425,Vertical,1.34655,0.3,0.3
10229,A,656,57.70987,11.70754,57.72507,11.73766,37.24,Vertical,2.46726,0.3,0.3
10229,B,653,57.72507,11.73766,57.70987,11.70754,38.5,Vertical,2.46726,0.3,0.3
10230,A,397,57.74197,11.7907,57.71251,11.78202,32.333,Vertical,3.3204,0.3,0.3
10230,B,400,57.71251,11.78202,57.74197,11.7907,33.145,Vertical,3.3204,0.3,0.3
10231,A,41,57.8283,11.91298,57.86071,11.86308,28.1785,Vertical,4.66874,0.3,0.3
10231,B,40,57.86071,11.86308,57.8283,11.91298,29.1865,Vertical,4.66874,0.3,0.3
10232,A,423,57.84597,11.97898,57.80422,12.0402,28.2065,Vertical,5.90213,0.6,0.6
10232,B,421,57.80422,12.0402,57.84597,11.97898,29.2145,Vertical,5.90213,0.6,0.6
10233,A,650,57.77833,11.8445,57.74197,11.7907,33.201,Vertical,5.16143,0.3,0.3
10233,B,649,57.74197,11.7907,57.77833,11.8445,32.389,Vertical,5.16143,0.3,0.3
10234,A,654,57.71289,11.73295,57.72507,11.73766,37.296,Vertical,1.3847,0.3,0.3
10234,B,655,57.72507,11.73766,57.71289,11.73295,38.556,Vertical,1.3847,0.3,0.3
10235,A,688,57.80274,11.91586,57.72355,11.8898,14.571,Vertical,8.9505,0.3,0.6
10235,B,687,57.72355,11.8898,57.80274,11.91586,14.991,Vertical,8.9505,0.6,0.3
10236,A,648,57.72507,11.73766,57.74197,11.7907,33.173,Vertical,3.67697,0.3,0.3
10236,B,647,57.74197,11.7907,57.72507,11.73766,32.361,Vertical,3.67697,0.3,0.3
10237,A,50,57.83135,12.01965,57.80422,12.0402,37.296,Vertical,3.25713,0.6,0.6
10237,B,49,57.80422,12.0402,57.83135,12.01965,38.556,Vertical,3.25713,0.6,0.6
10238,A,284,57.78811,12.15102,57.80422,12.0402,18.36,Vertical,6.82993,0.6,0.6
10238,B,286,57.80422,12.0402,57.78811,12.15102,19.37,Vertical,6.82993,0.6,0.6
10239,A,44,57.81115,11.76464,57.86071,11.86308,18.36,Vertical,8.03955,0.6,0.6
10239,B,39,57.86071,11.86308,57.81115,11.76464,19.37,Vertical,8.03955,0.6,0.6
10240,A,128,57.838,11.7168,57.81115,11.76464,29.2425,Vertical,4.1249,0.3,0.6
10240,B,127,57.81115,11.76464,57.838,11.7168,28.2345,Vertical,4.1249,0.6,0.3
10241,A,592,57.89146,11.64501,57.87774,11.73885,32.389,Vertical,5.77289,0.3,0.3
10241,B,591,57.87774,11.73885,57.89146,11.64501,33.201,Vertical,5.77289,0.3,0.3
10242,A,147,57.87774,11.73885,57.84913,11.79925,29.2425,Vertical,4.79529,0.3,0.3
10242,B,148,57.84913,11.79925,57.87774,11.73885,28.2345,Vertical,4.79529,0.3,0.3
10243,A,246,57.81193,11.85063,57.8283,11.91298,29.2425,Vertical,4.12965,0.3,0.6
10243,B,245,57.8283,11.91298,57.81193,11.85063,28.2345,Vertical,4.12965,0.6,0.3
10244,A,43,57.84913,11.79925,57.86071,11.86308,28.1785,Vertical,4.00264,0.3,0.3
10244,B,38,57.86071,11.86308,57.84913,11.79925,29.1865,Vertical,4.00264,0.3,0.3
10245,A,678,57.87082,11.91914,57.86071,11.86308,28.2065,Vertical,3.51282,0.3,0.3
10245,B,677,57.86071,11.86308,57.87082,11.91914,29.2145,Vertical,3.51282,0.3,0.3
10246,A,549,57.87156,11.98173,57.86976,11.95401,29.1865,Vertical,1.65755,0.3,0.3
10246,B,550,57.86976,11.95401,57.87156,11.98173,28.1785,Vertical,1.65755,0.3,0.3
10247,A,690,57.88544,11.97859,57.87776,11.95378,28.1785,Vertical,1.70229,0.3,0.3
10247,B,689,57.87776,11.95378,57.88544,11.97859,29.1865,Vertical,1.70229,0.3,0.3
10248,A,343,57.86976,11.95401,57.87776,11.95378,28.2345,Vertical,0.891,0.3,0.3
10248,B,344,57.87776,11.95378,57.86976,11.95401,29.2425,Vertical,0.891,0.3,0.3
10249,A,42,57.85596,11.9096,57.86071,11.86308,37.324,Vertical,2.81206,0.3,0.3
10249,B,36,57.86071,11.86308,57.85596,11.9096,38.584,Vertical,2.81206,0.3,0.3
10250,A,419,57.80246,12.00359,57.80422,12.0402,28.1785,Vertical,2.18514,0.3,0.3
10250,B,420,57.80422,12.0402,57.80246,12.00359,29.1865,Vertical,2.18514,0.3,0.3
10251,A,222,57.88911,11.88304,57.90541,11.8945,37.24,Vertical,1.93763,0.3,0.3
10251,B,225,57.90541,11.8945,57.88911,11.88304,38.5,Vertical,1.93763,0.3,0.3
10252,A,104,57.87638,11.97763,57.86976,11.95401,29.2425,Vertical,1.58338,0.3,0.3
10252,B,103,57.86976,11.95401,57.87638,11.97763,28.2345,Vertical,1.58338,0.3,0.3
10253,A,683,57.86523,11.99776,57.86976,11.95401,38.472,Vertical,2.64509,0.3,0.3
10253,B,684,57.86976,11.95401,57.86523,11.99776,37.212,Vertical,2.64509,0.3,0.3
10254,A,219,57.90911,11.98259,57.90541,11.8945,14.5325,Vertical,5.23855,0.6,0.6
10254,B,223,57.90541,11.8945,57.90911,11.98259,14.9525,Vertical,5.23855,0.6,0.6
10255,A,73,57.88614,11.79702,57.93692,11.88309,18.36,Vertical,7.61444,0.6,0.6
10255,B,71,57.93692,11.88309,57.88614,11.79702,19.37,Vertical,7.61444,0.6,0.6
10256,A,680,57.92189,11.75615,57.91559,11.77247,37.324,Vertical,1.1949,0.3,0.3
10256,B,679,57.91559,11.77247,57.92189,11.75615,38.584,Vertical,1.1949,0.3,0.3
10257,A,378,57.88588,11.58737,57.89146,11.64501,29.1865,Vertical,3.47495,0.3,0.3
10257,B,377,57.89146,11.64501,57.88588,11.58737,28.1785,Vertical,3.47495,0.3,0.3
10258,A,88,57.91559,11.77247,57.88614,11.79702,29.2705,Vertical,3.58664,0.3,0.3
10258,B,90,57.88614,11.79702,57.91559,11.77247,28.2625,Vertical,3.58664,0.3,0.3
10259,A,220,57.90541,11.8945,57.87776,11.95378,28.1785,Vertical,4.67288,0.3,0.3
10259,B,227,57.87776,11.95378,57.90541,11.8945,29.1865,Vertical,4.67288,0.3,0.3
10260,A,72,57.96351,11.77824,57.93692,11.88309,14.543,Vertical,6.87842,0.3,0.6
10260,B,70,57.93692,11.88309,57.96351,11.77824,14.963,Vertical,6.87842,0.6,0.3
10261,A,67,57.94582,11.85342,57.93692,11.88309,37.296,Vertical,2.01724,0.3,0.3
10261,B,74,57.93692,11.88309,57.94582,11.85342,38.556,Vertical,2.01724,0.3,0.3
10262,A,224,57.93378,11.97499,57.90541,11.8945,14.599,Vertical,5.72105,0.6,0.6
10262,B,221,57.90541,11.8945,57.93378,11.97499,15.019,Vertical,5.72105,0.6,0.6
10263,A,68,57.92888,11.80781,57.93692,11.88309,28.1785,Vertical,4.5486,0.6,0.6
10263,B,69,57.93692,11.88309,57.92888,11.80781,29.1865,Vertical,4.5486,0.6,0.6
10264,A,302,57.88055,12.13921,57.91492,12.15882,38.5,Vertical,3.99897,0.6,0.6
10264,B,303,57.91492,12.15882,57.88055,12.13921,37.24,Vertical,3.99897,0.6,0.6
10265,A,636,57.86847,12.02882,57.84597,11.97898,29.2425,Vertical,3.87691,0.3,0.3
10265,B,635,57.84597,11.97898,57.86847,12.02882,28.2345,Vertical,3.87691,0.3,0.3
10266,A,674,57.89822,12.05157,57.90396,12.01861,29.1865,Vertical,2.05662,0.3,0.3
10266,B,673,57.90396,12.01861,57.89822,12.05157,28.1785,Vertical,2.05662,0.3,0.3
10267,A,263,57.89528,12.07376,57.90396,12.01861,29.2425,Vertical,3.41007,0.3,0.3
10267,B,264,57.90396,12.01861,57.89528,12.07376,28.2345,Vertical,3.41007,0.3,0.3
10268,A,671,57.91994,12.07023,57.92812,12.09396,28.1785,Vertical,1.67502,0.3,0.3
10268,B,672,57.92812,12.09396,57.91994,12.07023,29.1865,Vertical,1.67502,0.3,0.3
10269,A,554,57.95826,12.12087,57.97455,12.14748,28.2345,Vertical,2.40202,0.3,0.3
10269,B,556,57.97455,12.14748,57.95826,12.12087,29.2425,Vertical,2.40202,0.3,0.3
10270,A,123,57.94034,12.12434,57.92812,12.09396,28.2065,Vertical,2.25558,0.3,0.3
10270,B,120,57.92812,12.09396,57.94034,12.12434,29.2145,Vertical,2.25558,0.3,0.3
10271,A,146,57.93906,12.16159,57.94034,12.12434,29.2425,Vertical,2.21146,0.3,0.3
10271,B,145,57.94034,12.12434,57.93906,12.16159,28.2345,Vertical,2.21146,0.3,0.3
10272,A,668,57.95065,12.13746,57.94034,12.12434,38.556,Vertical,1.38655,0.3,0.3
10272,B,667,57.94034,12.12434,57.95065,12.13746,37.296,Vertical,1.38655,0.3,0.3
10273,A,301,57.87697,12.09443,57.91492,12.15882,15.019,Vertical,5.69457,0.6,0.6
10273,B,304,57.91492,12.15882,57.87697,12.09443,14.599,Vertical,5.69457,0.6,0.6
10274,A,121,57.91492,12.15882,57.92812,12.09396,28.1785,Vertical,4.11526,0.3,0.3
10274,B,124,57.92812,12.09396,57.91492,12.15882,29.1865,Vertical,4.11526,0.3,0.3
10275,A,299,57.89907,12.18677,57.91492,12.15882,29.1865,Vertical,2.42057,0.3,0.3
10275,B,300,57.91492,12.15882,57.89907,12.18677,28.1785,Vertical,2.42057,0.3,0.3
10276,A,360,57.97455,12.14748,57.94034,12.12434,29.1865,Vertical,4.04754,0.3,0.3
10276,B,359,57.94034,12.12434,57.97455,12.14748,28.1785,Vertical,4.04754,0.3,0.3
10277,A,676,57.93098,12.02873,57.92812,12.09396,28.2625,Vertical,3.87779,0.3,0.3
10277,B,675,57.92812,12.09396,57.93098,12.02873,29.2705,Vertical,3.87779,0.3,0.3
10278,A,119,57.90396,12.01861,57.92812,12.09396,18.305,Vertical,5.21375,0.3,0.6
10278,B,122,57.92812,12.09396,57.90396,12.01861,19.315,Vertical,5.21375,0.6,0.3
10279,A,243,57.79677,11.9343,57.77662,11.89551,29.1865,Vertical,3.21873,0.3,0.3
10279,B,241,57.77662,11.89551,57.79677,11.9343,28.1785,Vertical,3.21873,0.3,0.3
10280,A,37,57.84275,11.8712,57.86071,11.86308,37.212,Vertical,2.05648,0.3,0.3
10280,B,35,57.86071,11.86308,57.84275,11.8712,38.472,Vertical,2.05648,0.3,0.3
10281,A,89,57.8988,11.83383,57.88614,11.79702,29.1865,Vertical,2.59853,0.3,0.3
10281,B,87,57.88614,11.79702,57.8988,11.83383,28.1785,Vertical,2.59853,0.3,0.3
10282,A,272,57.73537,11.67604,57.68198,11.65452,19.205,Vertical,6.08106,0.6,0.6
10282,B,271,57.68198,11.65452,57.73537,11.67604,18.195,Vertical,6.08106,0.6,0.6
10283,A,269,57.68198,11.65452,57.72355,11.8898,7.456,Horizontal,14.77158,0.6,0.6
10283,B,274,57.72355,11.8898,57.68198,11.65452,7.61,Horizontal,14.77158,0.6,0.6
10284,A,268,57.70958,11.64791,57.68198,11.65452,37.212,Vertical,3.09851,0.3,0.6
10284,B,270,57.68198,11.65452,57.70958,11.64791,38.472,Vertical,3.09851,0.6,0.3
10285,A,686,57.7173,11.64661,57.68198,11.65452,37.268,Vertical,3.96029,0.6,0.6
10285,B,685,57.68198,11.65452,57.7173,11.64661,38.528,Vertical,3.96029,0.6,0.6
10286,A,276,57.77788,11.61644,57.74197,11.7907,29.2425,Vertical,11.11698,0.9,0.9
10286,B,275,57.74197,11.7907,57.77788,11.61644,28.2345,Vertical,11.11698,0.9,0.9
10287,A,338,57.7554,11.6528,57.73537,11.67604,38.528,Vertical,2.62454,0.3,0.3
10287,B,337,57.73537,11.67604,57.7554,11.6528,37.268,Vertical,2.62454,0.3,0.3
10288,A,55,57.76959,12.01606,57.74716,11.99763,28.2345,Vertical,2.72734,0.3,0.3
10288,B,56,57.74716,11.99763,57.76959,12.01606,29.2425,Vertical,2.72734,0.3,0.3
10289,A,4,57.77905,12.03998,57.78109,12.03528,29.2145,Vertical,0.36079,0.3,0.3
10289,B,3,57.78109,12.03528,57.77905,12.03998,28.2065,Vertical,0.36079,0.3,0.3
10290,A,285,57.7935,11.99427,57.80246,12.00359,38.5,Vertical,1.14078,0.2,0.3
10290,B,283,57.80246,12.00359,57.7935,11.99427,37.268,Vertical,1.14078,0.3,0.2
10291,A,51,57.76013,11.95265,57.75216,11.9591,28.1785,Vertical,0.96727,0.3,0.3
10291,B,52,57.75216,11.9591,57.76013,11.95265,29.1865,Vertical,0.96727,0.3,0.3
10292,A,413,57.77631,11.99937,57.76734,12.00477,29.2705,Vertical,1.04804,0.3,0.3
10292,B,414,57.76734,12.00477,57.77631,11.99937,28.2625,Vertical,1.04804,0.3,0.3
10293,A,158,57.81062,11.97284,57.81784,11.99054,38.472,Vertical,1.32327,0.3,0.3
10293,B,157,57.81784,11.99054,57.81062,11.97284,37.212,Vertical,1.32327,0.3,0.3
10294,A,191,57.53519,11.93086,57.54445,11.96402,28.2065,Vertical,2.23792,0.3,0.3
10294,B,192,57.54445,11.96402,57.53519,11.93086,29.2145,Vertical,2.23792,0.3,0.3
10295,A,426,57.52259,11.94959,57.54445,11.96402,28.1785,Vertical,2.58262,0.3,0.3
10295,B,422,57.54445,11.96402,57.52259,11.94959,29.1865,Vertical,2.58262,0.3,0.3
10296,A,150,57.50743,11.99256,57.53519,11.93086,29.2425,Vertical,4.81848,0.6,0.6
10296,B,149,57.53519,11.93086,57.50743,11.99256,28.2345,Vertical,4.81848,0.6,0.6
10297,A,134,57.4539,11.93077,57.45149,11.96821,29.2425,Vertical,2.26339,0.3,0.3
10297,B,133,57.45149,11.96821,57.4539,11.93077,28.2345,Vertical,2.26339,0.3,0.3
10298,A,54,57.47948,11.97201,57.45149,11.96821,29.2145,Vertical,3.12393,0.3,0.3
10298,B,53,57.45149,11.96821,57.47948,11.97201,28.2065,Vertical,3.12393,0.3,0.3
10299,A,318,57.46922,11.99071,57.48725,12.05824,28.1785,Vertical,4.52126,0.3,0.3
10299,B,321,57.48725,12.05824,57.46922,11.99071,29.1865,Vertical,4.52126,0.3,0.3
10300,A,319,57.45149,11.96821,57.48725,12.05824,18.305,Vertical,6.70994,0.6,0.6
10300,B,315,57.48725,12.05824,57.45149,11.96821,19.315,Vertical,6.70994,0.6,0.6
10301,A,267,57.4308,11.93935,57.40982,12.00901,28.17875,Vertical,4.79262,0.6,0.6
10301,B,273,57.40982,12.00901,57.4308,11.93935,29.1865,Vertical,4.79262,0.6,0.6
10302,A,546,57.42862,11.98516,57.40982,12.00901,37.324,Vertical,2.53626,0.3,0.3
10302,B,545,57.40982,12.00901,57.42862,11.98516,38.584,Vertical,2.53626,0.3,0.3
10303,A,548,57.37299,11.97367,57.40982,12.00901,28,Vertical,4.61773,0.6,0.6
10303,B,547,57.40982,12.00901,57.37299,11.97367,28,Vertical,4.61773,0.6,0.6
10304,A,317,57.50703,12.06412,57.48725,12.05824,28.2065,Vertical,2.22996,0.3,0.3
10304,B,314,57.48725,12.05824,57.50703,12.06412,29.2145,Vertical,2.22996,0.3,0.3
10305,A,586,57.5068,12.08205,57.48725,12.05824,37.24,Vertical,2.60316,0.3,0.3
10305,B,585,57.48725,12.05824,57.5068,12.08205,38.5,Vertical,2.60316,0.3,0.3
10306,A,518,57.48944,12.08035,57.48725,12.05824,32.347,Vertical,1.34807,0.3,0.3
10306,B,517,57.48725,12.05824,57.48944,12.08035,33.159,Vertical,1.34807,0.3,0.3
10307,A,515,57.48852,12.10566,57.48944,12.08035,38.472,Vertical,1.52179,0.3,0.3
10307,B,516,57.48944,12.08035,57.48852,12.10566,37.212,Vertical,1.52179,0.3,0.3
10308,A,514,57.48027,12.09186,57.48944,12.08035,38.5,Vertical,1.23247,0.3,0.3
10308,B,513,57.48944,12.08035,57.48027,12.09186,37.24,Vertical,1.23247,0.3,0.3
10309,A,168,57.46535,12.10057,57.43655,12.02608,29.2425,Vertical,5.50184,0.3,0.6
10309,B,167,57.43655,12.02608,57.46535,12.10057,28.2345,Vertical,5.50184,0.6,0.3
10310,A,322,57.44623,12.11039,57.48725,12.05824,28.1785,Vertical,5.53532,0.6,0.3
10310,B,313,57.48725,12.05824,57.44623,12.11039,29.1865,Vertical,5.53532,0.3,0.6
10311,A,258,57.35412,12.08937,57.40982,12.00901,18.195,Vertical,7.86182,0.6,0.6
10311,B,256,57.40982,12.00901,57.35412,12.08937,19.205,Vertical,7.86182,0.6,0.6
10312,A,499,57.35213,12.13545,57.36575,12.14632,29.2425,Vertical,1.65101,0.3,0.3
10312,B,500,57.36575,12.14632,57.35213,12.13545,28.2345,Vertical,1.65101,0.3,0.3
10313,A,26,57.31582,12.17328,57.33952,12.15754,29.1865,Vertical,2.80368,0.3,0.3
10313,B,25,57.33952,12.15754,57.31582,12.17328,28.1785,Vertical,2.80368,0.3,0.3
10314,A,255,57.38791,12.02416,57.35412,12.08937,29.1865,Vertical,5.43539,0.3,0.6
10314,B,257,57.35412,12.08937,57.38791,12.02416,28.1785,Vertical,5.43539,0.6,0.3
10315,A,505,57.53452,12.17439,57.54191,12.11047,38.528,Vertical,3.91562,0.6,0.6
10315,B,506,57.54191,12.11047,57.53452,12.17439,37.268,Vertical,3.91562,0.6,0.6
10316,A,543,57.43655,12.02608,57.40982,12.00901,28.2065,Vertical,3.14772,0.3,0.3
10316,B,544,57.40982,12.00901,57.43655,12.02608,29.2145,Vertical,3.14772,0.3,0.3
10317,A,669,57.49135,12.00979,57.48725,12.05824,37.296,Vertical,2.9412,0.3,0.3
10317,B,670,57.48725,12.05824,57.49135,12.00979,38.556,Vertical,2.9412,0.3,0.3
10318,A,370,57.55516,11.98875,57.54445,11.96402,37.24,Vertical,1.90068,0.3,0.3
10318,B,369,57.54445,11.96402,57.55516,11.98875,38.5,Vertical,1.90068,0.3,0.3
10319,A,31,57.55891,11.9635,57.54445,11.96402,37.212,Vertical,1.60945,0.3,0.3
10319,B,32,57.54445,11.96402,57.55891,11.9635,38.472,Vertical,1.60945,0.3,0.3
10320,A,584,57.54191,12.11047,57.48725,12.05824,18.36,Vertical,6.84287,0.6,0.6
10320,B,583,57.48725,12.05824,57.54191,12.11047,19.37,Vertical,6.84287,0.6,0.6
10321,A,144,57.57084,12.23662,57.56957,12.303,29.2425,Vertical,3.97451,0.3,0.3
10321,B,143,57.56957,12.303,57.57084,12.23662,28.2345,Vertical,3.97451,0.3,0.3
10322,A,34,57.45934,12.18798,57.48725,12.05824,18.415,Vertical,8.38118,0.6,0.6
10322,B,33,57.48725,12.05824,57.45934,12.18798,19.425,Vertical,8.38118,0.6,0.6
10323,A,156,57.33136,12.32006,57.35334,12.21084,14.515,Vertical,7.01685,0.6,0.6
10323,B,155,57.35334,12.21084,57.33136,12.32006,14.935,Vertical,7.01685,0.6,0.6
10324,A,350,57.36442,12.34718,57.35334,12.21084,14.599,Vertical,8.29767,0.6,0.6
10324,B,349,57.35334,12.21084,57.36442,12.34718,15.019,Vertical,8.29767,0.6,0.6
10325,A,213,57.52939,11.97883,57.54445,11.96402,37.296,Vertical,1.89689,0.3,0.3
10325,B,214,57.54445,11.96402,57.52939,11.97883,38.556,Vertical,1.89689,0.3,0.3
10326,A,364,57.40525,11.96814,57.40982,12.00901,37.2995,Vertical,2.50806,0.3,0.3
10326,B,363,57.40982,12.00901,57.40525,11.96814,38.5595,Vertical,2.50806,0.3,0.3
10327,A,29,57.39787,12.24899,57.39879,12.18744,29.2425,Vertical,3.70238,0.3,0.3
10327,B,30,57.39879,12.18744,57.39787,12.24899,28.2345,Vertical,3.70238,0.3,0.3
10328,A,495,57.64629,11.8618,57.64947,11.89227,29.2425,Vertical,1.85362,0.3,0.3
10328,B,492,57.64947,11.89227,57.64629,11.8618,28.2345,Vertical,1.85362,0.3,0.3
10329,A,493,57.64545,11.87681,57.64947,11.89227,29.1685,Vertical,1.02567,0.3,0.3
10329,B,490,57.64947,11.89227,57.64545,11.87681,28.1785,Vertical,1.02567,0.3,0.3
10330,A,479,57.62696,11.93514,57.6326,11.94944,29.1865,Vertical,1.06017,0.3,0.3
10330,B,480,57.6326,11.94944,57.62696,11.93514,28.1785,Vertical,1.06017,0.3,0.3
10331,A,249,57.6326,11.94944,57.65076,11.91455,28.2625,Vertical,2.90312,0.3,0.3
10331,B,250,57.65076,11.91455,57.6326,11.94944,29.2705,Vertical,2.90312,0.3,0.3
10332,A,434,57.63057,11.90582,57.65076,11.91455,28.1785,Vertical,2.30709,0.3,0.3
10332,B,431,57.65076,11.91455,57.63057,11.90582,29.1865,Vertical,2.30709,0.3,0.3
10333,A,489,57.63198,11.88656,57.64947,11.89227,29.2705,Vertical,1.97646,0.3,0.3
10333,B,491,57.64947,11.89227,57.63198,11.88656,28.2625,Vertical,1.97646,0.3,0.3
10334,A,538,57.61799,11.89062,57.6151,11.79072,33.201,Vertical,5.97867,0.3,0.3
10334,B,537,57.6151,11.79072,57.61799,11.89062,32.389,Vertical,5.97867,0.3,0.3
10335,A,619,57.59376,11.93448,57.57948,11.97472,29.1865,Vertical,2.88487,0.3,0.3
10335,B,620,57.57948,11.97472,57.59376,11.93448,28.1785,Vertical,2.88487,0.3,0.3
10336,A,501,57.61401,11.94699,57.63057,11.90582,29.2425,Vertical,3.07442,0.3,0.3
10336,B,502,57.63057,11.90582,57.61401,11.94699,28.2345,Vertical,3.07442,0.3,0.3
10337,A,126,57.64216,11.77299,57.6151,11.79072,29.2705,Vertical,3.19287,0.3,0.3
10337,B,125,57.6151,11.79072,57.64216,11.77299,28.2625,Vertical,3.19287,0.3,0.3
10338,A,248,57.6151,11.79072,57.65076,11.91455,18.36,Vertical,8.39449,0.6,0.6
10338,B,247,57.65076,11.91455,57.6151,11.79072,19.37,Vertical,8.39449,0.6,0.6
10339,A,536,57.59569,11.80599,57.6151,11.79072,38.584,Vertical,2.34548,0.3,0.3
10339,B,535,57.6151,11.79072,57.59569,11.80599,37.324,Vertical,2.34548,0.3,0.3
10340,A,576,57.56979,11.79178,57.59569,11.80599,37.24,Vertical,3.00627,0.3,0.3
10340,B,575,57.59569,11.80599,57.56979,11.79178,38.5,Vertical,3.00627,0.3,0.3
10341,A,417,57.57948,11.97472,57.54445,11.96402,28.2065,Vertical,3.95074,0.6,0.6
10341,B,418,57.54445,11.96402,57.57948,11.97472,29.2145,Vertical,3.95074,0.6,0.6
10342,A,484,57.60884,11.93334,57.59376,11.93448,37.268,Vertical,1.68041,0.2,0.3
10342,B,483,57.59376,11.93448,57.60884,11.93334,38.528,Vertical,1.68041,0.3,0.2
10343,A,342,57.60431,11.95576,57.57948,11.97472,38.584,Vertical,2.98785,0.3,0.6
10343,B,340,57.57948,11.97472,57.60431,11.95576,37.324,Vertical,2.98785,0.6,0.3
10344,A,216,57.51814,12.08076,57.50703,12.06412,29.2705,Vertical,1.58834,0.3,0.3
10344,B,215,57.50703,12.06412,57.51814,12.08076,28.2625,Vertical,1.58834,0.3,0.3
10345,A,316,57.49337,12.07641,57.48725,12.05824,28.2345,Vertical,1.28505,0.3,0.3
10345,B,320,57.48725,12.05824,57.49337,12.07641,29.2425,Vertical,1.28505,0.3,0.3
10346,A,712,57.42555,12.1673,57.46876,12.22136,19.37,Vertical,5.80218,0.3,0.6
10346,B,708,57.46876,12.22136,57.42555,12.1673,18.36,Vertical,5.80218,0.6,0.3
10347,A,710,57.50173,12.16744,57.46876,12.22136,28.2065,Vertical,4.8924,0.6,0.6
10347,B,709,57.46876,12.22136,57.50173,12.16744,29.2145,Vertical,4.8924,0.6,0.6
10348,A,711,57.56957,12.303,57.46876,12.22136,19.315,Vertical,12.24242,0.6,0.6
10348,B,707,57.46876,12.22136,57.56957,12.303,18.305,Vertical,12.24242,0.6,0.6
10349,A,699,57.48755,12.28955,57.46876,12.22136,28.2625,Vertical,4.59418,0.6,0.3
10349,B,700,57.46876,12.22136,57.48755,12.28955,29.2705,Vertical,4.59418,0.3,0.6
10350,A,694,57.46876,12.22136,57.48725,12.05824,18.36,Vertical,9.99994,0.6,0.6
10350,B,693,57.48725,12.05824,57.46876,12.22136,19.37,Vertical,9.99994,0.6,0.6
10351,A,706,57.42827,12.34478,57.46876,12.22136,28.1785,Vertical,8.67254,0.6,0.6
10351,B,705,57.46876,12.22136,57.42827,12.34478,29.1865,Vertical,8.67254,0.6,0.6
10352,A,727,57.70802,11.94824,57.70588,11.94409,38.5,Vertical,0.34382,0.3,0.3
10352,B,728,57.70588,11.94409,57.70802,11.94824,37.24,Vertical,0.34382,0.3,0.3
10353,A,725,57.70608,11.93871,57.70588,11.94409,38.584,Vertical,0.32142,0.3,0.3
10353,B,726,57.70588,11.94409,57.70608,11.93871,37.324,Vertical,0.32142,0.3,0.3
10354,A,718,57.7057,11.99134,57.70923,12.00797,37.324,Vertical,1.06601,0.3,0.3
10354,B,717,57.70923,12.00797,57.7057,11.99134,38.584,Vertical,1.06601,0.3,0.3
10355,A,716,57.71543,11.99411,57.70923,12.00797,37.24,Vertical,1.07598,0.3,0.3
10355,B,715,57.70923,12.00797,57.71543,11.99411,38.5,Vertical,1.07598,0.3,0.3
10356,A,722,57.70144,12.03743,57.70375,12.01851,33.257,Vertical,1.15659,0.3,0.3
10356,B,721,57.70375,12.01851,57.70144,12.03743,32.445,Vertical,1.15659,0.3,0.3
10357,A,713,57.69467,11.99512,57.69675,12.00068,32.389,Vertical,0.4044,0.3,0.3
10357,B,714,57.69675,12.00068,57.69467,11.99512,33.201,Vertical,0.4044,0.3,0.3
10358,A,691,57.7185,11.93493,57.7147,11.91276,28.1785,Vertical,1.38718,0.3,0.3
10358,B,692,57.7147,11.91276,57.7185,11.93493,29.1865,Vertical,1.38718,0.3,0.3
10359,A,698,57.69274,11.99323,57.69785,11.9911,37.184,Vertical,0.58208,0.3,0.3
10359,B,697,57.69785,11.9911,57.69274,11.99323,38.444,Vertical,0.58208,0.3,0.3
10360,A,724,57.70588,11.94409,57.72355,11.8898,32.333,Vertical,3.78685,0.3,0.3
10360,B,723,57.72355,11.8898,57.70588,11.94409,33.145,Vertical,3.78685,0.3,0.3
10361,A,696,57.67247,12.01552,57.68194,12.00302,28.2345,Vertical,1.29103,0.3,0.3
10361,B,695,57.68194,12.00302,57.67247,12.01552,29.2425,Vertical,1.29103,0.3,0.3
10362,A,720,57.64649,12.1175,57.65908,12.13829,29.2425,Vertical,1.87269,0.3,0.3
10362,B,719,57.65908,12.13829,57.64649,12.1175,28.2345,Vertical,1.87269,0.3,0.3
10363,A,704,57.65543,12.03017,57.62855,11.9672,28.1785,Vertical,4.80579,0.3,0.6
10363,B,703,57.62855,11.9672,57.65543,12.03017,29.1865,Vertical,4.80579,0.6,0.3
10364,A,702,57.70923,12.00797,57.71181,11.98477,28.2485,Vertical,1.41213,0.3,0.3
10364,B,701,57.71181,11.98477,57.70923,12.00797,29.2565,Vertical,1.41213,0.3,0.3
