network,event,issue,product,wet_cells,mean_diff_kmh,radar_speed_kmh
openrainer,20220817T10,2022-08-17 12:00:00,cml_idw10,78,36.455,36.455
openrainer,20220817T10,2022-08-17 12:00:00,cml_idw20,310,36.392,36.392
openrainer,20220817T10,2022-08-17 12:00:00,cml_idw40,1009,36.051,36.051
openrainer,20220817T10,2022-08-17 12:00:00,merged,1595,0.000,45.560
openrainer,20220817T10,2022-08-17 13:00:00,cml_idw10,0,,
openrainer,20220817T10,2022-08-17 13:00:00,cml_idw20,0,,
openrainer,20220817T10,2022-08-17 13:00:00,cml_idw40,0,,
openrainer,20220817T10,2022-08-17 13:00:00,merged,1699,5.037,69.939
openrainer,20220817T10,2022-08-17 14:00:00,cml_idw10,0,,
openrainer,20220817T10,2022-08-17 14:00:00,cml_idw20,0,,
openrainer,20220817T10,2022-08-17 14:00:00,cml_idw40,0,,
openrainer,20220817T10,2022-08-17 14:00:00,merged,1124,29.318,80.111
openrainer,20220817T10,2022-08-17 15:00:00,cml_idw10,0,,
openrainer,20220817T10,2022-08-17 15:00:00,cml_idw20,0,,
openrainer,20220817T10,2022-08-17 15:00:00,cml_idw40,0,,
openrainer,20220817T10,2022-08-17 15:00:00,merged,1650,8.115,45.999
openrainer,20220817T10,2022-08-17 16:00:00,cml_idw10,0,,
openrainer,20220817T10,2022-08-17 16:00:00,cml_idw20,0,,
openrainer,20220817T10,2022-08-17 16:00:00,cml_idw40,0,,
openrainer,20220817T10,2022-08-17 16:00:00,merged,1996,12.858,63.055
openrainer,20220817T10,2022-08-17 17:00:00,cml_idw10,296,62.019,61.262
openrainer,20220817T10,2022-08-17 17:00:00,cml_idw20,976,64.518,62.513
openrainer,20220817T10,2022-08-17 17:00:00,cml_idw40,2566,71.225,62.465
openrainer,20220817T10,2022-08-17 17:00:00,merged,2187,20.206,61.161
openrainer,20220817T10,2022-08-17 18:00:00,cml_idw10,193,56.796,56.298
openrainer,20220817T10,2022-08-17 18:00:00,cml_idw20,538,57.536,56.472
openrainer,20220817T10,2022-08-17 18:00:00,cml_idw40,1271,55.836,56.930
openrainer,20220817T10,2022-08-17 18:00:00,merged,952,9.321,58.270
openrainer,20220817T10,2022-08-17 19:00:00,cml_idw10,0,,
openrainer,20220817T10,2022-08-17 19:00:00,cml_idw20,0,,
openrainer,20220817T10,2022-08-17 19:00:00,cml_idw40,0,,
openrainer,20220817T10,2022-08-17 19:00:00,merged,1251,2.270,73.178
openrainer,20220817T10,2022-08-18 01:00:00,cml_idw10,0,,
openrainer,20220817T10,2022-08-18 01:00:00,cml_idw20,0,,
openrainer,20220817T10,2022-08-18 01:00:00,cml_idw40,0,,
openrainer,20220817T10,2022-08-18 01:00:00,merged,1415,14.072,69.691
openrainer,20220817T10,2022-08-18 02:00:00,cml_idw10,281,81.288,81.385
openrainer,20220817T10,2022-08-18 02:00:00,cml_idw20,871,79.761,81.401
openrainer,20220817T10,2022-08-18 02:00:00,cml_idw40,2038,79.718,81.430
openrainer,20220817T10,2022-08-18 02:00:00,merged,1312,2.623,82.507
openrainer,20220817T10,2022-08-18 03:00:00,cml_idw10,77,62.461,76.950
openrainer,20220817T10,2022-08-18 03:00:00,cml_idw20,301,67.213,76.980
openrainer,20220817T10,2022-08-18 03:00:00,cml_idw40,990,101.895,76.991
openrainer,20220817T10,2022-08-18 03:00:00,merged,1677,5.419,76.951
openrainer,20220817T10,2022-08-18 05:00:00,cml_idw10,122,75.548,78.145
openrainer,20220817T10,2022-08-18 05:00:00,cml_idw20,402,73.229,78.220
openrainer,20220817T10,2022-08-18 05:00:00,cml_idw40,1009,71.470,78.491
openrainer,20220817T10,2022-08-18 05:00:00,merged,4742,31.308,77.166
openrainer,20220817T10,2022-08-18 06:00:00,cml_idw10,0,,
openrainer,20220817T10,2022-08-18 06:00:00,cml_idw20,0,,
openrainer,20220817T10,2022-08-18 06:00:00,cml_idw40,0,,
openrainer,20220817T10,2022-08-18 06:00:00,merged,1427,4.228,60.839
openrainer,20220817T10,2022-08-18 07:00:00,cml_idw10,0,,
openrainer,20220817T10,2022-08-18 07:00:00,cml_idw20,0,,
openrainer,20220817T10,2022-08-18 07:00:00,cml_idw40,0,,
openrainer,20220817T10,2022-08-18 07:00:00,merged,4056,11.155,69.015
openrainer,20220817T10,2022-08-18 08:00:00,cml_idw10,358,76.774,78.542
openrainer,20220817T10,2022-08-18 08:00:00,cml_idw20,1100,73.150,78.647
openrainer,20220817T10,2022-08-18 08:00:00,cml_idw40,2205,51.501,78.710
openrainer,20220817T10,2022-08-18 08:00:00,merged,4399,17.252,77.123
openrainer,20220817T10,2022-08-18 09:00:00,cml_idw10,1390,76.868,78.106
openrainer,20220817T10,2022-08-18 09:00:00,cml_idw20,3359,74.975,77.276
openrainer,20220817T10,2022-08-18 09:00:00,cml_idw40,6612,75.035,76.899
openrainer,20220817T10,2022-08-18 09:00:00,merged,10152,17.898,76.329
openrainer,20220817T10,2022-08-18 10:00:00,cml_idw10,1276,74.297,75.507
openrainer,20220817T10,2022-08-18 10:00:00,cml_idw20,3148,70.415,73.963
openrainer,20220817T10,2022-08-18 10:00:00,cml_idw40,6415,63.946,74.705
openrainer,20220817T10,2022-08-18 10:00:00,merged,9558,24.690,75.723
openrainer,20220817T10,2022-08-18 11:00:00,cml_idw10,360,77.149,76.953
openrainer,20220817T10,2022-08-18 11:00:00,cml_idw20,1160,77.543,77.090
openrainer,20220817T10,2022-08-18 11:00:00,cml_idw40,2272,79.431,77.302
openrainer,20220817T10,2022-08-18 11:00:00,merged,6539,16.891,84.860
openrainer,20220817T10,2022-08-18 12:00:00,cml_idw10,0,,
openrainer,20220817T10,2022-08-18 12:00:00,cml_idw20,0,,
openrainer,20220817T10,2022-08-18 12:00:00,cml_idw40,0,,
openrainer,20220817T10,2022-08-18 12:00:00,merged,1527,7.556,96.804
openrainer,20220817T10,2022-08-18 13:00:00,cml_idw10,0,,
openrainer,20220817T10,2022-08-18 13:00:00,cml_idw20,0,,
openrainer,20220817T10,2022-08-18 13:00:00,cml_idw40,0,,
openrainer,20220817T10,2022-08-18 13:00:00,merged,1469,2.049,28.842
openrainer,20220817T10,2022-08-18 16:00:00,cml_idw10,0,,
openrainer,20220817T10,2022-08-18 16:00:00,cml_idw20,0,,
openrainer,20220817T10,2022-08-18 16:00:00,cml_idw40,0,,
openrainer,20220817T10,2022-08-18 16:00:00,merged,995,0.911,81.195
openrainer,20220817T10,2022-08-18 17:00:00,cml_idw10,605,47.655,67.699
openrainer,20220817T10,2022-08-18 17:00:00,cml_idw20,1500,56.226,67.674
openrainer,20220817T10,2022-08-18 17:00:00,cml_idw40,3083,61.996,67.637
openrainer,20220817T10,2022-08-18 17:00:00,merged,1441,17.744,67.991
openrainer,20220817T10,2022-08-18 18:00:00,cml_idw10,367,68.367,71.736
openrainer,20220817T10,2022-08-18 18:00:00,cml_idw20,1003,65.038,71.873
openrainer,20220817T10,2022-08-18 18:00:00,cml_idw40,2632,56.943,72.131
openrainer,20220817T10,2022-08-18 18:00:00,merged,4247,13.710,72.751
openrainer,20220817T10,2022-08-18 19:00:00,cml_idw10,34,65.638,65.639
openrainer,20220817T10,2022-08-18 19:00:00,cml_idw20,42,65.423,65.427
openrainer,20220817T10,2022-08-18 19:00:00,cml_idw40,37,38.942,65.390
openrainer,20220817T10,2022-08-18 19:00:00,merged,2732,3.189,65.324
openrainer,20220817T10,2022-08-18 20:00:00,cml_idw10,472,57.634,61.681
openrainer,20220817T10,2022-08-18 20:00:00,cml_idw20,1186,58.066,61.964
openrainer,20220817T10,2022-08-18 20:00:00,cml_idw40,2826,56.851,62.383
openrainer,20220817T10,2022-08-18 20:00:00,merged,4185,15.648,64.213
openrainer,20220817T10,2022-08-18 21:00:00,cml_idw10,666,42.999,54.331
openrainer,20220817T10,2022-08-18 21:00:00,cml_idw20,1421,41.254,54.038
openrainer,20220817T10,2022-08-18 21:00:00,cml_idw40,2662,32.241,53.746
openrainer,20220817T10,2022-08-18 21:00:00,merged,4223,14.560,57.621
openrainer,20220817T10,2022-08-18 22:00:00,cml_idw10,429,48.996,51.643
openrainer,20220817T10,2022-08-18 22:00:00,cml_idw20,895,49.991,51.732
openrainer,20220817T10,2022-08-18 22:00:00,cml_idw40,1733,51.370,52.372
openrainer,20220817T10,2022-08-18 22:00:00,merged,4051,4.280,56.070
openrainer,20220817T10,2022-08-18 23:00:00,cml_idw10,986,58.756,60.096
openrainer,20220817T10,2022-08-18 23:00:00,cml_idw20,2041,54.931,59.727
openrainer,20220817T10,2022-08-18 23:00:00,cml_idw40,4142,52.665,59.432
openrainer,20220817T10,2022-08-18 23:00:00,merged,6930,12.208,58.440
openrainer,20220817T10,2022-08-19 00:00:00,cml_idw10,704,56.321,57.185
openrainer,20220817T10,2022-08-19 00:00:00,cml_idw20,1585,54.898,57.171
openrainer,20220817T10,2022-08-19 00:00:00,cml_idw40,3393,57.076,57.263
openrainer,20220817T10,2022-08-19 00:00:00,merged,4731,8.121,57.479
openrainer,20220817T10,2022-08-19 01:00:00,cml_idw10,180,57.883,61.899
openrainer,20220817T10,2022-08-19 01:00:00,cml_idw20,418,52.351,61.996
openrainer,20220817T10,2022-08-19 01:00:00,cml_idw40,1054,47.789,62.246
openrainer,20220817T10,2022-08-19 01:00:00,merged,5020,23.964,55.436
openrainer,20220817T10,2022-08-19 02:00:00,cml_idw10,351,49.469,48.235
openrainer,20220817T10,2022-08-19 02:00:00,cml_idw20,658,52.916,46.726
openrainer,20220817T10,2022-08-19 02:00:00,cml_idw40,1044,51.777,46.162
openrainer,20220817T10,2022-08-19 02:00:00,merged,6672,6.292,59.287
openrainer,20220817T10,2022-08-19 03:00:00,cml_idw10,595,21.697,20.152
openrainer,20220817T10,2022-08-19 03:00:00,cml_idw20,1307,21.947,20.035
openrainer,20220817T10,2022-08-19 03:00:00,cml_idw40,2516,23.106,20.781
openrainer,20220817T10,2022-08-19 03:00:00,merged,6379,12.906,26.365
openrainer,20220817T10,2022-08-19 04:00:00,cml_idw10,301,11.408,10.074
openrainer,20220817T10,2022-08-19 04:00:00,cml_idw20,678,10.207,10.068
openrainer,20220817T10,2022-08-19 04:00:00,cml_idw40,1313,11.671,10.018
openrainer,20220817T10,2022-08-19 04:00:00,merged,4281,2.555,9.546
openrainer,20220817T10,2022-08-19 05:00:00,cml_idw10,445,12.996,12.607
openrainer,20220817T10,2022-08-19 05:00:00,cml_idw20,1354,13.145,12.398
openrainer,20220817T10,2022-08-19 05:00:00,cml_idw40,3294,14.393,12.324
openrainer,20220817T10,2022-08-19 05:00:00,merged,4356,7.459,12.463
openrainer,20220817T10,2022-08-19 06:00:00,cml_idw10,663,8.440,7.895
openrainer,20220817T10,2022-08-19 06:00:00,cml_idw20,1782,6.297,7.170
openrainer,20220817T10,2022-08-19 06:00:00,cml_idw40,3782,5.796,6.968
openrainer,20220817T10,2022-08-19 06:00:00,merged,8436,9.900,8.388
openrainer,20220817T10,2022-08-19 07:00:00,cml_idw10,478,12.973,13.800
openrainer,20220817T10,2022-08-19 07:00:00,cml_idw20,1288,12.746,12.887
openrainer,20220817T10,2022-08-19 07:00:00,cml_idw40,2870,11.165,11.954
openrainer,20220817T10,2022-08-19 07:00:00,merged,4927,4.166,10.082
openrainer,20220817T10,2022-08-19 08:00:00,cml_idw10,435,20.073,23.651
openrainer,20220817T10,2022-08-19 08:00:00,cml_idw20,922,21.571,23.604
openrainer,20220817T10,2022-08-19 08:00:00,cml_idw40,1897,27.443,23.508
openrainer,20220817T10,2022-08-19 08:00:00,merged,4227,4.249,17.504
openrainer,20220817T10,2022-08-19 09:00:00,cml_idw10,151,15.803,17.014
openrainer,20220817T10,2022-08-19 09:00:00,cml_idw20,474,15.725,17.017
openrainer,20220817T10,2022-08-19 09:00:00,cml_idw40,1060,15.061,16.968
openrainer,20220817T10,2022-08-19 09:00:00,merged,4741,2.473,12.155
openrainer,20220817T10,2022-08-19 10:00:00,cml_idw10,78,22.784,22.921
openrainer,20220817T10,2022-08-19 10:00:00,cml_idw20,307,22.886,22.653
openrainer,20220817T10,2022-08-19 10:00:00,cml_idw40,989,22.769,22.089
openrainer,20220817T10,2022-08-19 10:00:00,merged,3839,1.682,18.870
openrainer,20220817T10,2022-08-19 11:00:00,cml_idw10,66,35.801,23.401
openrainer,20220817T10,2022-08-19 11:00:00,cml_idw20,219,31.083,23.117
openrainer,20220817T10,2022-08-19 11:00:00,cml_idw40,672,20.681,22.036
openrainer,20220817T10,2022-08-19 11:00:00,merged,2523,2.047,23.165
openrainer,20220817T10,2022-08-19 12:00:00,cml_idw10,174,16.126,17.383
openrainer,20220817T10,2022-08-19 12:00:00,cml_idw20,414,15.076,17.356
openrainer,20220817T10,2022-08-19 12:00:00,cml_idw40,1012,15.904,17.298
openrainer,20220817T10,2022-08-19 12:00:00,merged,1004,2.650,14.406
openrainer,20220817T10,2022-08-19 13:00:00,cml_idw10,147,12.395,14.312
openrainer,20220817T10,2022-08-19 13:00:00,cml_idw20,344,12.443,14.188
openrainer,20220817T10,2022-08-19 13:00:00,cml_idw40,888,9.240,13.588
openrainer,20220817T10,2022-08-19 13:00:00,merged,695,1.674,12.127
openrainer,20220817T10,2022-08-19 14:00:00,cml_idw10,106,8.722,11.379
openrainer,20220817T10,2022-08-19 14:00:00,cml_idw20,255,8.572,11.268
openrainer,20220817T10,2022-08-19 14:00:00,cml_idw40,516,8.560,11.192
openrainer,20220817T10,2022-08-19 14:00:00,merged,420,0.965,11.589
openrainer,20220817T10,2022-08-19 15:00:00,cml_idw10,92,9.496,9.497
openrainer,20220817T10,2022-08-19 15:00:00,cml_idw20,317,9.493,9.495
openrainer,20220817T10,2022-08-19 15:00:00,cml_idw40,630,9.408,9.411
openrainer,20220817T10,2022-08-19 15:00:00,merged,330,0.658,10.217
openrainer,20220806T09,2022-08-06 11:00:00,cml_idw10,187,2.749,2.484
openrainer,20220806T09,2022-08-06 11:00:00,cml_idw20,665,2.793,2.498
openrainer,20220806T09,2022-08-06 11:00:00,cml_idw40,1847,3.953,2.499
openrainer,20220806T09,2022-08-06 11:00:00,merged,5692,16.258,2.502
openrainer,20220806T09,2022-08-06 12:00:00,cml_idw10,91,1.928,1.559
openrainer,20220806T09,2022-08-06 12:00:00,cml_idw20,329,2.997,1.550
openrainer,20220806T09,2022-08-06 12:00:00,cml_idw40,1035,4.177,1.522
openrainer,20220806T09,2022-08-06 12:00:00,merged,4967,23.933,1.625
openrainer,20220806T09,2022-08-06 13:00:00,cml_idw10,76,0.651,0.656
openrainer,20220806T09,2022-08-06 13:00:00,cml_idw20,288,0.640,0.648
openrainer,20220806T09,2022-08-06 13:00:00,cml_idw40,937,30.956,0.652
openrainer,20220806T09,2022-08-06 13:00:00,merged,4970,50.164,0.806
openrainer,20220806T09,2022-08-06 14:00:00,cml_idw10,105,1.901,1.901
openrainer,20220806T09,2022-08-06 14:00:00,cml_idw20,300,1.881,1.881
openrainer,20220806T09,2022-08-06 14:00:00,cml_idw40,701,1.838,1.838
openrainer,20220806T09,2022-08-06 14:00:00,merged,264,3.857,1.511
openrainer,20220806T09,2022-08-06 18:00:00,cml_idw10,154,3.328,0.371
openrainer,20220806T09,2022-08-06 18:00:00,cml_idw20,528,0.766,0.383
openrainer,20220806T09,2022-08-06 18:00:00,cml_idw40,1322,12.691,0.517
openrainer,20220806T09,2022-08-06 18:00:00,merged,7142,7.303,1.147
openrainer,20220806T09,2022-08-06 19:00:00,cml_idw10,335,13.143,2.403
openrainer,20220806T09,2022-08-06 19:00:00,cml_idw20,892,14.703,2.581
openrainer,20220806T09,2022-08-06 19:00:00,cml_idw40,1872,25.856,2.916
openrainer,20220806T09,2022-08-06 19:00:00,merged,834,11.142,3.992
openrainer,20220806T09,2022-08-06 20:00:00,cml_idw10,338,6.407,6.289
openrainer,20220806T09,2022-08-06 20:00:00,cml_idw20,1101,6.930,6.327
openrainer,20220806T09,2022-08-06 20:00:00,cml_idw40,3108,5.986,6.374
openrainer,20220806T09,2022-08-06 20:00:00,merged,2492,5.952,6.220
openrainer,20220806T09,2022-08-06 21:00:00,cml_idw10,78,10.571,10.574
openrainer,20220806T09,2022-08-06 21:00:00,cml_idw20,314,10.533,10.672
openrainer,20220806T09,2022-08-06 21:00:00,cml_idw40,915,25.454,10.722
openrainer,20220806T09,2022-08-06 21:00:00,merged,623,2.911,11.042
openrainer,20220806T09,2022-08-06 22:00:00,cml_idw10,0,,
openrainer,20220806T09,2022-08-06 22:00:00,cml_idw20,0,,
openrainer,20220806T09,2022-08-06 22:00:00,cml_idw40,0,,
openrainer,20220806T09,2022-08-06 22:00:00,merged,848,0.352,8.476
openrainer,20220806T09,2022-08-07 00:00:00,cml_idw10,0,,
openrainer,20220806T09,2022-08-07 00:00:00,cml_idw20,0,,
openrainer,20220806T09,2022-08-07 00:00:00,cml_idw40,0,,
openrainer,20220806T09,2022-08-07 00:00:00,merged,986,0.000,8.615
openrainer,20220806T09,2022-08-07 01:00:00,cml_idw10,201,11.173,11.116
openrainer,20220806T09,2022-08-07 01:00:00,cml_idw20,634,12.244,11.182
openrainer,20220806T09,2022-08-07 01:00:00,cml_idw40,1402,11.320,11.326
openrainer,20220806T09,2022-08-07 01:00:00,merged,324,2.453,11.418
openrainer,20220806T09,2022-08-07 02:00:00,cml_idw10,288,8.880,9.609
openrainer,20220806T09,2022-08-07 02:00:00,cml_idw20,961,8.798,9.653
openrainer,20220806T09,2022-08-07 02:00:00,cml_idw40,2183,6.862,9.690
openrainer,20220806T09,2022-08-07 02:00:00,merged,317,6.932,9.525
openrainer,20220806T09,2022-08-07 03:00:00,cml_idw10,0,,
openrainer,20220806T09,2022-08-07 03:00:00,cml_idw20,0,,
openrainer,20220806T09,2022-08-07 03:00:00,cml_idw40,0,,
openrainer,20220806T09,2022-08-07 03:00:00,merged,707,3.437,10.028
openrainer,20220806T09,2022-08-07 04:00:00,cml_idw10,179,11.149,11.770
openrainer,20220806T09,2022-08-07 04:00:00,cml_idw20,664,11.346,11.743
openrainer,20220806T09,2022-08-07 04:00:00,cml_idw40,1809,11.630,11.784
openrainer,20220806T09,2022-08-07 04:00:00,merged,1492,0.804,11.848
openrainer,20220806T09,2022-08-07 05:00:00,cml_idw10,410,15.220,14.791
openrainer,20220806T09,2022-08-07 05:00:00,cml_idw20,1335,14.839,14.796
openrainer,20220806T09,2022-08-07 05:00:00,cml_idw40,2891,11.619,14.721
openrainer,20220806T09,2022-08-07 05:00:00,merged,1329,2.836,14.809
openrainer,20220806T09,2022-08-07 06:00:00,cml_idw10,155,12.276,12.725
openrainer,20220806T09,2022-08-07 06:00:00,cml_idw20,619,12.585,12.728
openrainer,20220806T09,2022-08-07 06:00:00,cml_idw40,1444,21.260,12.532
openrainer,20220806T09,2022-08-07 06:00:00,merged,1476,8.440,12.507
openrainer,20220806T09,2022-08-07 07:00:00,cml_idw10,0,,
openrainer,20220806T09,2022-08-07 07:00:00,cml_idw20,0,,
openrainer,20220806T09,2022-08-07 07:00:00,cml_idw40,0,,
openrainer,20220806T09,2022-08-07 07:00:00,merged,1711,1.020,16.154
openrainer,20220806T09,2022-08-07 08:00:00,cml_idw10,0,,
openrainer,20220806T09,2022-08-07 08:00:00,cml_idw20,0,,
openrainer,20220806T09,2022-08-07 08:00:00,cml_idw40,0,,
openrainer,20220806T09,2022-08-07 08:00:00,merged,843,2.447,19.758
openrainer,20220806T09,2022-08-07 09:00:00,cml_idw10,0,,
openrainer,20220806T09,2022-08-07 09:00:00,cml_idw20,0,,
openrainer,20220806T09,2022-08-07 09:00:00,cml_idw40,0,,
openrainer,20220806T09,2022-08-07 09:00:00,merged,1322,0.000,22.748
openrainer,20220806T09,2022-08-07 10:00:00,cml_idw10,75,18.973,20.095
openrainer,20220806T09,2022-08-07 10:00:00,cml_idw20,278,19.950,20.083
openrainer,20220806T09,2022-08-07 10:00:00,cml_idw40,669,19.925,20.034
openrainer,20220806T09,2022-08-07 10:00:00,merged,1292,3.587,20.828
openrainer,20220806T09,2022-08-07 12:00:00,cml_idw10,0,,
openrainer,20220806T09,2022-08-07 12:00:00,cml_idw20,0,,
openrainer,20220806T09,2022-08-07 12:00:00,cml_idw40,0,,
openrainer,20220806T09,2022-08-07 12:00:00,merged,694,2.252,25.403
openrainer,20220806T09,2022-08-07 15:00:00,cml_idw10,0,,
openrainer,20220806T09,2022-08-07 15:00:00,cml_idw20,0,,
openrainer,20220806T09,2022-08-07 15:00:00,cml_idw40,0,,
openrainer,20220806T09,2022-08-07 15:00:00,merged,1122,0.847,9.485
openrainer,20220806T09,2022-08-07 16:00:00,cml_idw10,0,,
openrainer,20220806T09,2022-08-07 16:00:00,cml_idw20,0,,
openrainer,20220806T09,2022-08-07 16:00:00,cml_idw40,0,,
openrainer,20220806T09,2022-08-07 16:00:00,merged,522,0.616,12.419
openrainer,20220806T09,2022-08-07 20:00:00,cml_idw10,0,,
openrainer,20220806T09,2022-08-07 20:00:00,cml_idw20,0,,
openrainer,20220806T09,2022-08-07 20:00:00,cml_idw40,0,,
openrainer,20220806T09,2022-08-07 20:00:00,merged,532,3.065,26.887
openrainer,20220806T09,2022-08-07 21:00:00,cml_idw10,0,,
openrainer,20220806T09,2022-08-07 21:00:00,cml_idw20,0,,
openrainer,20220806T09,2022-08-07 21:00:00,cml_idw40,0,,
openrainer,20220806T09,2022-08-07 21:00:00,merged,669,1.537,10.477
openrainer,20220806T09,2022-08-07 22:00:00,cml_idw10,0,,
openrainer,20220806T09,2022-08-07 22:00:00,cml_idw20,0,,
openrainer,20220806T09,2022-08-07 22:00:00,cml_idw40,0,,
openrainer,20220806T09,2022-08-07 22:00:00,merged,1336,0.000,16.513
openrainer,20220806T09,2022-08-07 23:00:00,cml_idw10,105,18.605,19.294
openrainer,20220806T09,2022-08-07 23:00:00,cml_idw20,359,18.730,19.302
openrainer,20220806T09,2022-08-07 23:00:00,cml_idw40,972,18.586,19.335
openrainer,20220806T09,2022-08-07 23:00:00,merged,1465,0.000,19.450
openrainer,20220806T09,2022-08-08 00:00:00,cml_idw10,0,,
openrainer,20220806T09,2022-08-08 00:00:00,cml_idw20,0,,
openrainer,20220806T09,2022-08-08 00:00:00,cml_idw40,0,,
openrainer,20220806T09,2022-08-08 00:00:00,merged,1343,1.009,17.600
openrainer,20220806T09,2022-08-08 01:00:00,cml_idw10,126,17.510,19.472
openrainer,20220806T09,2022-08-08 01:00:00,cml_idw20,374,17.783,19.510
openrainer,20220806T09,2022-08-08 01:00:00,cml_idw40,993,17.495,19.634
openrainer,20220806T09,2022-08-08 01:00:00,merged,594,4.671,20.509
openrainer,20220806T09,2022-08-08 02:00:00,cml_idw10,0,,
openrainer,20220806T09,2022-08-08 02:00:00,cml_idw20,0,,
openrainer,20220806T09,2022-08-08 02:00:00,cml_idw40,0,,
openrainer,20220806T09,2022-08-08 02:00:00,merged,1274,0.440,22.749
openrainer,20220806T09,2022-08-08 03:00:00,cml_idw10,0,,
openrainer,20220806T09,2022-08-08 03:00:00,cml_idw20,0,,
openrainer,20220806T09,2022-08-08 03:00:00,cml_idw40,0,,
openrainer,20220806T09,2022-08-08 03:00:00,merged,1112,2.934,20.780
openrainer,20220806T09,2022-08-08 04:00:00,cml_idw10,0,,
openrainer,20220806T09,2022-08-08 04:00:00,cml_idw20,0,,
openrainer,20220806T09,2022-08-08 04:00:00,cml_idw40,0,,
openrainer,20220806T09,2022-08-08 04:00:00,merged,1216,2.191,20.824
openrainer,20220806T09,2022-08-08 05:00:00,cml_idw10,0,,
openrainer,20220806T09,2022-08-08 05:00:00,cml_idw20,0,,
openrainer,20220806T09,2022-08-08 05:00:00,cml_idw40,0,,
openrainer,20220806T09,2022-08-08 05:00:00,merged,783,4.666,18.761
openrainer,20220806T09,2022-08-08 06:00:00,cml_idw10,39,16.305,16.305
openrainer,20220806T09,2022-08-08 06:00:00,cml_idw20,94,16.323,16.323
openrainer,20220806T09,2022-08-08 06:00:00,cml_idw40,108,16.332,16.332
openrainer,20220806T09,2022-08-08 06:00:00,merged,617,1.652,16.386
openrainer,20220806T09,2022-08-08 07:00:00,cml_idw10,113,1.436,15.631
openrainer,20220806T09,2022-08-08 07:00:00,cml_idw20,289,2.481,15.632
openrainer,20220806T09,2022-08-08 07:00:00,cml_idw40,412,2.099,15.633
openrainer,20220806T09,2022-08-08 07:00:00,merged,535,12.703,15.825
openrainer,20220806T09,2022-08-08 11:00:00,cml_idw10,136,13.518,17.154
openrainer,20220806T09,2022-08-08 11:00:00,cml_idw20,397,14.262,17.152
openrainer,20220806T09,2022-08-08 11:00:00,cml_idw40,966,13.260,17.191
openrainer,20220806T09,2022-08-08 11:00:00,merged,223,6.466,17.104
openrainer,20220806T09,2022-08-08 12:00:00,cml_idw10,224,16.013,15.247
openrainer,20220806T09,2022-08-08 12:00:00,cml_idw20,492,11.078,15.179
openrainer,20220806T09,2022-08-08 12:00:00,cml_idw40,1223,15.997,15.085
openrainer,20220806T09,2022-08-08 12:00:00,merged,407,3.870,15.289
openrainer,20220806T09,2022-08-08 13:00:00,cml_idw10,49,12.746,11.814
openrainer,20220806T09,2022-08-08 13:00:00,cml_idw20,55,8.961,11.708
openrainer,20220806T09,2022-08-08 13:00:00,cml_idw40,40,7.574,11.841
openrainer,20220806T09,2022-08-08 13:00:00,merged,412,7.018,11.115
openrainer,20220806T09,2022-08-08 14:00:00,cml_idw10,0,,
openrainer,20220806T09,2022-08-08 14:00:00,cml_idw20,0,,
openrainer,20220806T09,2022-08-08 14:00:00,cml_idw40,0,,
openrainer,20220806T09,2022-08-08 14:00:00,merged,988,5.488,10.455
openrainer,20220806T09,2022-08-08 15:00:00,cml_idw10,0,,
openrainer,20220806T09,2022-08-08 15:00:00,cml_idw20,0,,
openrainer,20220806T09,2022-08-08 15:00:00,cml_idw40,0,,
openrainer,20220806T09,2022-08-08 15:00:00,merged,986,0.000,13.161
openrainer,20220806T09,2022-08-08 20:00:00,cml_idw10,0,,
openrainer,20220806T09,2022-08-08 20:00:00,cml_idw20,0,,
openrainer,20220806T09,2022-08-08 20:00:00,cml_idw40,0,,
openrainer,20220806T09,2022-08-08 20:00:00,merged,986,0.000,11.352
openrainer,20220806T09,2022-08-08 21:00:00,cml_idw10,0,,
openrainer,20220806T09,2022-08-08 21:00:00,cml_idw20,0,,
openrainer,20220806T09,2022-08-08 21:00:00,cml_idw40,0,,
openrainer,20220806T09,2022-08-08 21:00:00,merged,1028,0.155,11.131
openrainer,20220806T09,2022-08-08 22:00:00,cml_idw10,0,,
openrainer,20220806T09,2022-08-08 22:00:00,cml_idw20,0,,
openrainer,20220806T09,2022-08-08 22:00:00,cml_idw40,0,,
openrainer,20220806T09,2022-08-08 22:00:00,merged,1298,0.840,12.121
openrainer,20220806T09,2022-08-08 23:00:00,cml_idw10,0,,
openrainer,20220806T09,2022-08-08 23:00:00,cml_idw20,0,,
openrainer,20220806T09,2022-08-08 23:00:00,cml_idw40,0,,
openrainer,20220806T09,2022-08-08 23:00:00,merged,1660,2.162,21.312
openrainer,20220806T09,2022-08-09 00:00:00,cml_idw10,142,22.523,24.601
openrainer,20220806T09,2022-08-09 00:00:00,cml_idw20,362,22.058,24.576
openrainer,20220806T09,2022-08-09 00:00:00,cml_idw40,947,21.604,24.438
openrainer,20220806T09,2022-08-09 00:00:00,merged,1265,0.609,24.242
openrainer,20220806T09,2022-08-09 01:00:00,cml_idw10,404,23.259,25.956
openrainer,20220806T09,2022-08-09 01:00:00,cml_idw20,883,23.128,25.899
openrainer,20220806T09,2022-08-09 01:00:00,cml_idw40,1956,21.291,25.689
openrainer,20220806T09,2022-08-09 01:00:00,merged,2678,9.526,25.559
openrainer,20220806T09,2022-08-09 02:00:00,cml_idw10,53,24.456,27.649
openrainer,20220806T09,2022-08-09 02:00:00,cml_idw20,165,23.509,27.610
openrainer,20220806T09,2022-08-09 02:00:00,cml_idw40,541,17.248,27.561
openrainer,20220806T09,2022-08-09 02:00:00,merged,1040,25.950,27.525
openrainer,20220806T09,2022-08-09 03:00:00,cml_idw10,0,,
openrainer,20220806T09,2022-08-09 03:00:00,cml_idw20,0,,
openrainer,20220806T09,2022-08-09 03:00:00,cml_idw40,0,,
openrainer,20220806T09,2022-08-09 03:00:00,merged,1054,1.047,26.909
openrainer,20220806T09,2022-08-09 04:00:00,cml_idw10,0,,
openrainer,20220806T09,2022-08-09 04:00:00,cml_idw20,0,,
openrainer,20220806T09,2022-08-09 04:00:00,cml_idw40,0,,
openrainer,20220806T09,2022-08-09 04:00:00,merged,1216,0.738,24.365
openrainer,20220806T09,2022-08-09 05:00:00,cml_idw10,79,24.073,29.461
openrainer,20220806T09,2022-08-09 05:00:00,cml_idw20,137,24.647,29.519
openrainer,20220806T09,2022-08-09 05:00:00,cml_idw40,226,27.094,29.643
openrainer,20220806T09,2022-08-09 05:00:00,merged,417,4.258,29.511
openrainer,20220830T11,2022-08-30 13:00:00,cml_idw10,71,18.364,18.368
openrainer,20220830T11,2022-08-30 13:00:00,cml_idw20,276,17.412,18.642
openrainer,20220830T11,2022-08-30 13:00:00,cml_idw40,691,24.015,18.990
openrainer,20220830T11,2022-08-30 13:00:00,merged,922,6.171,19.989
openrainer,20220830T11,2022-08-30 14:00:00,cml_idw10,357,13.628,15.630
openrainer,20220830T11,2022-08-30 14:00:00,cml_idw20,968,12.800,15.709
openrainer,20220830T11,2022-08-30 14:00:00,cml_idw40,1974,9.290,15.915
openrainer,20220830T11,2022-08-30 14:00:00,merged,2354,1.284,16.403
openrainer,20220830T11,2022-08-30 15:00:00,cml_idw10,229,19.800,20.959
openrainer,20220830T11,2022-08-30 15:00:00,cml_idw20,553,18.779,20.995
openrainer,20220830T11,2022-08-30 15:00:00,cml_idw40,902,18.711,21.112
openrainer,20220830T11,2022-08-30 15:00:00,merged,2953,7.866,21.996
openrainer,20220830T11,2022-08-30 16:00:00,cml_idw10,209,25.401,25.792
openrainer,20220830T11,2022-08-30 16:00:00,cml_idw20,702,11.192,25.803
openrainer,20220830T11,2022-08-30 16:00:00,cml_idw40,1681,19.392,25.778
openrainer,20220830T11,2022-08-30 16:00:00,merged,3556,8.241,25.962
openrainer,20220830T11,2022-08-30 17:00:00,cml_idw10,193,25.341,25.258
openrainer,20220830T11,2022-08-30 17:00:00,cml_idw20,553,24.610,25.244
openrainer,20220830T11,2022-08-30 17:00:00,cml_idw40,1323,26.006,25.303
openrainer,20220830T11,2022-08-30 17:00:00,merged,1332,12.372,25.053
openrainer,20220830T11,2022-08-30 18:00:00,cml_idw10,0,,
openrainer,20220830T11,2022-08-30 18:00:00,cml_idw20,0,,
openrainer,20220830T11,2022-08-30 18:00:00,cml_idw40,0,,
openrainer,20220830T11,2022-08-30 18:00:00,merged,2042,7.657,24.869
openrainer,20220830T11,2022-08-30 19:00:00,cml_idw10,0,,
openrainer,20220830T11,2022-08-30 19:00:00,cml_idw20,0,,
openrainer,20220830T11,2022-08-30 19:00:00,cml_idw40,0,,
openrainer,20220830T11,2022-08-30 19:00:00,merged,1365,2.363,26.964
openrainer,20220830T11,2022-08-30 20:00:00,cml_idw10,0,,
openrainer,20220830T11,2022-08-30 20:00:00,cml_idw20,0,,
openrainer,20220830T11,2022-08-30 20:00:00,cml_idw40,0,,
openrainer,20220830T11,2022-08-30 20:00:00,merged,732,1.050,17.242
openrainer,20220830T11,2022-08-30 23:00:00,cml_idw10,0,,
openrainer,20220830T11,2022-08-30 23:00:00,cml_idw20,0,,
openrainer,20220830T11,2022-08-30 23:00:00,cml_idw40,0,,
openrainer,20220830T11,2022-08-30 23:00:00,merged,857,2.090,18.210
openrainer,20220830T11,2022-08-31 00:00:00,cml_idw10,77,22.182,22.182
openrainer,20220830T11,2022-08-31 00:00:00,cml_idw20,267,22.185,22.185
openrainer,20220830T11,2022-08-31 00:00:00,cml_idw40,866,22.196,22.196
openrainer,20220830T11,2022-08-31 00:00:00,merged,623,0.218,22.299
openrainer,20220830T11,2022-08-31 01:00:00,cml_idw10,0,,
openrainer,20220830T11,2022-08-31 01:00:00,cml_idw20,0,,
openrainer,20220830T11,2022-08-31 01:00:00,cml_idw40,0,,
openrainer,20220830T11,2022-08-31 01:00:00,merged,828,0.891,26.238
openrainer,20220830T11,2022-08-31 02:00:00,cml_idw10,0,,
openrainer,20220830T11,2022-08-31 02:00:00,cml_idw20,0,,
openrainer,20220830T11,2022-08-31 02:00:00,cml_idw40,0,,
openrainer,20220830T11,2022-08-31 02:00:00,merged,1031,0.000,17.741
openrainer,20220830T11,2022-08-31 03:00:00,cml_idw10,0,,
openrainer,20220830T11,2022-08-31 03:00:00,cml_idw20,0,,
openrainer,20220830T11,2022-08-31 03:00:00,cml_idw40,0,,
openrainer,20220830T11,2022-08-31 03:00:00,merged,1239,0.111,21.216
openrainer,20220830T11,2022-08-31 04:00:00,cml_idw10,103,19.293,20.101
openrainer,20220830T11,2022-08-31 04:00:00,cml_idw20,297,20.220,20.064
openrainer,20220830T11,2022-08-31 04:00:00,cml_idw40,577,19.560,19.982
openrainer,20220830T11,2022-08-31 04:00:00,merged,1400,0.757,18.996
openrainer,20220830T11,2022-08-31 05:00:00,cml_idw10,0,,
openrainer,20220830T11,2022-08-31 05:00:00,cml_idw20,0,,
openrainer,20220830T11,2022-08-31 05:00:00,cml_idw40,0,,
openrainer,20220830T11,2022-08-31 05:00:00,merged,1770,1.928,20.927
openrainer,20220830T11,2022-08-31 06:00:00,cml_idw10,0,,
openrainer,20220830T11,2022-08-31 06:00:00,cml_idw20,0,,
openrainer,20220830T11,2022-08-31 06:00:00,cml_idw40,0,,
openrainer,20220830T11,2022-08-31 06:00:00,merged,1520,0.110,17.498
openrainer,20220830T11,2022-08-31 07:00:00,cml_idw10,0,,
openrainer,20220830T11,2022-08-31 07:00:00,cml_idw20,0,,
openrainer,20220830T11,2022-08-31 07:00:00,cml_idw40,0,,
openrainer,20220830T11,2022-08-31 07:00:00,merged,1497,0.957,17.585
openrainer,20220830T11,2022-08-31 08:00:00,cml_idw10,95,21.135,16.711
openrainer,20220830T11,2022-08-31 08:00:00,cml_idw20,330,21.511,16.699
openrainer,20220830T11,2022-08-31 08:00:00,cml_idw40,1055,21.925,16.627
openrainer,20220830T11,2022-08-31 08:00:00,merged,1214,0.000,16.533
openrainer,20220830T11,2022-08-31 12:00:00,cml_idw10,230,2.527,7.523
openrainer,20220830T11,2022-08-31 12:00:00,cml_idw20,495,10.233,7.521
openrainer,20220830T11,2022-08-31 12:00:00,cml_idw40,856,14.355,7.472
openrainer,20220830T11,2022-08-31 12:00:00,merged,625,2.102,7.033
openrainer,20220830T11,2022-08-31 13:00:00,cml_idw10,84,6.700,14.690
openrainer,20220830T11,2022-08-31 13:00:00,cml_idw20,284,7.016,14.667
openrainer,20220830T11,2022-08-31 13:00:00,cml_idw40,584,3.298,14.610
openrainer,20220830T11,2022-08-31 13:00:00,merged,543,1.518,12.018
openrainer,20220830T11,2022-08-31 14:00:00,cml_idw10,0,,
openrainer,20220830T11,2022-08-31 14:00:00,cml_idw20,0,,
openrainer,20220830T11,2022-08-31 14:00:00,cml_idw40,0,,
openrainer,20220830T11,2022-08-31 14:00:00,merged,836,14.376,12.574
openrainer,20220830T11,2022-08-31 15:00:00,cml_idw10,354,10.441,11.233
openrainer,20220830T11,2022-08-31 15:00:00,cml_idw20,1139,10.723,11.229
openrainer,20220830T11,2022-08-31 15:00:00,cml_idw40,2576,2.574,11.254
openrainer,20220830T11,2022-08-31 15:00:00,merged,1245,2.359,11.878
openrainer,20220830T11,2022-08-31 16:00:00,cml_idw10,241,11.046,11.898
openrainer,20220830T11,2022-08-31 16:00:00,cml_idw20,641,10.958,11.944
openrainer,20220830T11,2022-08-31 16:00:00,cml_idw40,1355,11.495,12.008
openrainer,20220830T11,2022-08-31 16:00:00,merged,643,1.607,12.327
openrainer,20220830T11,2022-08-31 17:00:00,cml_idw10,32,10.191,11.652
openrainer,20220830T11,2022-08-31 17:00:00,cml_idw20,29,8.439,11.652
openrainer,20220830T11,2022-08-31 17:00:00,cml_idw40,29,10.378,11.652
openrainer,20220830T11,2022-08-31 17:00:00,merged,707,4.408,12.197
openrainer,20220830T11,2022-08-31 23:00:00,cml_idw10,173,0.405,2.451
openrainer,20220830T11,2022-08-31 23:00:00,cml_idw20,459,0.309,2.506
openrainer,20220830T11,2022-08-31 23:00:00,cml_idw40,815,1.678,2.582
openrainer,20220830T11,2022-08-31 23:00:00,merged,580,1.261,3.683
openrainer,20220811T22,2022-08-12 00:00:00,cml_idw10,0,,
openrainer,20220811T22,2022-08-12 00:00:00,cml_idw20,0,,
openrainer,20220811T22,2022-08-12 00:00:00,cml_idw40,0,,
openrainer,20220811T22,2022-08-12 00:00:00,merged,592,11.132,31.920
openrainer,20220811T22,2022-08-12 01:00:00,cml_idw10,71,47.530,49.241
openrainer,20220811T22,2022-08-12 01:00:00,cml_idw20,185,48.194,48.532
openrainer,20220811T22,2022-08-12 01:00:00,cml_idw40,357,45.828,47.832
openrainer,20220811T22,2022-08-12 01:00:00,merged,581,6.245,47.980
openrainer,20220811T22,2022-08-12 03:00:00,cml_idw10,0,,
openrainer,20220811T22,2022-08-12 03:00:00,cml_idw20,0,,
openrainer,20220811T22,2022-08-12 03:00:00,cml_idw40,0,,
openrainer,20220811T22,2022-08-12 03:00:00,merged,1192,1.941,27.341
openrainer,20220811T22,2022-08-12 04:00:00,cml_idw10,78,31.863,31.863
openrainer,20220811T22,2022-08-12 04:00:00,cml_idw20,300,31.897,31.897
openrainer,20220811T22,2022-08-12 04:00:00,cml_idw40,642,31.656,31.656
openrainer,20220811T22,2022-08-12 04:00:00,merged,1119,0.685,28.459
openrainer,20220811T22,2022-08-12 05:00:00,cml_idw10,204,42.703,42.703
openrainer,20220811T22,2022-08-12 05:00:00,cml_idw20,672,42.696,42.583
openrainer,20220811T22,2022-08-12 05:00:00,cml_idw40,1771,40.231,42.458
openrainer,20220811T22,2022-08-12 05:00:00,merged,560,8.200,40.158
openrainer,20220811T22,2022-08-12 06:00:00,cml_idw10,105,36.919,42.223
openrainer,20220811T22,2022-08-12 06:00:00,cml_idw20,359,13.941,42.164
openrainer,20220811T22,2022-08-12 06:00:00,cml_idw40,953,32.927,41.924
openrainer,20220811T22,2022-08-12 06:00:00,merged,2520,1.816,39.881
openrainer,20220811T22,2022-08-12 07:00:00,cml_idw10,0,,
openrainer,20220811T22,2022-08-12 07:00:00,cml_idw20,0,,
openrainer,20220811T22,2022-08-12 07:00:00,cml_idw40,0,,
openrainer,20220811T22,2022-08-12 07:00:00,merged,3205,0.963,36.839
openrainer,20220811T22,2022-08-12 08:00:00,cml_idw10,0,,
openrainer,20220811T22,2022-08-12 08:00:00,cml_idw20,0,,
openrainer,20220811T22,2022-08-12 08:00:00,cml_idw40,0,,
openrainer,20220811T22,2022-08-12 08:00:00,merged,2289,1.411,38.306
openrainer,20220811T22,2022-08-12 09:00:00,cml_idw10,0,,
openrainer,20220811T22,2022-08-12 09:00:00,cml_idw20,0,,
openrainer,20220811T22,2022-08-12 09:00:00,cml_idw40,0,,
openrainer,20220811T22,2022-08-12 09:00:00,merged,1474,0.881,35.806
openrainer,20220811T22,2022-08-12 10:00:00,cml_idw10,150,16.791,35.057
openrainer,20220811T22,2022-08-12 10:00:00,cml_idw20,409,13.396,35.043
openrainer,20220811T22,2022-08-12 10:00:00,cml_idw40,872,13.346,35.067
openrainer,20220811T22,2022-08-12 10:00:00,merged,1635,0.679,35.341
openrainer,20220811T22,2022-08-12 11:00:00,cml_idw10,0,,
openrainer,20220811T22,2022-08-12 11:00:00,cml_idw20,0,,
openrainer,20220811T22,2022-08-12 11:00:00,cml_idw40,0,,
openrainer,20220811T22,2022-08-12 11:00:00,merged,1550,0.624,35.799
openrainer,20220811T22,2022-08-12 12:00:00,cml_idw10,0,,
openrainer,20220811T22,2022-08-12 12:00:00,cml_idw20,0,,
openrainer,20220811T22,2022-08-12 12:00:00,cml_idw40,0,,
openrainer,20220811T22,2022-08-12 12:00:00,merged,789,0.146,33.996
openrainer,20220811T22,2022-08-12 17:00:00,cml_idw10,0,,
openrainer,20220811T22,2022-08-12 17:00:00,cml_idw20,0,,
openrainer,20220811T22,2022-08-12 17:00:00,cml_idw40,0,,
openrainer,20220811T22,2022-08-12 17:00:00,merged,909,0.000,27.253
openrainer,20220811T22,2022-08-12 18:00:00,cml_idw10,258,30.694,31.742
openrainer,20220811T22,2022-08-12 18:00:00,cml_idw20,765,28.703,31.755
openrainer,20220811T22,2022-08-12 18:00:00,cml_idw40,1820,28.038,31.715
openrainer,20220811T22,2022-08-12 18:00:00,merged,4784,2.643,30.797
openrainer,20220811T22,2022-08-12 19:00:00,cml_idw10,345,45.929,49.228
openrainer,20220811T22,2022-08-12 19:00:00,cml_idw20,699,41.712,49.229
openrainer,20220811T22,2022-08-12 19:00:00,cml_idw40,1110,34.385,49.167
openrainer,20220811T22,2022-08-12 19:00:00,merged,2948,5.081,48.634
openrainer,20220811T22,2022-08-12 20:00:00,cml_idw10,61,51.362,49.122
openrainer,20220811T22,2022-08-12 20:00:00,cml_idw20,117,47.369,48.932
openrainer,20220811T22,2022-08-12 20:00:00,cml_idw40,130,41.769,48.359
openrainer,20220811T22,2022-08-12 20:00:00,merged,2505,2.292,46.569
openrainer,20220811T22,2022-08-12 21:00:00,cml_idw10,565,44.881,55.029
openrainer,20220811T22,2022-08-12 21:00:00,cml_idw20,1185,37.325,54.731
openrainer,20220811T22,2022-08-12 21:00:00,cml_idw40,2239,47.395,54.123
openrainer,20220811T22,2022-08-12 21:00:00,merged,2551,9.517,53.076
openrainer,20220811T22,2022-08-12 22:00:00,cml_idw10,287,45.732,54.655
openrainer,20220811T22,2022-08-12 22:00:00,cml_idw20,795,27.433,54.667
openrainer,20220811T22,2022-08-12 22:00:00,cml_idw40,1811,27.067,54.041
openrainer,20220811T22,2022-08-12 22:00:00,merged,1900,4.801,53.256
openrainer,20220811T22,2022-08-12 23:00:00,cml_idw10,415,57.790,58.398
openrainer,20220811T22,2022-08-12 23:00:00,cml_idw20,1018,55.540,58.051
openrainer,20220811T22,2022-08-12 23:00:00,cml_idw40,1936,56.405,57.847
openrainer,20220811T22,2022-08-12 23:00:00,merged,1979,10.088,57.165
openrainer,20220811T22,2022-08-13 00:00:00,cml_idw10,362,53.162,55.601
openrainer,20220811T22,2022-08-13 00:00:00,cml_idw20,924,49.364,55.288
openrainer,20220811T22,2022-08-13 00:00:00,cml_idw40,2115,44.563,55.127
openrainer,20220811T22,2022-08-13 00:00:00,merged,2435,2.652,55.393
openrainer,20220811T22,2022-08-13 01:00:00,cml_idw10,0,,
openrainer,20220811T22,2022-08-13 01:00:00,cml_idw20,0,,
openrainer,20220811T22,2022-08-13 01:00:00,cml_idw40,0,,
openrainer,20220811T22,2022-08-13 01:00:00,merged,2444,2.211,53.826
openrainer,20220811T22,2022-08-13 02:00:00,cml_idw10,0,,
openrainer,20220811T22,2022-08-13 02:00:00,cml_idw20,0,,
openrainer,20220811T22,2022-08-13 02:00:00,cml_idw40,0,,
openrainer,20220811T22,2022-08-13 02:00:00,merged,2217,0.763,61.522
openrainer,20220811T22,2022-08-13 03:00:00,cml_idw10,0,,
openrainer,20220811T22,2022-08-13 03:00:00,cml_idw20,0,,
openrainer,20220811T22,2022-08-13 03:00:00,cml_idw40,0,,
openrainer,20220811T22,2022-08-13 03:00:00,merged,1299,2.580,57.134
openrainer,20220811T22,2022-08-13 04:00:00,cml_idw10,0,,
openrainer,20220811T22,2022-08-13 04:00:00,cml_idw20,0,,
openrainer,20220811T22,2022-08-13 04:00:00,cml_idw40,0,,
openrainer,20220811T22,2022-08-13 04:00:00,merged,930,2.682,51.997
openmrg,20150827T01,2015-08-27 02:00:00,cml_idw10,939,93.314,96.673
openmrg,20150827T01,2015-08-27 02:00:00,cml_idw20,1261,96.569,96.569
openmrg,20150827T01,2015-08-27 02:00:00,cml_idw40,1379,20.925,96.526
openmrg,20150827T01,2015-08-27 02:00:00,merged,1161,45.408,96.564
openmrg,20150827T01,2015-08-27 02:00:00,pws_idw,1186,83.706,96.622
openmrg,20150827T01,2015-08-27 03:00:00,cml_idw10,160,72.217,96.019
openmrg,20150827T01,2015-08-27 03:00:00,cml_idw20,226,82.893,95.894
openmrg,20150827T01,2015-08-27 03:00:00,cml_idw40,275,73.969,95.839
openmrg,20150827T01,2015-08-27 03:00:00,merged,356,134.027,95.891
openmrg,20150827T01,2015-08-27 03:00:00,pws_idw,471,286.799,96.165
openmrg,20150827T01,2015-08-27 04:00:00,cml_idw10,167,97.940,97.940
openmrg,20150827T01,2015-08-27 04:00:00,cml_idw20,236,97.938,97.938
openmrg,20150827T01,2015-08-27 04:00:00,cml_idw40,283,97.922,97.922
openmrg,20150827T01,2015-08-27 04:00:00,merged,507,80.542,97.917
openmrg,20150827T01,2015-08-27 04:00:00,pws_idw,465,67.986,98.131
openmrg,20150827T01,2015-08-27 05:00:00,cml_idw10,0,,
openmrg,20150827T01,2015-08-27 05:00:00,cml_idw20,0,,
openmrg,20150827T01,2015-08-27 05:00:00,cml_idw40,0,,
openmrg,20150827T01,2015-08-27 05:00:00,merged,436,5.643,91.396
openmrg,20150827T01,2015-08-27 05:00:00,pws_idw,0,,
openmrg,20150827T01,2015-08-27 06:00:00,cml_idw10,321,88.249,88.249
openmrg,20150827T01,2015-08-27 06:00:00,cml_idw20,422,60.992,88.108
openmrg,20150827T01,2015-08-27 06:00:00,cml_idw40,427,46.858,88.100
openmrg,20150827T01,2015-08-27 06:00:00,merged,684,21.028,87.621
openmrg,20150827T01,2015-08-27 06:00:00,pws_idw,695,98.098,87.779
openmrg,20150827T01,2015-08-27 07:00:00,cml_idw10,633,79.126,79.126
openmrg,20150827T01,2015-08-27 07:00:00,cml_idw20,830,79.088,79.088
openmrg,20150827T01,2015-08-27 07:00:00,cml_idw40,930,79.058,79.058
openmrg,20150827T01,2015-08-27 07:00:00,merged,869,26.431,79.025
openmrg,20150827T01,2015-08-27 07:00:00,pws_idw,1091,72.000,79.073
openmrg,20150827T01,2015-08-27 08:00:00,cml_idw10,899,58.565,61.435
openmrg,20150827T01,2015-08-27 08:00:00,cml_idw20,1198,61.349,61.349
openmrg,20150827T01,2015-08-27 08:00:00,cml_idw40,1298,61.309,61.309
openmrg,20150827T01,2015-08-27 08:00:00,merged,1215,3.886,61.305
openmrg,20150827T01,2015-08-27 08:00:00,pws_idw,1338,58.049,61.362
openmrg,20150827T01,2015-08-27 09:00:00,cml_idw10,1085,48.214,48.214
openmrg,20150827T01,2015-08-27 09:00:00,cml_idw20,1437,51.467,48.212
openmrg,20150827T01,2015-08-27 09:00:00,cml_idw40,1540,42.018,48.187
openmrg,20150827T01,2015-08-27 09:00:00,merged,1430,19.056,48.217
openmrg,20150827T01,2015-08-27 09:00:00,pws_idw,1308,48.039,48.207
openmrg,20150827T01,2015-08-27 10:00:00,cml_idw10,884,29.208,43.967
openmrg,20150827T01,2015-08-27 10:00:00,cml_idw20,1272,37.385,43.949
openmrg,20150827T01,2015-08-27 10:00:00,cml_idw40,1395,43.921,43.921
openmrg,20150827T01,2015-08-27 10:00:00,merged,991,10.235,43.849
openmrg,20150827T01,2015-08-27 10:00:00,pws_idw,1298,36.294,43.932
openmrg,20150827T01,2015-08-27 11:00:00,cml_idw10,1064,41.998,46.847
openmrg,20150827T01,2015-08-27 11:00:00,cml_idw20,1431,42.687,46.833
openmrg,20150827T01,2015-08-27 11:00:00,cml_idw40,1537,32.212,46.841
openmrg,20150827T01,2015-08-27 11:00:00,merged,1382,19.908,46.858
openmrg,20150827T01,2015-08-27 11:00:00,pws_idw,1191,44.654,46.807
openmrg,20150827T01,2015-08-27 12:00:00,cml_idw10,282,57.422,57.422
openmrg,20150827T01,2015-08-27 12:00:00,cml_idw20,448,24.199,57.262
openmrg,20150827T01,2015-08-27 12:00:00,cml_idw40,495,45.981,57.218
openmrg,20150827T01,2015-08-27 12:00:00,merged,479,12.075,57.064
openmrg,20150827T01,2015-08-27 12:00:00,pws_idw,521,50.855,57.405
openmrg,20150827T01,2015-08-27 13:00:00,cml_idw10,502,33.801,63.666
openmrg,20150827T01,2015-08-27 13:00:00,cml_idw20,639,37.969,63.691
openmrg,20150827T01,2015-08-27 13:00:00,cml_idw40,649,40.457,63.703
openmrg,20150827T01,2015-08-27 13:00:00,merged,509,26.952,63.653
openmrg,20150827T01,2015-08-27 13:00:00,pws_idw,368,50.989,63.652
openmrg,20150827T01,2015-08-27 16:00:00,cml_idw10,108,55.249,55.249
openmrg,20150827T01,2015-08-27 16:00:00,cml_idw20,182,55.340,55.340
openmrg,20150827T01,2015-08-27 16:00:00,cml_idw40,206,55.387,55.387
openmrg,20150827T01,2015-08-27 16:00:00,merged,265,7.481,55.629
openmrg,20150827T01,2015-08-27 16:00:00,pws_idw,254,152.393,55.279
openmrg,20150827T01,2015-08-27 18:00:00,cml_idw10,173,45.720,45.720
openmrg,20150827T01,2015-08-27 18:00:00,cml_idw20,234,45.669,45.669
openmrg,20150827T01,2015-08-27 18:00:00,cml_idw40,229,45.635,45.635
openmrg,20150827T01,2015-08-27 18:00:00,merged,253,17.904,45.683
openmrg,20150827T01,2015-08-27 18:00:00,pws_idw,204,45.852,45.852
openmrg,20150827T01,2015-08-27 19:00:00,cml_idw10,251,42.714,42.714
openmrg,20150827T01,2015-08-27 19:00:00,cml_idw20,411,33.727,42.732
openmrg,20150827T01,2015-08-27 19:00:00,cml_idw40,451,42.747,42.747
openmrg,20150827T01,2015-08-27 19:00:00,merged,291,7.915,42.652
openmrg,20150827T01,2015-08-27 19:00:00,pws_idw,478,39.953,42.644
openmrg,20150827T01,2015-08-27 20:00:00,cml_idw10,0,,
openmrg,20150827T01,2015-08-27 20:00:00,cml_idw20,0,,
openmrg,20150827T01,2015-08-27 20:00:00,cml_idw40,0,,
openmrg,20150827T01,2015-08-27 20:00:00,merged,90,22.173,46.322
openmrg,20150827T01,2015-08-27 20:00:00,pws_idw,245,92.168,46.025
openmrg,20150827T01,2015-08-27 21:00:00,cml_idw10,0,,
openmrg,20150827T01,2015-08-27 21:00:00,cml_idw20,0,,
openmrg,20150827T01,2015-08-27 21:00:00,cml_idw40,0,,
openmrg,20150827T01,2015-08-27 21:00:00,merged,45,5.516,53.324
openmrg,20150827T01,2015-08-27 21:00:00,pws_idw,0,,
openmrg,20150827T01,2015-08-27 22:00:00,cml_idw10,0,,
openmrg,20150827T01,2015-08-27 22:00:00,cml_idw20,0,,
openmrg,20150827T01,2015-08-27 22:00:00,cml_idw40,0,,
openmrg,20150827T01,2015-08-27 22:00:00,merged,126,28.898,24.948
openmrg,20150827T01,2015-08-27 22:00:00,pws_idw,0,,
openmrg,20150827T01,2015-08-27 23:00:00,cml_idw10,0,,
openmrg,20150827T01,2015-08-27 23:00:00,cml_idw20,0,,
openmrg,20150827T01,2015-08-27 23:00:00,cml_idw40,0,,
openmrg,20150827T01,2015-08-27 23:00:00,merged,177,1.891,56.656
openmrg,20150827T01,2015-08-27 23:00:00,pws_idw,0,,
openmrg,20150827T01,2015-08-28 00:00:00,cml_idw10,0,,
openmrg,20150827T01,2015-08-28 00:00:00,cml_idw20,0,,
openmrg,20150827T01,2015-08-28 00:00:00,cml_idw40,0,,
openmrg,20150827T01,2015-08-28 00:00:00,merged,258,15.223,58.009
openmrg,20150827T01,2015-08-28 00:00:00,pws_idw,122,120.405,57.311
openmrg,20150827T01,2015-08-28 01:00:00,cml_idw10,0,,
openmrg,20150827T01,2015-08-28 01:00:00,cml_idw20,0,,
openmrg,20150827T01,2015-08-28 01:00:00,cml_idw40,0,,
openmrg,20150827T01,2015-08-28 01:00:00,merged,109,3.386,56.989
openmrg,20150827T01,2015-08-28 01:00:00,pws_idw,45,56.936,56.936
openmrg,20150825T02,2015-08-25 03:00:00,cml_idw10,78,55.931,55.931
openmrg,20150825T02,2015-08-25 03:00:00,cml_idw20,135,55.172,55.926
openmrg,20150825T02,2015-08-25 03:00:00,cml_idw40,143,55.927,55.927
openmrg,20150825T02,2015-08-25 03:00:00,merged,238,1.882,55.945
openmrg,20150825T02,2015-08-25 03:00:00,pws_idw,156,55.897,55.897
openmrg,20150825T02,2015-08-25 04:00:00,cml_idw10,0,,
openmrg,20150825T02,2015-08-25 04:00:00,cml_idw20,0,,
openmrg,20150825T02,2015-08-25 04:00:00,cml_idw40,0,,
openmrg,20150825T02,2015-08-25 04:00:00,merged,291,3.449,53.732
openmrg,20150825T02,2015-08-25 04:00:00,pws_idw,45,53.818,53.826
openmrg,20150825T02,2015-08-25 05:00:00,cml_idw10,53,65.193,65.193
openmrg,20150825T02,2015-08-25 05:00:00,cml_idw20,130,65.414,65.414
openmrg,20150825T02,2015-08-25 05:00:00,cml_idw40,222,65.762,65.762
openmrg,20150825T02,2015-08-25 05:00:00,merged,401,7.485,65.706
openmrg,20150825T02,2015-08-25 05:00:00,pws_idw,247,63.644,64.965
openmrg,20150825T02,2015-08-25 06:00:00,cml_idw10,614,53.190,61.417
openmrg,20150825T02,2015-08-25 06:00:00,cml_idw20,899,61.400,61.400
openmrg,20150825T02,2015-08-25 06:00:00,cml_idw40,1016,61.428,61.428
openmrg,20150825T02,2015-08-25 06:00:00,merged,748,12.658,61.491
openmrg,20150825T02,2015-08-25 06:00:00,pws_idw,843,57.891,61.353
openmrg,20150825T02,2015-08-25 07:00:00,cml_idw10,824,62.384,62.426
openmrg,20150825T02,2015-08-25 07:00:00,cml_idw20,1111,62.134,62.330
openmrg,20150825T02,2015-08-25 07:00:00,cml_idw40,1212,63.775,62.315
openmrg,20150825T02,2015-08-25 07:00:00,merged,1038,9.838,62.350
openmrg,20150825T02,2015-08-25 07:00:00,pws_idw,1134,67.096,62.339
openmrg,20150825T02,2015-08-25 08:00:00,cml_idw10,890,66.889,67.533
openmrg,20150825T02,2015-08-25 08:00:00,cml_idw20,1212,67.554,67.554
openmrg,20150825T02,2015-08-25 08:00:00,cml_idw40,1317,68.496,67.556
openmrg,20150825T02,2015-08-25 08:00:00,merged,1024,18.857,67.554
openmrg,20150825T02,2015-08-25 08:00:00,pws_idw,1204,64.287,67.587
openmrg,20150825T02,2015-08-25 09:00:00,cml_idw10,755,65.614,68.147
openmrg,20150825T02,2015-08-25 09:00:00,cml_idw20,993,63.404,68.177
openmrg,20150825T02,2015-08-25 09:00:00,cml_idw40,1044,68.180,68.180
openmrg,20150825T02,2015-08-25 09:00:00,merged,850,54.252,68.055
openmrg,20150825T02,2015-08-25 09:00:00,pws_idw,1198,62.188,68.051
openmrg,20150825T02,2015-08-25 10:00:00,cml_idw10,788,40.644,65.181
openmrg,20150825T02,2015-08-25 10:00:00,cml_idw20,1092,55.257,65.182
openmrg,20150825T02,2015-08-25 10:00:00,cml_idw40,1257,65.148,65.148
openmrg,20150825T02,2015-08-25 10:00:00,merged,860,39.369,65.059
openmrg,20150825T02,2015-08-25 10:00:00,pws_idw,1170,56.154,65.151
openmrg,20150825T02,2015-08-25 11:00:00,cml_idw10,165,55.694,68.102
openmrg,20150825T02,2015-08-25 11:00:00,cml_idw20,190,34.680,67.705
openmrg,20150825T02,2015-08-25 11:00:00,cml_idw40,216,39.046,67.465
openmrg,20150825T02,2015-08-25 11:00:00,merged,333,37.609,68.031
openmrg,20150825T02,2015-08-25 11:00:00,pws_idw,472,50.757,67.923
openmrg,20150825T02,2015-08-25 12:00:00,cml_idw10,31,60.934,60.934
openmrg,20150825T02,2015-08-25 12:00:00,cml_idw20,40,61.277,61.277
openmrg,20150825T02,2015-08-25 12:00:00,cml_idw40,20,60.704,60.704
openmrg,20150825T02,2015-08-25 12:00:00,merged,74,11.826,63.101
openmrg,20150825T02,2015-08-25 12:00:00,pws_idw,163,148.356,61.805
openmrg,20150825T02,2015-08-25 14:00:00,cml_idw10,194,46.846,46.846
openmrg,20150825T02,2015-08-25 14:00:00,cml_idw20,366,46.840,46.840
openmrg,20150825T02,2015-08-25 14:00:00,cml_idw40,465,46.832,46.832
openmrg,20150825T02,2015-08-25 14:00:00,merged,313,23.489,46.811
openmrg,20150825T02,2015-08-25 14:00:00,pws_idw,335,3.250,46.820
openmrg,20150825T02,2015-08-25 15:00:00,cml_idw10,261,25.516,48.952
openmrg,20150825T02,2015-08-25 15:00:00,cml_idw20,362,9.885,49.070
openmrg,20150825T02,2015-08-25 15:00:00,cml_idw40,377,8.279,49.115
openmrg,20150825T02,2015-08-25 15:00:00,merged,294,21.435,49.195
openmrg,20150825T02,2015-08-25 15:00:00,pws_idw,435,35.024,48.880
openmrg,20150825T02,2015-08-25 17:00:00,cml_idw10,460,43.530,43.530
openmrg,20150825T02,2015-08-25 17:00:00,cml_idw20,744,43.497,43.497
openmrg,20150825T02,2015-08-25 17:00:00,cml_idw40,889,43.478,43.478
openmrg,20150825T02,2015-08-25 17:00:00,merged,720,37.690,43.426
openmrg,20150825T02,2015-08-25 17:00:00,pws_idw,443,29.306,43.501
openmrg,20150825T02,2015-08-25 18:00:00,cml_idw10,384,29.300,45.659
openmrg,20150825T02,2015-08-25 18:00:00,cml_idw20,568,45.677,45.677
openmrg,20150825T02,2015-08-25 18:00:00,cml_idw40,616,45.676,45.676
openmrg,20150825T02,2015-08-25 18:00:00,merged,667,49.765,45.669
openmrg,20150825T02,2015-08-25 18:00:00,pws_idw,412,49.203,45.411
openmrg,20150825T02,2015-08-25 19:00:00,cml_idw10,58,48.545,48.545
openmrg,20150825T02,2015-08-25 19:00:00,cml_idw20,120,48.045,48.045
openmrg,20150825T02,2015-08-25 19:00:00,cml_idw40,120,48.044,48.044
openmrg,20150825T02,2015-08-25 19:00:00,merged,140,14.424,48.231
openmrg,20150825T02,2015-08-25 19:00:00,pws_idw,330,38.618,48.842
openmrg,20150825T02,2015-08-25 20:00:00,cml_idw10,0,,
openmrg,20150825T02,2015-08-25 20:00:00,cml_idw20,0,,
openmrg,20150825T02,2015-08-25 20:00:00,cml_idw40,0,,
openmrg,20150825T02,2015-08-25 20:00:00,merged,22,139.157,37.733
openmrg,20150825T02,2015-08-25 20:00:00,pws_idw,178,38.657,38.657
openmrg,20150825T02,2015-08-25 21:00:00,cml_idw10,170,34.157,24.186
openmrg,20150825T02,2015-08-25 21:00:00,cml_idw20,247,52.698,24.139
openmrg,20150825T02,2015-08-25 21:00:00,cml_idw40,255,54.238,24.136
openmrg,20150825T02,2015-08-25 21:00:00,merged,258,21.294,24.171
openmrg,20150825T02,2015-08-25 21:00:00,pws_idw,289,98.792,24.081
openmrg,20150825T02,2015-08-25 22:00:00,cml_idw10,205,36.808,36.808
openmrg,20150825T02,2015-08-25 22:00:00,cml_idw20,309,36.822,36.822
openmrg,20150825T02,2015-08-25 22:00:00,cml_idw40,331,36.824,36.824
openmrg,20150825T02,2015-08-25 22:00:00,merged,183,25.009,36.788
openmrg,20150825T02,2015-08-25 22:00:00,pws_idw,231,11.736,36.806
openmrg,20150825T02,2015-08-25 23:00:00,cml_idw10,21,44.489,44.489
openmrg,20150825T02,2015-08-25 23:00:00,cml_idw20,8,44.515,44.515
openmrg,20150825T02,2015-08-25 23:00:00,cml_idw40,8,44.515,44.515
openmrg,20150825T02,2015-08-25 23:00:00,merged,87,21.603,44.257
openmrg,20150825T02,2015-08-25 23:00:00,pws_idw,0,,
openmrg,20150728T03,2015-07-28 04:00:00,cml_idw10,0,,
openmrg,20150728T03,2015-07-28 04:00:00,cml_idw20,0,,
openmrg,20150728T03,2015-07-28 04:00:00,cml_idw40,0,,
openmrg,20150728T03,2015-07-28 04:00:00,merged,215,2.402,19.063
openmrg,20150728T03,2015-07-28 04:00:00,pws_idw,100,26.961,19.038
openmrg,20150728T03,2015-07-28 05:00:00,cml_idw10,54,20.291,20.291
openmrg,20150728T03,2015-07-28 05:00:00,cml_idw20,99,20.295,20.295
openmrg,20150728T03,2015-07-28 05:00:00,cml_idw40,92,20.294,20.294
openmrg,20150728T03,2015-07-28 05:00:00,merged,281,2.417,20.338
openmrg,20150728T03,2015-07-28 05:00:00,pws_idw,191,20.484,20.484
openmrg,20150728T03,2015-07-28 06:00:00,cml_idw10,126,23.059,23.059
openmrg,20150728T03,2015-07-28 06:00:00,cml_idw20,186,5.090,23.060
openmrg,20150728T03,2015-07-28 06:00:00,cml_idw40,199,5.149,23.061
openmrg,20150728T03,2015-07-28 06:00:00,merged,352,0.796,22.992
openmrg,20150728T03,2015-07-28 06:00:00,pws_idw,286,15.029,23.135
openmrg,20150728T03,2015-07-28 07:00:00,cml_idw10,130,9.932,24.170
openmrg,20150728T03,2015-07-28 07:00:00,cml_idw20,148,24.127,24.127
openmrg,20150728T03,2015-07-28 07:00:00,cml_idw40,222,11.842,24.033
openmrg,20150728T03,2015-07-28 07:00:00,merged,356,4.470,24.010
openmrg,20150728T03,2015-07-28 07:00:00,pws_idw,335,14.485,24.155
openmrg,20150728T03,2015-07-28 08:00:00,cml_idw10,86,24.867,24.867
openmrg,20150728T03,2015-07-28 08:00:00,cml_idw20,138,93.322,24.840
openmrg,20150728T03,2015-07-28 08:00:00,cml_idw40,139,24.840,24.840
openmrg,20150728T03,2015-07-28 08:00:00,merged,257,3.913,24.596
openmrg,20150728T03,2015-07-28 08:00:00,pws_idw,0,,
openmrg,20150728T03,2015-07-28 09:00:00,cml_idw10,0,,
openmrg,20150728T03,2015-07-28 09:00:00,cml_idw20,0,,
openmrg,20150728T03,2015-07-28 09:00:00,cml_idw40,0,,
openmrg,20150728T03,2015-07-28 09:00:00,merged,164,3.356,22.849
openmrg,20150728T03,2015-07-28 09:00:00,pws_idw,0,,
openmrg,20150728T03,2015-07-28 10:00:00,cml_idw10,0,,
openmrg,20150728T03,2015-07-28 10:00:00,cml_idw20,0,,
openmrg,20150728T03,2015-07-28 10:00:00,cml_idw40,0,,
openmrg,20150728T03,2015-07-28 10:00:00,merged,192,8.820,26.657
openmrg,20150728T03,2015-07-28 10:00:00,pws_idw,260,27.035,27.035
openmrg,20150728T03,2015-07-28 11:00:00,cml_idw10,0,,
openmrg,20150728T03,2015-07-28 11:00:00,cml_idw20,0,,
openmrg,20150728T03,2015-07-28 11:00:00,cml_idw40,0,,
openmrg,20150728T03,2015-07-28 11:00:00,merged,191,6.476,23.593
openmrg,20150728T03,2015-07-28 11:00:00,pws_idw,171,12.591,24.078
openmrg,20150728T03,2015-07-28 12:00:00,cml_idw10,116,20.949,20.949
openmrg,20150728T03,2015-07-28 12:00:00,cml_idw20,206,20.779,20.779
openmrg,20150728T03,2015-07-28 12:00:00,cml_idw40,214,20.765,20.765
openmrg,20150728T03,2015-07-28 12:00:00,merged,213,6.605,20.021
openmrg,20150728T03,2015-07-28 12:00:00,pws_idw,295,23.652,20.589
openmrg,20150728T03,2015-07-28 13:00:00,cml_idw10,227,25.825,32.286
openmrg,20150728T03,2015-07-28 13:00:00,cml_idw20,334,22.899,32.107
openmrg,20150728T03,2015-07-28 13:00:00,cml_idw40,351,24.039,32.102
openmrg,20150728T03,2015-07-28 13:00:00,merged,352,27.287,32.041
openmrg,20150728T03,2015-07-28 13:00:00,pws_idw,467,66.501,32.306
openmrg,20150728T03,2015-07-28 14:00:00,cml_idw10,70,24.285,24.285
openmrg,20150728T03,2015-07-28 14:00:00,cml_idw20,108,15.716,24.270
openmrg,20150728T03,2015-07-28 14:00:00,cml_idw40,126,14.171,24.233
openmrg,20150728T03,2015-07-28 14:00:00,merged,226,46.579,23.591
openmrg,20150728T03,2015-07-28 14:00:00,pws_idw,0,,
openmrg,20150728T03,2015-07-28 15:00:00,cml_idw10,219,7.352,14.382
openmrg,20150728T03,2015-07-28 15:00:00,cml_idw20,380,14.351,14.351
openmrg,20150728T03,2015-07-28 15:00:00,cml_idw40,433,14.344,14.344
openmrg,20150728T03,2015-07-28 15:00:00,merged,415,6.045,14.329
openmrg,20150728T03,2015-07-28 15:00:00,pws_idw,418,5.543,14.428
openmrg,20150728T03,2015-07-28 16:00:00,cml_idw10,678,15.321,15.321
openmrg,20150728T03,2015-07-28 16:00:00,cml_idw20,1084,15.298,15.298
openmrg,20150728T03,2015-07-28 16:00:00,cml_idw40,1231,15.236,15.293
openmrg,20150728T03,2015-07-28 16:00:00,merged,796,7.990,15.324
openmrg,20150728T03,2015-07-28 16:00:00,pws_idw,668,11.259,15.297
openmrg,20150728T03,2015-07-28 17:00:00,cml_idw10,525,17.283,17.283
openmrg,20150728T03,2015-07-28 17:00:00,cml_idw20,786,16.973,17.218
openmrg,20150728T03,2015-07-28 17:00:00,cml_idw40,921,16.250,17.167
openmrg,20150728T03,2015-07-28 17:00:00,merged,793,11.054,17.041
openmrg,20150728T03,2015-07-28 17:00:00,pws_idw,928,17.585,16.934
openmrg,20150728T03,2015-07-28 18:00:00,cml_idw10,302,13.945,15.774
openmrg,20150728T03,2015-07-28 18:00:00,cml_idw20,398,15.793,15.793
openmrg,20150728T03,2015-07-28 18:00:00,cml_idw40,423,15.800,15.800
openmrg,20150728T03,2015-07-28 18:00:00,merged,362,1.530,15.830
openmrg,20150728T03,2015-07-28 18:00:00,pws_idw,646,9.617,15.819
openmrg,20150728T03,2015-07-28 19:00:00,cml_idw10,0,,
openmrg,20150728T03,2015-07-28 19:00:00,cml_idw20,0,,
openmrg,20150728T03,2015-07-28 19:00:00,cml_idw40,0,,
openmrg,20150728T03,2015-07-28 19:00:00,merged,115,6.333,17.611
openmrg,20150728T03,2015-07-28 19:00:00,pws_idw,121,259.570,17.617
openmrg,20150728T03,2015-07-28 21:00:00,cml_idw10,0,,
openmrg,20150728T03,2015-07-28 21:00:00,cml_idw20,0,,
openmrg,20150728T03,2015-07-28 21:00:00,cml_idw40,0,,
openmrg,20150728T03,2015-07-28 21:00:00,merged,83,3.237,10.983
openmrg,20150728T03,2015-07-28 21:00:00,pws_idw,0,,
openmrg,20150728T03,2015-07-28 23:00:00,cml_idw10,0,,
openmrg,20150728T03,2015-07-28 23:00:00,cml_idw20,0,,
openmrg,20150728T03,2015-07-28 23:00:00,cml_idw40,0,,
openmrg,20150728T03,2015-07-28 23:00:00,merged,85,4.160,9.592
openmrg,20150728T03,2015-07-28 23:00:00,pws_idw,0,,
openmrg,20150728T03,2015-07-29 00:00:00,cml_idw10,0,,
openmrg,20150728T03,2015-07-29 00:00:00,cml_idw20,0,,
openmrg,20150728T03,2015-07-29 00:00:00,cml_idw40,0,,
openmrg,20150728T03,2015-07-29 00:00:00,merged,148,4.973,17.074
openmrg,20150728T03,2015-07-29 00:00:00,pws_idw,187,34.546,17.160
openmrg,20150728T03,2015-07-29 01:00:00,cml_idw10,149,20.590,20.590
openmrg,20150728T03,2015-07-29 01:00:00,cml_idw20,312,20.585,20.585
openmrg,20150728T03,2015-07-29 01:00:00,cml_idw40,423,20.576,20.576
openmrg,20150728T03,2015-07-29 01:00:00,merged,376,5.877,20.522
openmrg,20150728T03,2015-07-29 01:00:00,pws_idw,407,143.957,20.560
openmrg,20150728T03,2015-07-29 02:00:00,cml_idw10,334,17.238,17.238
openmrg,20150728T03,2015-07-29 02:00:00,cml_idw20,565,15.830,17.234
openmrg,20150728T03,2015-07-29 02:00:00,cml_idw40,720,17.228,17.228
openmrg,20150728T03,2015-07-29 02:00:00,merged,586,3.231,17.172
openmrg,20150728T03,2015-07-29 02:00:00,pws_idw,872,20.625,17.197
openmrg,20150728T03,2015-07-29 03:00:00,cml_idw10,453,13.931,19.720
openmrg,20150728T03,2015-07-29 03:00:00,cml_idw20,766,16.099,19.740
openmrg,20150728T03,2015-07-29 03:00:00,cml_idw40,915,17.964,19.751
openmrg,20150728T03,2015-07-29 03:00:00,merged,522,7.420,19.670
openmrg,20150728T03,2015-07-29 03:00:00,pws_idw,923,27.434,19.752
openmrg,20150728T03,2015-07-29 04:00:00,cml_idw10,455,17.059,17.059
openmrg,20150728T03,2015-07-29 04:00:00,cml_idw20,696,8.965,17.061
openmrg,20150728T03,2015-07-29 04:00:00,cml_idw40,795,6.196,17.072
openmrg,20150728T03,2015-07-29 04:00:00,merged,550,8.936,17.114
openmrg,20150728T03,2015-07-29 04:00:00,pws_idw,943,6.812,17.091
openmrg,20150728T03,2015-07-29 05:00:00,cml_idw10,408,20.586,20.586
openmrg,20150728T03,2015-07-29 05:00:00,cml_idw20,668,20.575,20.575
openmrg,20150728T03,2015-07-29 05:00:00,cml_idw40,787,19.523,20.532
openmrg,20150728T03,2015-07-29 05:00:00,merged,698,13.023,20.582
openmrg,20150728T03,2015-07-29 05:00:00,pws_idw,504,15.759,20.858
openmrg,20150728T03,2015-07-29 06:00:00,cml_idw10,573,16.729,20.352
openmrg,20150728T03,2015-07-29 06:00:00,cml_idw20,816,20.300,20.300
openmrg,20150728T03,2015-07-29 06:00:00,cml_idw40,970,20.297,20.297
openmrg,20150728T03,2015-07-29 06:00:00,merged,602,7.111,20.292
openmrg,20150728T03,2015-07-29 06:00:00,pws_idw,743,23.224,20.223
openmrg,20150728T03,2015-07-29 07:00:00,cml_idw10,640,23.144,23.144
openmrg,20150728T03,2015-07-29 07:00:00,cml_idw20,968,19.200,23.131
openmrg,20150728T03,2015-07-29 07:00:00,cml_idw40,1143,20.044,23.133
openmrg,20150728T03,2015-07-29 07:00:00,merged,975,6.650,23.125
openmrg,20150728T03,2015-07-29 07:00:00,pws_idw,1008,29.679,23.106
openmrg,20150728T03,2015-07-29 08:00:00,cml_idw10,889,24.095,24.095
openmrg,20150728T03,2015-07-29 08:00:00,cml_idw20,1331,24.096,24.096
openmrg,20150728T03,2015-07-29 08:00:00,cml_idw40,1471,19.454,24.100
openmrg,20150728T03,2015-07-29 08:00:00,merged,963,13.372,24.080
openmrg,20150728T03,2015-07-29 08:00:00,pws_idw,1305,28.881,24.103
openmrg,20150728T03,2015-07-29 09:00:00,cml_idw10,400,19.174,24.977
openmrg,20150728T03,2015-07-29 09:00:00,cml_idw20,556,6.627,24.924
openmrg,20150728T03,2015-07-29 09:00:00,cml_idw40,604,12.090,24.898
openmrg,20150728T03,2015-07-29 09:00:00,merged,498,5.352,24.930
openmrg,20150728T03,2015-07-29 09:00:00,pws_idw,802,3.860,24.990
openmrg,20150728T03,2015-07-29 10:00:00,cml_idw10,60,23.429,32.198
openmrg,20150728T03,2015-07-29 10:00:00,cml_idw20,60,32.198,32.198
openmrg,20150728T03,2015-07-29 10:00:00,cml_idw40,60,27.255,32.198
openmrg,20150728T03,2015-07-29 10:00:00,merged,148,19.183,32.305
openmrg,20150728T03,2015-07-29 10:00:00,pws_idw,181,36.518,32.244
openmrg,20150728T03,2015-07-29 11:00:00,cml_idw10,86,32.675,32.675
openmrg,20150728T03,2015-07-29 11:00:00,cml_idw20,135,35.667,32.699
openmrg,20150728T03,2015-07-29 11:00:00,cml_idw40,160,36.559,32.701
openmrg,20150728T03,2015-07-29 11:00:00,merged,152,28.996,32.698
openmrg,20150728T03,2015-07-29 11:00:00,pws_idw,83,32.523,32.540
openmrg,20150707T17,2015-07-07 18:00:00,cml_idw10,230,27.507,55.066
openmrg,20150707T17,2015-07-07 18:00:00,cml_idw20,341,54.936,54.936
openmrg,20150707T17,2015-07-07 18:00:00,cml_idw40,366,54.910,54.910
openmrg,20150707T17,2015-07-07 18:00:00,merged,426,6.902,53.616
openmrg,20150707T17,2015-07-07 18:00:00,pws_idw,289,109.041,54.809
openmrg,20150707T17,2015-07-07 19:00:00,cml_idw10,83,35.099,35.099
openmrg,20150707T17,2015-07-07 19:00:00,cml_idw20,155,35.104,35.104
openmrg,20150707T17,2015-07-07 19:00:00,cml_idw40,174,35.093,35.093
openmrg,20150707T17,2015-07-07 19:00:00,merged,423,14.118,35.304
openmrg,20150707T17,2015-07-07 19:00:00,pws_idw,342,45.052,35.150
openmrg,20150707T17,2015-07-07 20:00:00,cml_idw10,74,124.726,55.707
openmrg,20150707T17,2015-07-07 20:00:00,cml_idw20,167,180.597,55.533
openmrg,20150707T17,2015-07-07 20:00:00,cml_idw40,276,55.473,55.473
openmrg,20150707T17,2015-07-07 20:00:00,merged,567,23.291,56.065
openmrg,20150707T17,2015-07-07 20:00:00,pws_idw,605,31.999,56.349
openmrg,20150707T17,2015-07-07 21:00:00,cml_idw10,25,49.709,49.709
openmrg,20150707T17,2015-07-07 21:00:00,cml_idw20,40,49.701,49.701
openmrg,20150707T17,2015-07-07 21:00:00,cml_idw40,41,49.700,49.700
openmrg,20150707T17,2015-07-07 21:00:00,merged,179,22.882,49.598
openmrg,20150707T17,2015-07-07 21:00:00,pws_idw,427,80.391,49.586
openmrg,20150707T17,2015-07-07 22:00:00,cml_idw10,46,47.048,47.048
openmrg,20150707T17,2015-07-07 22:00:00,cml_idw20,78,47.057,47.057
openmrg,20150707T17,2015-07-07 22:00:00,cml_idw40,51,47.053,47.053
openmrg,20150707T17,2015-07-07 22:00:00,merged,291,1.652,47.046
openmrg,20150707T17,2015-07-07 22:00:00,pws_idw,0,,
openmrg,20150707T17,2015-07-07 23:00:00,cml_idw10,896,47.378,52.636
openmrg,20150707T17,2015-07-07 23:00:00,cml_idw20,1221,45.977,52.661
openmrg,20150707T17,2015-07-07 23:00:00,cml_idw40,1391,37.886,52.680
openmrg,20150707T17,2015-07-07 23:00:00,merged,1113,18.875,52.701
openmrg,20150707T17,2015-07-07 23:00:00,pws_idw,1213,47.384,52.651
openmrg,20150707T17,2015-07-08 00:00:00,cml_idw10,518,58.790,58.790
openmrg,20150707T17,2015-07-08 00:00:00,cml_idw20,796,58.782,58.782
openmrg,20150707T17,2015-07-08 00:00:00,cml_idw40,941,58.757,58.757
openmrg,20150707T17,2015-07-08 00:00:00,merged,738,26.640,58.783
openmrg,20150707T17,2015-07-08 00:00:00,pws_idw,806,47.667,59.079
openmrg,20150707T17,2015-07-08 01:00:00,cml_idw10,909,55.754,55.754
openmrg,20150707T17,2015-07-08 01:00:00,cml_idw20,1248,55.733,55.733
openmrg,20150707T17,2015-07-08 01:00:00,cml_idw40,1387,55.724,55.724
openmrg,20150707T17,2015-07-08 01:00:00,merged,1063,42.585,55.700
openmrg,20150707T17,2015-07-08 01:00:00,pws_idw,968,45.061,55.765
openmrg,20150707T17,2015-07-08 02:00:00,cml_idw10,76,11.457,52.664
openmrg,20150707T17,2015-07-08 02:00:00,cml_idw20,105,127.134,52.548
openmrg,20150707T17,2015-07-08 02:00:00,cml_idw40,109,139.906,52.525
openmrg,20150707T17,2015-07-08 02:00:00,merged,237,100.775,52.423
openmrg,20150707T17,2015-07-08 02:00:00,pws_idw,187,236.348,53.580
openmrg,20150707T17,2015-07-08 03:00:00,cml_idw10,0,,
openmrg,20150707T17,2015-07-08 03:00:00,cml_idw20,0,,
openmrg,20150707T17,2015-07-08 03:00:00,cml_idw40,0,,
openmrg,20150707T17,2015-07-08 03:00:00,merged,150,11.694,55.016
openmrg,20150707T17,2015-07-08 03:00:00,pws_idw,141,184.202,53.994
openmrg,20150707T17,2015-07-08 04:00:00,cml_idw10,123,41.105,41.105
openmrg,20150707T17,2015-07-08 04:00:00,cml_idw20,172,41.144,41.144
openmrg,20150707T17,2015-07-08 04:00:00,cml_idw40,177,41.150,41.150
openmrg,20150707T17,2015-07-08 04:00:00,merged,261,6.296,41.316
openmrg,20150707T17,2015-07-08 04:00:00,pws_idw,380,193.255,41.324
openmrg,20150707T17,2015-07-08 05:00:00,cml_idw10,135,34.262,51.656
openmrg,20150707T17,2015-07-08 05:00:00,cml_idw20,192,72.865,51.734
openmrg,20150707T17,2015-07-08 05:00:00,cml_idw40,197,90.900,51.785
openmrg,20150707T17,2015-07-08 05:00:00,merged,326,26.623,50.540
openmrg,20150707T17,2015-07-08 05:00:00,pws_idw,141,48.358,51.974
openmrg,20150707T17,2015-07-08 06:00:00,cml_idw10,58,44.342,44.342
openmrg,20150707T17,2015-07-08 06:00:00,cml_idw20,58,44.342,44.342
openmrg,20150707T17,2015-07-08 06:00:00,cml_idw40,58,44.342,44.342
openmrg,20150707T17,2015-07-08 06:00:00,merged,176,17.218,44.590
openmrg,20150707T17,2015-07-08 06:00:00,pws_idw,0,,
openmrg,20150707T17,2015-07-08 07:00:00,cml_idw10,63,50.476,50.476
openmrg,20150707T17,2015-07-08 07:00:00,cml_idw20,97,50.638,50.638
openmrg,20150707T17,2015-07-08 07:00:00,cml_idw40,102,50.670,50.670
openmrg,20150707T17,2015-07-08 07:00:00,merged,81,75.871,52.453
openmrg,20150707T17,2015-07-08 07:00:00,pws_idw,283,27.458,51.049
openmrg,20150707T17,2015-07-08 12:00:00,cml_idw10,237,51.097,51.097
openmrg,20150707T17,2015-07-08 12:00:00,cml_idw20,335,51.038,51.038
openmrg,20150707T17,2015-07-08 12:00:00,cml_idw40,341,51.031,51.031
openmrg,20150707T17,2015-07-08 12:00:00,merged,367,38.459,50.894
openmrg,20150707T17,2015-07-08 12:00:00,pws_idw,267,133.158,51.145
openmrg,20150707T17,2015-07-08 13:00:00,cml_idw10,416,52.358,56.411
openmrg,20150707T17,2015-07-08 13:00:00,cml_idw20,637,56.440,56.440
openmrg,20150707T17,2015-07-08 13:00:00,cml_idw40,736,18.639,56.451
openmrg,20150707T17,2015-07-08 13:00:00,merged,561,45.221,56.408
openmrg,20150707T17,2015-07-08 13:00:00,pws_idw,262,25.739,56.522
openmrg,20150707T17,2015-07-08 14:00:00,cml_idw10,35,12.034,57.739
openmrg,20150707T17,2015-07-08 14:00:00,cml_idw20,29,110.578,57.750
openmrg,20150707T17,2015-07-08 14:00:00,cml_idw40,29,192.130,57.750
openmrg,20150707T17,2015-07-08 14:00:00,merged,292,21.690,57.163
openmrg,20150707T17,2015-07-08 14:00:00,pws_idw,0,,
openmrg,20150707T17,2015-07-08 15:00:00,cml_idw10,488,56.816,56.816
openmrg,20150707T17,2015-07-08 15:00:00,cml_idw20,798,36.507,56.864
openmrg,20150707T17,2015-07-08 15:00:00,cml_idw40,875,56.901,56.901
openmrg,20150707T17,2015-07-08 15:00:00,merged,776,19.924,56.920
openmrg,20150707T17,2015-07-08 15:00:00,pws_idw,432,83.524,57.331
openmrg,20150707T17,2015-07-08 16:00:00,cml_idw10,348,34.414,43.559
openmrg,20150707T17,2015-07-08 16:00:00,cml_idw20,515,43.576,43.576
openmrg,20150707T17,2015-07-08 16:00:00,cml_idw40,568,43.589,43.589
openmrg,20150707T17,2015-07-08 16:00:00,merged,503,23.603,43.557
openmrg,20150707T17,2015-07-08 16:00:00,pws_idw,531,56.880,43.558
openmrg,20150707T17,2015-07-08 17:00:00,cml_idw10,99,51.838,51.838
openmrg,20150707T17,2015-07-08 17:00:00,cml_idw20,163,51.883,51.883
openmrg,20150707T17,2015-07-08 17:00:00,cml_idw40,170,136.766,51.882
openmrg,20150707T17,2015-07-08 17:00:00,merged,361,19.778,51.963
openmrg,20150707T17,2015-07-08 17:00:00,pws_idw,535,96.091,51.755
openmrg,20150707T17,2015-07-08 18:00:00,cml_idw10,196,50.034,50.034
openmrg,20150707T17,2015-07-08 18:00:00,cml_idw20,265,50.050,50.050
openmrg,20150707T17,2015-07-08 18:00:00,cml_idw40,291,50.041,50.041
openmrg,20150707T17,2015-07-08 18:00:00,merged,350,25.433,50.165
openmrg,20150707T17,2015-07-08 18:00:00,pws_idw,607,44.499,50.228
openmrg,20150707T17,2015-07-08 19:00:00,cml_idw10,431,45.277,45.277
openmrg,20150707T17,2015-07-08 19:00:00,cml_idw20,697,45.380,45.380
openmrg,20150707T17,2015-07-08 19:00:00,cml_idw40,811,45.461,45.461
openmrg,20150707T17,2015-07-08 19:00:00,merged,401,13.378,45.230
openmrg,20150707T17,2015-07-08 19:00:00,pws_idw,473,154.920,44.929
openmrg,20150707T17,2015-07-08 20:00:00,cml_idw10,952,44.938,44.938
openmrg,20150707T17,2015-07-08 20:00:00,cml_idw20,1341,29.462,44.939
openmrg,20150707T17,2015-07-08 20:00:00,cml_idw40,1459,14.895,44.938
openmrg,20150707T17,2015-07-08 20:00:00,merged,1189,17.897,44.960
openmrg,20150707T17,2015-07-08 20:00:00,pws_idw,993,43.231,44.933
openmrg,20150707T17,2015-07-08 21:00:00,cml_idw10,254,42.596,42.596
openmrg,20150707T17,2015-07-08 21:00:00,cml_idw20,367,9.839,42.570
openmrg,20150707T17,2015-07-08 21:00:00,cml_idw40,382,42.586,42.586
openmrg,20150707T17,2015-07-08 21:00:00,merged,447,6.974,42.637
openmrg,20150707T17,2015-07-08 21:00:00,pws_idw,344,20.447,42.566
openmrg,20150707T17,2015-07-08 22:00:00,cml_idw10,67,38.554,38.554
openmrg,20150707T17,2015-07-08 22:00:00,cml_idw20,100,39.837,38.630
openmrg,20150707T17,2015-07-08 22:00:00,cml_idw40,106,38.636,38.636
openmrg,20150707T17,2015-07-08 22:00:00,merged,168,11.025,38.602
openmrg,20150707T17,2015-07-08 22:00:00,pws_idw,407,40.717,38.579
openmrg,20150707T17,2015-07-09 03:00:00,cml_idw10,0,,
openmrg,20150707T17,2015-07-09 03:00:00,cml_idw20,0,,
openmrg,20150707T17,2015-07-09 03:00:00,cml_idw40,0,,
openmrg,20150707T17,2015-07-09 03:00:00,merged,55,140.273,14.487
openmrg,20150707T17,2015-07-09 03:00:00,pws_idw,181,237.195,14.487
openmrg,20150707T17,2015-07-09 04:00:00,cml_idw10,74,18.027,18.027
openmrg,20150707T17,2015-07-09 04:00:00,cml_idw20,126,18.036,18.036
openmrg,20150707T17,2015-07-09 04:00:00,cml_idw40,126,18.036,18.036
openmrg,20150707T17,2015-07-09 04:00:00,merged,99,9.807,18.121
openmrg,20150707T17,2015-07-09 04:00:00,pws_idw,407,324.616,18.211
openmrg,20150707T17,2015-07-09 05:00:00,cml_idw10,5,17.352,17.352
openmrg,20150707T17,2015-07-09 05:00:00,cml_idw20,5,17.352,17.352
openmrg,20150707T17,2015-07-09 05:00:00,cml_idw40,5,17.352,17.352
openmrg,20150707T17,2015-07-09 05:00:00,merged,132,9.433,17.607
openmrg,20150707T17,2015-07-09 05:00:00,pws_idw,0,,
openmrg,20150707T17,2015-07-09 06:00:00,cml_idw10,128,8.952,20.736
openmrg,20150707T17,2015-07-09 06:00:00,cml_idw20,166,8.536,20.744
openmrg,20150707T17,2015-07-09 06:00:00,cml_idw40,193,8.788,20.747
openmrg,20150707T17,2015-07-09 06:00:00,merged,381,9.548,20.747
openmrg,20150707T17,2015-07-09 06:00:00,pws_idw,538,16.149,20.749
openmrg,20150707T17,2015-07-09 07:00:00,cml_idw10,312,11.117,17.697
openmrg,20150707T17,2015-07-09 07:00:00,cml_idw20,474,11.882,17.761
openmrg,20150707T17,2015-07-09 07:00:00,cml_idw40,532,12.088,17.784
openmrg,20150707T17,2015-07-09 07:00:00,merged,537,8.279,17.911
openmrg,20150707T17,2015-07-09 07:00:00,pws_idw,611,42.360,17.858
openmrg,20150707T17,2015-07-09 08:00:00,cml_idw10,249,12.310,17.879
openmrg,20150707T17,2015-07-09 08:00:00,cml_idw20,311,3.754,17.894
openmrg,20150707T17,2015-07-09 08:00:00,cml_idw40,314,3.009,17.895
openmrg,20150707T17,2015-07-09 08:00:00,merged,374,14.450,17.857
openmrg,20150707T17,2015-07-09 08:00:00,pws_idw,526,21.569,17.811
openmrg,20150707T17,2015-07-09 09:00:00,cml_idw10,108,24.981,24.981
openmrg,20150707T17,2015-07-09 09:00:00,cml_idw20,146,24.981,24.981
openmrg,20150707T17,2015-07-09 09:00:00,cml_idw40,149,13.116,24.981
openmrg,20150707T17,2015-07-09 09:00:00,merged,150,4.938,24.979
openmrg,20150707T17,2015-07-09 09:00:00,pws_idw,184,305.415,24.979
openmrg,20150602T04,2015-06-02 05:00:00,cml_idw10,0,,
openmrg,20150602T04,2015-06-02 05:00:00,cml_idw20,0,,
openmrg,20150602T04,2015-06-02 05:00:00,cml_idw40,0,,
openmrg,20150602T04,2015-06-02 05:00:00,merged,417,16.763,59.795
openmrg,20150602T04,2015-06-02 05:00:00,pws_idw,0,,
openmrg,20150602T04,2015-06-02 06:00:00,cml_idw10,23,62.000,62.000
openmrg,20150602T04,2015-06-02 06:00:00,cml_idw20,16,62.023,62.023
openmrg,20150602T04,2015-06-02 06:00:00,cml_idw40,4,62.190,62.190
openmrg,20150602T04,2015-06-02 06:00:00,merged,350,11.050,62.081
openmrg,20150602T04,2015-06-02 06:00:00,pws_idw,122,62.082,62.082
openmrg,20150602T04,2015-06-02 07:00:00,cml_idw10,307,74.420,74.420
openmrg,20150602T04,2015-06-02 07:00:00,cml_idw20,430,74.385,74.385
openmrg,20150602T04,2015-06-02 07:00:00,cml_idw40,493,74.332,74.332
openmrg,20150602T04,2015-06-02 07:00:00,merged,674,76.464,74.148
openmrg,20150602T04,2015-06-02 07:00:00,pws_idw,678,276.831,74.098
openmrg,20150602T04,2015-06-02 08:00:00,cml_idw10,582,86.993,86.993
openmrg,20150602T04,2015-06-02 08:00:00,cml_idw20,765,87.034,87.034
openmrg,20150602T04,2015-06-02 08:00:00,cml_idw40,869,131.252,87.053
openmrg,20150602T04,2015-06-02 08:00:00,merged,821,80.032,87.067
openmrg,20150602T04,2015-06-02 08:00:00,pws_idw,1059,107.346,87.027
openmrg,20150602T04,2015-06-02 09:00:00,cml_idw10,1005,91.140,91.140
openmrg,20150602T04,2015-06-02 09:00:00,cml_idw20,1345,86.435,90.855
openmrg,20150602T04,2015-06-02 09:00:00,cml_idw40,1453,83.869,90.756
openmrg,20150602T04,2015-06-02 09:00:00,merged,1184,35.166,90.964
openmrg,20150602T04,2015-06-02 09:00:00,pws_idw,1024,81.082,90.489
openmrg,20150602T04,2015-06-02 10:00:00,cml_idw10,458,86.210,92.510
openmrg,20150602T04,2015-06-02 10:00:00,cml_idw20,614,78.321,92.526
openmrg,20150602T04,2015-06-02 10:00:00,cml_idw40,618,61.126,92.520
openmrg,20150602T04,2015-06-02 10:00:00,merged,926,21.016,91.786
openmrg,20150602T04,2015-06-02 10:00:00,pws_idw,594,140.847,92.807
openmrg,20150602T04,2015-06-02 11:00:00,cml_idw10,442,67.151,92.292
openmrg,20150602T04,2015-06-02 11:00:00,cml_idw20,578,23.195,92.330
openmrg,20150602T04,2015-06-02 11:00:00,cml_idw40,590,34.653,92.329
openmrg,20150602T04,2015-06-02 11:00:00,merged,681,46.545,92.252
openmrg,20150602T04,2015-06-02 11:00:00,pws_idw,655,106.039,92.187
openmrg,20150602T04,2015-06-02 12:00:00,cml_idw10,1029,95.225,93.980
openmrg,20150602T04,2015-06-02 12:00:00,cml_idw20,1398,100.373,94.008
openmrg,20150602T04,2015-06-02 12:00:00,cml_idw40,1506,116.667,94.031
openmrg,20150602T04,2015-06-02 12:00:00,merged,1033,92.763,93.908
openmrg,20150602T04,2015-06-02 12:00:00,pws_idw,1224,94.630,94.032
openmrg,20150602T04,2015-06-02 13:00:00,cml_idw10,535,91.424,91.424
openmrg,20150602T04,2015-06-02 13:00:00,cml_idw20,684,87.880,91.463
openmrg,20150602T04,2015-06-02 13:00:00,cml_idw40,714,91.452,91.452
openmrg,20150602T04,2015-06-02 13:00:00,merged,754,53.503,91.377
openmrg,20150602T04,2015-06-02 13:00:00,pws_idw,750,98.458,91.139
openmrg,20150602T04,2015-06-02 14:00:00,cml_idw10,468,100.562,109.237
openmrg,20150602T04,2015-06-02 14:00:00,cml_idw20,651,75.013,109.420
openmrg,20150602T04,2015-06-02 14:00:00,cml_idw40,683,80.334,109.460
openmrg,20150602T04,2015-06-02 14:00:00,merged,667,107.636,109.478
openmrg,20150602T04,2015-06-02 14:00:00,pws_idw,745,132.374,109.500
openmrg,20150602T04,2015-06-02 15:00:00,cml_idw10,406,94.631,94.631
openmrg,20150602T04,2015-06-02 15:00:00,cml_idw20,572,94.682,94.682
openmrg,20150602T04,2015-06-02 15:00:00,cml_idw40,582,94.682,94.682
openmrg,20150602T04,2015-06-02 15:00:00,merged,538,39.592,94.771
openmrg,20150602T04,2015-06-02 15:00:00,pws_idw,436,63.430,94.783
openmrg,20150602T04,2015-06-02 16:00:00,cml_idw10,840,107.602,107.602
openmrg,20150602T04,2015-06-02 16:00:00,cml_idw20,1163,107.601,107.601
openmrg,20150602T04,2015-06-02 16:00:00,cml_idw40,1337,107.523,107.523
openmrg,20150602T04,2015-06-02 16:00:00,merged,1082,107.543,107.529
openmrg,20150602T04,2015-06-02 16:00:00,pws_idw,1040,115.257,107.592
openmrg,20150602T04,2015-06-02 17:00:00,cml_idw10,666,104.855,104.519
openmrg,20150602T04,2015-06-02 17:00:00,cml_idw20,857,95.465,104.399
openmrg,20150602T04,2015-06-02 17:00:00,cml_idw40,880,104.384,104.384
openmrg,20150602T04,2015-06-02 17:00:00,merged,849,20.469,104.398
openmrg,20150602T04,2015-06-02 17:00:00,pws_idw,719,93.447,104.515
openmrg,20150602T04,2015-06-02 18:00:00,cml_idw10,807,96.355,96.355
openmrg,20150602T04,2015-06-02 18:00:00,cml_idw20,1057,96.336,96.336
openmrg,20150602T04,2015-06-02 18:00:00,cml_idw40,1122,96.345,96.345
openmrg,20150602T04,2015-06-02 18:00:00,merged,923,57.344,96.388
openmrg,20150602T04,2015-06-02 18:00:00,pws_idw,1005,100.402,96.408
openmrg,20150602T04,2015-06-02 19:00:00,cml_idw10,879,97.031,97.031
openmrg,20150602T04,2015-06-02 19:00:00,cml_idw20,1214,79.616,97.025
openmrg,20150602T04,2015-06-02 19:00:00,cml_idw40,1362,69.597,96.969
openmrg,20150602T04,2015-06-02 19:00:00,merged,1153,74.261,96.868
openmrg,20150602T04,2015-06-02 19:00:00,pws_idw,940,82.695,96.971
openmrg,20150602T04,2015-06-02 20:00:00,cml_idw10,236,99.042,103.306
openmrg,20150602T04,2015-06-02 20:00:00,cml_idw20,358,79.656,103.147
openmrg,20150602T04,2015-06-02 20:00:00,cml_idw40,429,134.718,103.150
openmrg,20150602T04,2015-06-02 20:00:00,merged,322,22.971,103.172
openmrg,20150602T04,2015-06-02 20:00:00,pws_idw,213,89.346,102.805
openmrg,20150602T04,2015-06-02 21:00:00,cml_idw10,0,,
openmrg,20150602T04,2015-06-02 21:00:00,cml_idw20,0,,
openmrg,20150602T04,2015-06-02 21:00:00,cml_idw40,0,,
openmrg,20150602T04,2015-06-02 21:00:00,merged,36,163.405,96.929
openmrg,20150602T04,2015-06-02 21:00:00,pws_idw,0,,
openmrg,20150602T04,2015-06-02 22:00:00,cml_idw10,2,74.167,74.167
openmrg,20150602T04,2015-06-02 22:00:00,cml_idw20,2,74.167,74.167
openmrg,20150602T04,2015-06-02 22:00:00,cml_idw40,2,74.167,74.167
openmrg,20150602T04,2015-06-02 22:00:00,merged,167,74.167,74.167
openmrg,20150602T04,2015-06-02 22:00:00,pws_idw,0,,
openmrg,20150602T04,2015-06-02 23:00:00,cml_idw10,580,89.656,89.656
openmrg,20150602T04,2015-06-02 23:00:00,cml_idw20,851,89.641,89.641
openmrg,20150602T04,2015-06-02 23:00:00,cml_idw40,995,89.634,89.634
openmrg,20150602T04,2015-06-02 23:00:00,merged,1003,91.816,89.604
openmrg,20150602T04,2015-06-02 23:00:00,pws_idw,917,84.601,89.627
openmrg,20150602T04,2015-06-03 00:00:00,cml_idw10,579,80.338,83.176
openmrg,20150602T04,2015-06-03 00:00:00,cml_idw20,800,39.796,83.207
openmrg,20150602T04,2015-06-03 00:00:00,cml_idw40,808,98.871,83.214
openmrg,20150602T04,2015-06-03 00:00:00,merged,775,66.531,83.132
openmrg,20150602T04,2015-06-03 00:00:00,pws_idw,488,40.547,83.314
openmrg,20150602T04,2015-06-03 01:00:00,cml_idw10,81,76.096,76.096
openmrg,20150602T04,2015-06-03 01:00:00,cml_idw20,134,76.096,76.096
openmrg,20150602T04,2015-06-03 01:00:00,cml_idw40,153,76.096,76.096
openmrg,20150602T04,2015-06-03 01:00:00,merged,205,59.064,76.096
openmrg,20150602T04,2015-06-03 01:00:00,pws_idw,0,,
openmrg,20150602T04,2015-06-03 02:00:00,cml_idw10,290,89.043,89.043
openmrg,20150602T04,2015-06-03 02:00:00,cml_idw20,481,88.761,88.761
openmrg,20150602T04,2015-06-03 02:00:00,cml_idw40,533,88.752,88.752
openmrg,20150602T04,2015-06-03 02:00:00,merged,438,14.929,88.583
openmrg,20150602T04,2015-06-03 02:00:00,pws_idw,394,78.931,90.145
openmrg,20150602T04,2015-06-03 05:00:00,cml_idw10,83,85.754,85.754
openmrg,20150602T04,2015-06-03 05:00:00,cml_idw20,113,85.672,85.672
openmrg,20150602T04,2015-06-03 05:00:00,cml_idw40,111,85.681,85.681
openmrg,20150602T04,2015-06-03 05:00:00,merged,119,34.364,85.175
openmrg,20150602T04,2015-06-03 05:00:00,pws_idw,0,,
openmrg,20150602T04,2015-06-03 06:00:00,cml_idw10,137,72.719,95.439
openmrg,20150602T04,2015-06-03 06:00:00,cml_idw20,200,95.366,95.366
openmrg,20150602T04,2015-06-03 06:00:00,cml_idw40,207,95.369,95.369
openmrg,20150602T04,2015-06-03 06:00:00,merged,193,85.933,95.743
openmrg,20150602T04,2015-06-03 06:00:00,pws_idw,451,79.172,95.631
openmrg,20150602T04,2015-06-03 07:00:00,cml_idw10,232,60.583,61.638
openmrg,20150602T04,2015-06-03 07:00:00,cml_idw20,330,61.650,61.650
openmrg,20150602T04,2015-06-03 07:00:00,cml_idw40,367,61.666,61.666
openmrg,20150602T04,2015-06-03 07:00:00,merged,271,51.460,61.753
openmrg,20150602T04,2015-06-03 07:00:00,pws_idw,136,75.833,61.710
openmrg,20150602T04,2015-06-03 10:00:00,cml_idw10,106,72.381,72.381
openmrg,20150602T04,2015-06-03 10:00:00,cml_idw20,147,64.999,72.442
openmrg,20150602T04,2015-06-03 10:00:00,cml_idw40,163,72.459,72.459
openmrg,20150602T04,2015-06-03 10:00:00,merged,138,31.629,72.255
openmrg,20150602T04,2015-06-03 10:00:00,pws_idw,0,,
