event_id,start,end,duration_h,wet_hours,total_mm,max_cell_mm,peak_hour,peak_hourly_mm,max_cell_hourly_mm,network
20150602T04,2015-06-02 04:00:00,2015-06-03 10:00:00,30,22,14.92,26.42,2015-06-02 09:00:00,1.62,8.63,openmrg
20150707T17,2015-07-07 17:00:00,2015-07-09 09:00:00,40,29,15.57,33.14,2015-07-08 20:00:00,2.22,16.97,openmrg
20150719T14,2015-07-19 14:00:00,2015-07-20 01:00:00,11,11,9.74,26.26,2015-07-19 19:00:00,1.85,18.09,openmrg
20150725T05,2015-07-25 05:00:00,2015-07-25 15:00:00,10,10,12.5,36.63,2015-07-25 07:00:00,3.34,22.77,openmrg
20150725T21,2015-07-25 21:00:00,2015-07-26 07:00:00,10,10,9.04,21.79,2015-07-26 05:00:00,2.04,13.28,openmrg
20150728T03,2015-07-28 03:00:00,2015-07-29 11:00:00,32,26,17.24,48.05,2015-07-29 07:00:00,1.75,19.6,openmrg
20150804T19,2015-08-04 19:00:00,2015-08-05 01:00:00,6,6,9.01,15.72,2015-08-04 23:00:00,3.38,8.47,openmrg
20150825T02,2015-08-25 02:00:00,2015-08-25 23:00:00,21,18,24.97,44.66,2015-08-25 07:00:00,7.5,25.21,openmrg
20150827T01,2015-08-27 01:00:00,2015-08-28 01:00:00,24,20,28.03,48.61,2015-08-27 09:00:00,4.52,23.2,openmrg
20150831T17,2015-08-31 17:00:00,2015-09-01 00:00:00,7,7,10.83,19.06,2015-08-31 21:00:00,2.13,5.62,openmrg
20210523T23,2021-05-23 23:00:00,2021-05-24 19:00:00,20,20,29.76,112.69,2021-05-24 06:00:00,4.21,30.64,openrainer
20210926T06,2021-09-26 06:00:00,2021-09-26 19:00:00,13,13,27.44,106.18,2021-09-26 15:00:00,4.07,42.26,openrainer
20211005T19,2021-10-05 19:00:00,2021-10-08 07:00:00,60,55,36.53,181.81,2021-10-06 12:00:00,1.44,42.01,openrainer
20211113T11,2021-11-13 11:00:00,2021-11-15 16:00:00,53,53,50.64,172.64,2021-11-14 00:00:00,2.5,33.81,openrainer
20220505T09,2022-05-05 09:00:00,2022-05-07 01:00:00,40,40,38.22,176.64,2022-05-05 22:00:00,2.02,30.6,openrainer
20220806T09,2022-08-06 09:00:00,2022-08-09 06:00:00,69,60,31.69,162.74,2022-08-09 01:00:00,1.98,48.34,openrainer
20220817T10,2022-08-17 10:00:00,2022-08-19 16:00:00,54,45,66.46,173.46,2022-08-18 10:00:00,5.06,39.71,openrainer
20220830T11,2022-08-30 11:00:00,2022-09-01 15:00:00,52,44,26.48,133.47,2022-08-30 17:00:00,1.69,44.21,openrainer
20220929T10,2022-09-29 10:00:00,2022-09-30 20:00:00,34,34,37.36,184.63,2022-09-30 12:00:00,3.34,35.95,openrainer
20221121T17,2022-11-21 17:00:00,2022-11-23 02:00:00,33,33,58.5,176.07,2022-11-22 06:00:00,4.35,38.67,openrainer
20231121T18,2023-11-21 18:00:00,2023-11-22 11:00:00,17,17,43.91,55.6,2023-11-22 08:00:00,6.0,10.6,openmesh
20231210T16,2023-12-10 16:00:00,2023-12-11 15:00:00,23,22,49.12,72.5,2023-12-11 02:00:00,5.83,9.2,openmesh
20231217T18,2023-12-17 18:00:00,2023-12-18 19:00:00,25,21,68.37,81.7,2023-12-18 08:00:00,11.53,14.3,openmesh
20231227T15,2023-12-27 15:00:00,2023-12-28 15:00:00,24,15,36.24,47.5,2023-12-28 08:00:00,8.98,11.6,openmesh
20240109T16,2024-01-09 16:00:00,2024-01-10 11:00:00,19,17,60.71,84.5,2024-01-10 05:00:00,9.01,15.3,openmesh
20240302T12,2024-03-02 12:00:00,2024-03-03 00:00:00,12,12,31.59,42.0,2024-03-02 22:00:00,5.68,8.5,openmesh
20240306T17,2024-03-06 17:00:00,2024-03-07 12:00:00,19,17,39.86,49.0,2024-03-07 00:00:00,7.73,9.9,openmesh
20240309T19,2024-03-09 19:00:00,2024-03-10 11:00:00,16,11,41.42,46.9,2024-03-10 02:00:00,9.57,11.4,openmesh
20240323T06,2024-03-23 06:00:00,2024-03-23 22:00:00,16,16,74.52,96.6,2024-03-23 19:00:00,15.1,19.1,openmesh
20240403T07,2024-04-03 07:00:00,2024-04-04 09:00:00,26,26,45.09,58.8,2024-04-03 22:00:00,7.22,14.8,openmesh
