network,product,lead_min,where,CRPS
openmrg,R,15,domain,0.2995
openmrg,R,15,area,0.2983
openmrg,R,15,gauges,0.4532
openmrg,R,30,domain,0.3598
openmrg,R,30,area,0.3623
openmrg,R,30,gauges,0.4392
openmrg,R,60,domain,0.3962
openmrg,R,60,area,0.4023
openmrg,R,60,gauges,0.5268
openmrg,RCP,15,domain,0.4213
openmrg,RCP,15,area,0.4280
openmrg,RCP,15,gauges,0.4330
openmrg,RCP,30,domain,0.4500
openmrg,RCP,30,area,0.4558
openmrg,RCP,30,gauges,0.4402
openmrg,RCP,60,domain,0.4563
openmrg,RCP,60,area,0.4640
openmrg,RCP,60,gauges,0.4994
openmrg,CP,15,domain,0.4747
openmrg,CP,15,area,0.4669
openmrg,CP,15,gauges,0.4500
openmrg,CP,30,domain,0.4739
openmrg,CP,30,area,0.4736
openmrg,CP,30,gauges,0.4496
openmrg,CP,60,domain,0.4606
openmrg,CP,60,area,0.4676
openmrg,CP,60,gauges,0.5286
