issue,day,scored
2023-11-21 18:00:00,2023-11-21,True
2023-11-21 18:30:00,2023-11-21,True
2023-11-21 19:00:00,2023-11-21,True
2023-11-21 19:30:00,2023-11-21,True
2023-11-21 20:00:00,2023-11-21,True
2023-11-21 20:30:00,2023-11-21,True
2023-11-21 21:00:00,2023-11-21,True
2023-11-21 21:30:00,2023-11-21,True
2023-11-21 22:00:00,2023-11-21,True
2023-11-21 22:30:00,2023-11-21,True
2023-11-21 23:00:00,2023-11-21,True
2023-11-21 23:30:00,2023-11-21,True
2023-11-22 00:00:00,2023-11-22,True
2023-11-22 00:30:00,2023-11-22,True
2023-11-22 01:00:00,2023-11-22,True
2023-11-22 01:30:00,2023-11-22,True
2023-11-22 02:00:00,2023-11-22,True
2023-11-22 02:30:00,2023-11-22,True
2023-11-22 03:00:00,2023-11-22,True
2023-11-22 03:30:00,2023-11-22,True
2023-11-22 04:00:00,2023-11-22,True
2023-11-22 04:30:00,2023-11-22,True
2023-11-22 05:00:00,2023-11-22,True
2023-11-22 05:30:00,2023-11-22,True
2023-11-22 06:00:00,2023-11-22,True
2023-11-22 06:30:00,2023-11-22,True
2023-11-22 07:00:00,2023-11-22,True
2023-11-22 07:30:00,2023-11-22,True
2023-11-22 08:00:00,2023-11-22,True
2023-11-22 08:30:00,2023-11-22,True
2023-11-22 09:00:00,2023-11-22,True
2023-11-22 09:30:00,2023-11-22,True
2023-11-22 10:00:00,2023-11-22,True
2023-11-22 10:30:00,2023-11-22,True
2023-11-22 11:00:00,2023-11-22,True
2023-11-26 18:30:00,2023-11-26,True
2023-11-26 19:00:00,2023-11-26,True
2023-11-26 19:30:00,2023-11-26,True
2023-11-26 20:00:00,2023-11-26,True
2023-11-26 20:30:00,2023-11-26,True
2023-11-26 21:00:00,2023-11-26,True
2023-11-26 21:30:00,2023-11-26,True
2023-11-26 22:00:00,2023-11-26,True
2023-11-26 22:30:00,2023-11-26,True
2023-11-26 23:00:00,2023-11-26,True
2023-12-10 14:30:00,2023-12-10,True
2023-12-10 15:00:00,2023-12-10,True
2023-12-10 15:30:00,2023-12-10,True
2023-12-10 16:00:00,2023-12-10,True
2023-12-10 16:30:00,2023-12-10,True
2023-12-10 17:00:00,2023-12-10,True
2023-12-10 17:30:00,2023-12-10,True
2023-12-10 18:00:00,2023-12-10,True
2023-12-10 18:30:00,2023-12-10,True
2023-12-10 19:00:00,2023-12-10,True
2023-12-10 19:30:00,2023-12-10,True
2023-12-10 20:00:00,2023-12-10,True
2023-12-10 20:30:00,2023-12-10,True
2023-12-10 21:00:00,2023-12-10,True
2023-12-10 21:30:00,2023-12-10,True
2023-12-10 22:00:00,2023-12-10,True
2023-12-10 22:30:00,2023-12-10,True
2023-12-10 23:00:00,2023-12-10,True
2023-12-10 23:30:00,2023-12-10,True
2023-12-11 00:00:00,2023-12-11,True
2023-12-11 00:30:00,2023-12-11,True
2023-12-11 01:00:00,2023-12-11,True
2023-12-11 01:30:00,2023-12-11,True
2023-12-11 02:00:00,2023-12-11,True
2023-12-11 02:30:00,2023-12-11,True
2023-12-11 03:00:00,2023-12-11,True
2023-12-11 03:30:00,2023-12-11,True
2023-12-11 04:00:00,2023-12-11,True
2023-12-11 04:30:00,2023-12-11,True
2023-12-11 05:00:00,2023-12-11,True
2023-12-11 05:30:00,2023-12-11,True
2023-12-11 06:00:00,2023-12-11,True
2023-12-11 06:30:00,2023-12-11,True
2023-12-11 07:00:00,2023-12-11,True
2023-12-11 07:30:00,2023-12-11,True
2023-12-11 08:00:00,2023-12-11,True
2023-12-11 08:30:00,2023-12-11,True
2023-12-11 09:00:00,2023-12-11,True
2023-12-11 09:30:00,2023-12-11,True
2023-12-11 10:00:00,2023-12-11,True
2023-12-11 10:30:00,2023-12-11,True
2023-12-11 11:00:00,2023-12-11,True
2023-12-11 11:30:00,2023-12-11,True
2023-12-11 12:00:00,2023-12-11,True
2023-12-11 12:30:00,2023-12-11,True
2023-12-11 13:00:00,2023-12-11,True
2023-12-11 13:30:00,2023-12-11,True
2023-12-11 14:00:00,2023-12-11,True
2023-12-11 14:30:00,2023-12-11,True
2023-12-11 15:00:00,2023-12-11,True
2023-12-17 15:30:00,2023-12-17,True
2023-12-17 17:00:00,2023-12-17,True
2023-12-17 17:30:00,2023-12-17,True
2023-12-17 18:00:00,2023-12-17,True
2023-12-17 18:30:00,2023-12-17,True
2023-12-17 19:00:00,2023-12-17,True
2023-12-17 19:30:00,2023-12-17,True
2023-12-17 20:00:00,2023-12-17,True
2023-12-17 20:30:00,2023-12-17,True
2023-12-17 21:00:00,2023-12-17,True
2023-12-17 21:30:00,2023-12-17,True
2023-12-17 22:00:00,2023-12-17,True
2023-12-17 22:30:00,2023-12-17,True
2023-12-17 23:00:00,2023-12-17,True
2023-12-17 23:30:00,2023-12-17,True
2023-12-18 00:00:00,2023-12-18,True
2023-12-18 00:30:00,2023-12-18,True
2023-12-18 01:00:00,2023-12-18,True
2023-12-18 01:30:00,2023-12-18,True
2023-12-18 02:00:00,2023-12-18,True
2023-12-18 02:30:00,2023-12-18,True
2023-12-18 03:00:00,2023-12-18,True
2023-12-18 03:30:00,2023-12-18,True
2023-12-18 04:00:00,2023-12-18,True
2023-12-18 04:30:00,2023-12-18,True
2023-12-18 05:00:00,2023-12-18,True
2023-12-18 05:30:00,2023-12-18,True
2023-12-18 06:00:00,2023-12-18,True
2023-12-18 06:30:00,2023-12-18,True
2023-12-18 07:00:00,2023-12-18,True
2023-12-18 07:30:00,2023-12-18,True
2023-12-18 08:00:00,2023-12-18,True
2023-12-18 08:30:00,2023-12-18,True
2023-12-18 09:00:00,2023-12-18,True
2023-12-18 09:30:00,2023-12-18,True
2023-12-18 10:00:00,2023-12-18,True
2023-12-18 10:30:00,2023-12-18,True
2023-12-18 11:00:00,2023-12-18,True
2023-12-18 11:30:00,2023-12-18,True
2023-12-18 12:00:00,2023-12-18,True
2023-12-18 12:30:00,2023-12-18,True
2023-12-18 13:00:00,2023-12-18,True
2023-12-18 13:30:00,2023-12-18,True
2023-12-18 14:00:00,2023-12-18,True
2023-12-18 14:30:00,2023-12-18,True
2023-12-18 15:00:00,2023-12-18,True
2023-12-18 15:30:00,2023-12-18,True
2023-12-18 16:00:00,2023-12-18,True
2023-12-18 16:30:00,2023-12-18,True
2023-12-18 17:00:00,2023-12-18,True
2023-12-18 17:30:00,2023-12-18,True
2023-12-18 18:00:00,2023-12-18,True
2023-12-18 18:30:00,2023-12-18,True
2023-12-18 19:00:00,2023-12-18,True
2023-12-24 04:00:00,2023-12-24,True
2023-12-24 04:30:00,2023-12-24,True
2023-12-24 05:00:00,2023-12-24,True
2023-12-24 05:30:00,2023-12-24,True
2023-12-24 06:00:00,2023-12-24,True
2023-12-24 06:30:00,2023-12-24,True
2023-12-24 07:00:00,2023-12-24,True
2023-12-24 07:30:00,2023-12-24,True
2023-12-24 08:00:00,2023-12-24,True
2023-12-24 08:30:00,2023-12-24,True
2023-12-24 09:00:00,2023-12-24,True
2023-12-24 09:30:00,2023-12-24,True
2023-12-24 10:00:00,2023-12-24,True
2023-12-24 10:30:00,2023-12-24,True
2023-12-24 11:00:00,2023-12-24,True
2023-12-27 12:30:00,2023-12-27,True
2023-12-27 13:00:00,2023-12-27,True
2023-12-27 13:30:00,2023-12-27,True
2023-12-27 14:00:00,2023-12-27,True
2023-12-27 14:30:00,2023-12-27,True
2023-12-27 15:00:00,2023-12-27,True
2023-12-27 15:30:00,2023-12-27,True
2023-12-27 16:00:00,2023-12-27,True
2023-12-27 16:30:00,2023-12-27,True
2023-12-27 17:00:00,2023-12-27,True
2023-12-27 17:30:00,2023-12-27,True
2023-12-27 18:00:00,2023-12-27,True
2023-12-27 18:30:00,2023-12-27,True
2023-12-27 19:00:00,2023-12-27,True
2023-12-27 19:30:00,2023-12-27,True
2023-12-27 20:00:00,2023-12-27,True
2023-12-27 20:30:00,2023-12-27,True
2023-12-27 21:00:00,2023-12-27,True
2023-12-27 21:30:00,2023-12-27,True
2023-12-27 22:00:00,2023-12-27,True
2023-12-27 22:30:00,2023-12-27,True
2023-12-27 23:00:00,2023-12-27,True
2023-12-27 23:30:00,2023-12-27,True
2023-12-28 00:00:00,2023-12-28,True
2023-12-28 00:30:00,2023-12-28,True
2023-12-28 01:00:00,2023-12-28,True
2023-12-28 01:30:00,2023-12-28,True
2023-12-28 02:00:00,2023-12-28,True
2023-12-28 02:30:00,2023-12-28,True
2023-12-28 03:00:00,2023-12-28,True
2023-12-28 03:30:00,2023-12-28,True
2023-12-28 04:00:00,2023-12-28,True
2023-12-28 04:30:00,2023-12-28,True
2023-12-28 05:00:00,2023-12-28,True
2023-12-28 05:30:00,2023-12-28,True
2023-12-28 06:00:00,2023-12-28,True
2023-12-28 06:30:00,2023-12-28,True
2023-12-28 07:00:00,2023-12-28,True
2023-12-28 07:30:00,2023-12-28,True
2023-12-28 08:00:00,2023-12-28,True
2023-12-28 08:30:00,2023-12-28,True
2023-12-28 09:00:00,2023-12-28,True
2023-12-28 09:30:00,2023-12-28,True
2023-12-28 10:00:00,2023-12-28,True
2023-12-28 10:30:00,2023-12-28,True
2023-12-28 11:00:00,2023-12-28,True
2023-12-28 11:30:00,2023-12-28,True
2023-12-28 12:00:00,2023-12-28,True
2023-12-28 12:30:00,2023-12-28,True
2023-12-28 13:00:00,2023-12-28,True
2024-01-09 15:30:00,2024-01-09,True
2024-01-09 16:00:00,2024-01-09,True
2024-01-09 16:30:00,2024-01-09,True
2024-01-09 17:00:00,2024-01-09,True
2024-01-09 17:30:00,2024-01-09,True
2024-01-09 18:00:00,2024-01-09,True
2024-01-09 18:30:00,2024-01-09,True
2024-01-09 19:00:00,2024-01-09,True
2024-01-09 19:30:00,2024-01-09,True
2024-01-09 20:00:00,2024-01-09,True
2024-01-09 20:30:00,2024-01-09,True
2024-01-09 21:00:00,2024-01-09,True
2024-01-09 21:30:00,2024-01-09,True
2024-01-09 22:00:00,2024-01-09,True
2024-01-09 22:30:00,2024-01-09,True
2024-01-09 23:00:00,2024-01-09,True
2024-01-09 23:30:00,2024-01-09,True
2024-01-10 00:00:00,2024-01-10,True
2024-01-10 00:30:00,2024-01-10,True
2024-01-10 01:00:00,2024-01-10,True
2024-01-10 01:30:00,2024-01-10,True
2024-01-10 02:00:00,2024-01-10,True
2024-01-10 02:30:00,2024-01-10,True
2024-01-10 03:00:00,2024-01-10,True
2024-01-10 03:30:00,2024-01-10,True
2024-01-10 04:00:00,2024-01-10,True
2024-01-10 04:30:00,2024-01-10,True
2024-01-10 05:00:00,2024-01-10,True
2024-01-10 05:30:00,2024-01-10,True
2024-01-10 06:00:00,2024-01-10,True
2024-01-10 06:30:00,2024-01-10,True
2024-01-10 07:00:00,2024-01-10,True
2024-01-10 07:30:00,2024-01-10,True
2024-01-10 08:00:00,2024-01-10,True
2024-01-10 08:30:00,2024-01-10,True
2024-01-10 09:00:00,2024-01-10,True
2024-01-10 09:30:00,2024-01-10,True
2024-01-10 10:00:00,2024-01-10,True
2024-01-10 10:30:00,2024-01-10,True
2024-01-10 11:00:00,2024-01-10,True
2024-03-02 09:30:00,2024-03-02,True
2024-03-02 10:00:00,2024-03-02,True
2024-03-02 10:30:00,2024-03-02,True
2024-03-02 11:00:00,2024-03-02,True
2024-03-02 11:30:00,2024-03-02,True
2024-03-02 12:00:00,2024-03-02,True
2024-03-02 12:30:00,2024-03-02,True
2024-03-02 13:00:00,2024-03-02,True
2024-03-02 13:30:00,2024-03-02,True
2024-03-02 14:00:00,2024-03-02,True
2024-03-02 14:30:00,2024-03-02,True
2024-03-02 15:00:00,2024-03-02,True
2024-03-02 15:30:00,2024-03-02,True
2024-03-02 16:00:00,2024-03-02,True
2024-03-02 16:30:00,2024-03-02,True
2024-03-02 17:00:00,2024-03-02,True
2024-03-02 17:30:00,2024-03-02,True
2024-03-02 18:00:00,2024-03-02,True
2024-03-02 18:30:00,2024-03-02,True
2024-03-02 19:00:00,2024-03-02,True
2024-03-02 19:30:00,2024-03-02,True
2024-03-02 20:00:00,2024-03-02,True
2024-03-02 20:30:00,2024-03-02,True
2024-03-02 21:00:00,2024-03-02,True
2024-03-02 21:30:00,2024-03-02,True
2024-03-02 22:00:00,2024-03-02,True
2024-03-02 22:30:00,2024-03-02,True
2024-03-02 23:00:00,2024-03-02,True
2024-03-02 23:30:00,2024-03-02,True
2024-03-03 00:00:00,2024-03-03,True
2024-03-05 17:30:00,2024-03-05,True
2024-03-05 18:00:00,2024-03-05,True
2024-03-05 18:30:00,2024-03-05,True
2024-03-05 19:00:00,2024-03-05,True
2024-03-05 19:30:00,2024-03-05,True
2024-03-05 20:00:00,2024-03-05,True
2024-03-05 20:30:00,2024-03-05,True
2024-03-05 21:00:00,2024-03-05,True
2024-03-05 21:30:00,2024-03-05,True
2024-03-05 22:00:00,2024-03-05,True
2024-03-06 15:00:00,2024-03-06,True
2024-03-06 15:30:00,2024-03-06,True
2024-03-06 16:00:00,2024-03-06,True
2024-03-06 16:30:00,2024-03-06,True
2024-03-06 17:00:00,2024-03-06,True
2024-03-06 17:30:00,2024-03-06,True
2024-03-06 18:00:00,2024-03-06,True
2024-03-06 18:30:00,2024-03-06,True
2024-03-06 19:00:00,2024-03-06,True
2024-03-06 19:30:00,2024-03-06,True
2024-03-06 20:00:00,2024-03-06,True
2024-03-06 20:30:00,2024-03-06,True
2024-03-06 21:00:00,2024-03-06,True
2024-03-06 21:30:00,2024-03-06,True
2024-03-06 22:00:00,2024-03-06,True
2024-03-06 22:30:00,2024-03-06,True
2024-03-06 23:00:00,2024-03-06,True
2024-03-06 23:30:00,2024-03-06,True
2024-03-07 00:00:00,2024-03-07,True
2024-03-07 00:30:00,2024-03-07,True
2024-03-07 01:00:00,2024-03-07,True
2024-03-07 01:30:00,2024-03-07,True
2024-03-07 02:00:00,2024-03-07,True
2024-03-07 02:30:00,2024-03-07,True
2024-03-07 03:00:00,2024-03-07,True
2024-03-07 03:30:00,2024-03-07,True
2024-03-07 04:00:00,2024-03-07,True
2024-03-07 04:30:00,2024-03-07,True
2024-03-07 05:00:00,2024-03-07,True
2024-03-07 05:30:00,2024-03-07,True
2024-03-07 06:00:00,2024-03-07,True
2024-03-07 06:30:00,2024-03-07,True
2024-03-07 07:00:00,2024-03-07,True
2024-03-07 07:30:00,2024-03-07,True
2024-03-07 08:00:00,2024-03-07,True
2024-03-07 08:30:00,2024-03-07,True
2024-03-07 09:00:00,2024-03-07,True
2024-03-07 09:30:00,2024-03-07,True
2024-03-07 10:00:00,2024-03-07,True
2024-03-07 10:30:00,2024-03-07,True
2024-03-07 11:00:00,2024-03-07,True
2024-03-07 11:30:00,2024-03-07,True
2024-03-07 12:00:00,2024-03-07,True
2024-03-09 16:00:00,2024-03-09,True
2024-03-09 16:30:00,2024-03-09,True
2024-03-09 17:00:00,2024-03-09,True
2024-03-09 17:30:00,2024-03-09,True
2024-03-09 18:00:00,2024-03-09,True
2024-03-09 18:30:00,2024-03-09,True
2024-03-09 19:00:00,2024-03-09,True
2024-03-09 19:30:00,2024-03-09,True
2024-03-09 20:00:00,2024-03-09,True
2024-03-09 20:30:00,2024-03-09,True
2024-03-09 21:00:00,2024-03-09,True
2024-03-09 21:30:00,2024-03-09,True
2024-03-09 22:00:00,2024-03-09,True
2024-03-09 22:30:00,2024-03-09,True
2024-03-09 23:00:00,2024-03-09,True
2024-03-09 23:30:00,2024-03-09,True
2024-03-10 00:00:00,2024-03-10,True
2024-03-10 00:30:00,2024-03-10,True
2024-03-10 01:00:00,2024-03-10,True
2024-03-10 01:30:00,2024-03-10,True
2024-03-10 02:00:00,2024-03-10,True
2024-03-10 02:30:00,2024-03-10,True
2024-03-10 03:00:00,2024-03-10,True
2024-03-10 03:30:00,2024-03-10,True
2024-03-10 04:00:00,2024-03-10,True
2024-03-10 04:30:00,2024-03-10,True
2024-03-10 05:00:00,2024-03-10,True
2024-03-10 05:30:00,2024-03-10,True
2024-03-10 06:00:00,2024-03-10,True
2024-03-10 06:30:00,2024-03-10,True
2024-03-10 07:00:00,2024-03-10,True
2024-03-10 07:30:00,2024-03-10,True
2024-03-10 08:00:00,2024-03-10,True
2024-03-10 08:30:00,2024-03-10,True
2024-03-10 09:00:00,2024-03-10,True
2024-03-10 09:30:00,2024-03-10,True
2024-03-10 10:00:00,2024-03-10,True
2024-03-10 10:30:00,2024-03-10,True
2024-03-10 11:00:00,2024-03-10,True
2024-03-10 17:30:00,2024-03-10,True
2024-03-10 18:00:00,2024-03-10,True
2024-03-10 18:30:00,2024-03-10,True
2024-03-10 19:00:00,2024-03-10,True
2024-03-10 19:30:00,2024-03-10,True
2024-03-10 20:00:00,2024-03-10,True
2024-03-10 20:30:00,2024-03-10,True
2024-03-10 21:00:00,2024-03-10,True
2024-03-10 21:30:00,2024-03-10,True
2024-03-10 22:00:00,2024-03-10,True
2024-03-23 05:30:00,2024-03-23,True
2024-03-23 06:00:00,2024-03-23,True
2024-03-23 06:30:00,2024-03-23,True
2024-03-23 07:00:00,2024-03-23,True
2024-03-23 07:30:00,2024-03-23,True
2024-03-23 08:00:00,2024-03-23,True
2024-03-23 08:30:00,2024-03-23,True
2024-03-23 09:00:00,2024-03-23,True
2024-03-23 09:30:00,2024-03-23,True
2024-03-23 10:00:00,2024-03-23,True
2024-03-23 10:30:00,2024-03-23,True
2024-03-23 11:00:00,2024-03-23,True
2024-03-23 11:30:00,2024-03-23,True
2024-03-23 12:00:00,2024-03-23,True
2024-03-23 12:30:00,2024-03-23,True
2024-03-23 13:00:00,2024-03-23,True
2024-03-23 13:30:00,2024-03-23,True
2024-03-23 14:00:00,2024-03-23,True
2024-03-23 14:30:00,2024-03-23,True
2024-03-23 15:00:00,2024-03-23,True
2024-03-23 15:30:00,2024-03-23,True
2024-03-23 16:00:00,2024-03-23,True
2024-03-23 16:30:00,2024-03-23,True
2024-03-23 17:00:00,2024-03-23,True
2024-03-23 17:30:00,2024-03-23,True
2024-03-23 18:00:00,2024-03-23,True
2024-03-23 18:30:00,2024-03-23,True
2024-03-23 19:00:00,2024-03-23,True
2024-03-23 19:30:00,2024-03-23,True
2024-03-23 20:00:00,2024-03-23,True
2024-03-23 20:30:00,2024-03-23,True
2024-03-23 21:00:00,2024-03-23,True
2024-03-23 21:30:00,2024-03-23,True
2024-03-23 22:00:00,2024-03-23,True
2024-04-02 08:30:00,2024-04-02,True
2024-04-02 09:00:00,2024-04-02,True
2024-04-02 09:30:00,2024-04-02,True
2024-04-02 10:00:00,2024-04-02,True
2024-04-02 10:30:00,2024-04-02,True
2024-04-02 11:00:00,2024-04-02,True
2024-04-02 11:30:00,2024-04-02,True
2024-04-02 12:00:00,2024-04-02,True
2024-04-02 12:30:00,2024-04-02,True
2024-04-02 13:00:00,2024-04-02,True
2024-04-02 13:30:00,2024-04-02,True
2024-04-02 14:00:00,2024-04-02,True
2024-04-02 14:30:00,2024-04-02,True
2024-04-02 15:00:00,2024-04-02,True
2024-04-02 15:30:00,2024-04-02,True
2024-04-02 16:00:00,2024-04-02,True
2024-04-02 16:30:00,2024-04-02,True
2024-04-02 17:00:00,2024-04-02,True
2024-04-02 17:30:00,2024-04-02,True
2024-04-02 18:00:00,2024-04-02,True
2024-04-02 18:30:00,2024-04-02,True
2024-04-02 19:00:00,2024-04-02,True
2024-04-02 19:30:00,2024-04-02,True
2024-04-02 20:00:00,2024-04-02,True
2024-04-02 20:30:00,2024-04-02,True
2024-04-02 21:00:00,2024-04-02,True
2024-04-02 21:30:00,2024-04-02,True
2024-04-02 22:00:00,2024-04-02,True
2024-04-02 22:30:00,2024-04-02,True
2024-04-02 23:00:00,2024-04-02,True
2024-04-02 23:30:00,2024-04-02,True
2024-04-03 00:00:00,2024-04-03,True
2024-04-03 00:30:00,2024-04-03,True
2024-04-03 01:00:00,2024-04-03,True
2024-04-03 04:30:00,2024-04-03,True
2024-04-03 05:00:00,2024-04-03,True
2024-04-03 05:30:00,2024-04-03,True
2024-04-03 06:00:00,2024-04-03,True
2024-04-03 06:30:00,2024-04-03,True
2024-04-03 07:00:00,2024-04-03,True
2024-04-03 07:30:00,2024-04-03,True
2024-04-03 08:00:00,2024-04-03,True
2024-04-03 08:30:00,2024-04-03,True
2024-04-03 09:00:00,2024-04-03,True
2024-04-03 09:30:00,2024-04-03,True
2024-04-03 10:00:00,2024-04-03,True
2024-04-03 10:30:00,2024-04-03,True
2024-04-03 11:00:00,2024-04-03,True
2024-04-03 11:30:00,2024-04-03,True
2024-04-03 12:00:00,2024-04-03,True
2024-04-03 12:30:00,2024-04-03,True
2024-04-03 13:00:00,2024-04-03,True
2024-04-03 13:30:00,2024-04-03,True
2024-04-03 14:00:00,2024-04-03,True
2024-04-03 14:30:00,2024-04-03,True
2024-04-03 15:00:00,2024-04-03,True
2024-04-03 15:30:00,2024-04-03,True
2024-04-03 16:00:00,2024-04-03,True
2024-04-03 16:30:00,2024-04-03,True
2024-04-03 17:00:00,2024-04-03,True
2024-04-03 17:30:00,2024-04-03,True
2024-04-03 18:00:00,2024-04-03,True
2024-04-03 18:30:00,2024-04-03,True
2024-04-03 19:00:00,2024-04-03,True
2024-04-03 19:30:00,2024-04-03,True
2024-04-03 20:00:00,2024-04-03,True
2024-04-03 20:30:00,2024-04-03,True
2024-04-03 21:00:00,2024-04-03,True
2024-04-03 21:30:00,2024-04-03,True
2024-04-03 22:00:00,2024-04-03,True
2024-04-03 22:30:00,2024-04-03,True
2024-04-03 23:00:00,2024-04-03,True
2024-04-03 23:30:00,2024-04-03,True
2024-04-04 00:00:00,2024-04-04,True
2024-04-04 00:30:00,2024-04-04,True
2024-04-04 01:00:00,2024-04-04,True
2024-04-04 01:30:00,2024-04-04,True
2024-04-04 02:00:00,2024-04-04,True
2024-04-04 02:30:00,2024-04-04,True
2024-04-04 03:00:00,2024-04-04,True
2024-04-04 03:30:00,2024-04-04,True
2024-04-04 04:00:00,2024-04-04,True
2024-04-04 04:30:00,2024-04-04,True
2024-04-04 05:00:00,2024-04-04,True
2024-04-04 05:30:00,2024-04-04,True
2024-04-04 06:00:00,2024-04-04,True
2024-04-04 06:30:00,2024-04-04,True
2024-04-04 07:00:00,2024-04-04,True
2024-04-04 07:30:00,2024-04-04,True
2024-04-04 08:00:00,2024-04-04,True
2024-04-04 08:30:00,2024-04-04,True
2024-04-04 09:00:00,2024-04-04,True
2024-04-11 18:30:00,2024-04-11,True
2024-04-11 19:00:00,2024-04-11,True
2024-04-11 19:30:00,2024-04-11,True
2024-04-11 20:00:00,2024-04-11,True
2024-04-11 20:30:00,2024-04-11,True
2024-04-11 21:00:00,2024-04-11,True
2024-04-11 21:30:00,2024-04-11,True
2024-04-11 22:00:00,2024-04-11,True
2024-04-11 22:30:00,2024-04-11,True
2024-04-11 23:00:00,2024-04-11,True
2024-04-11 23:30:00,2024-04-11,True
2024-04-12 00:00:00,2024-04-12,True
2024-04-12 00:30:00,2024-04-12,True
2024-04-12 01:00:00,2024-04-12,True
2024-04-12 01:30:00,2024-04-12,True
2024-04-12 02:00:00,2024-04-12,True
2024-04-12 02:30:00,2024-04-12,True
2024-04-12 03:00:00,2024-04-12,True
2024-04-12 03:30:00,2024-04-12,True
2024-04-12 04:00:00,2024-04-12,True
2024-04-12 04:30:00,2024-04-12,True
2024-04-12 05:00:00,2024-04-12,True
2024-04-12 05:30:00,2024-04-12,True
2024-04-12 06:00:00,2024-04-12,True
2024-04-12 06:30:00,2024-04-12,True
2024-04-12 07:00:00,2024-04-12,True
2024-04-12 07:30:00,2024-04-12,True
2024-04-12 08:00:00,2024-04-12,True
2024-04-12 08:30:00,2024-04-12,True
2024-04-12 09:00:00,2024-04-12,True
2024-04-12 09:30:00,2024-04-12,True
2024-04-12 10:00:00,2024-04-12,True
2024-04-12 10:30:00,2024-04-12,True
2024-04-12 11:00:00,2024-04-12,True
2024-04-12 11:30:00,2024-04-12,True
2024-04-12 12:00:00,2024-04-12,True
2024-04-12 12:30:00,2024-04-12,True
2024-04-12 13:00:00,2024-04-12,True
2024-04-12 13:30:00,2024-04-12,True
2024-04-12 14:00:00,2024-04-12,True
2024-04-12 14:30:00,2024-04-12,True
2024-04-12 15:00:00,2024-04-12,True
2024-04-12 15:30:00,2024-04-12,True
2024-04-12 16:00:00,2024-04-12,True
2024-04-12 16:30:00,2024-04-12,True
2024-04-12 17:00:00,2024-04-12,True
2024-04-12 17:30:00,2024-04-12,True
2024-04-12 18:00:00,2024-04-12,True
2024-04-14 21:30:00,2024-04-14,True
2024-04-14 22:00:00,2024-04-14,True
2024-04-14 22:30:00,2024-04-14,True
2024-04-14 23:00:00,2024-04-14,True
2024-05-05 23:30:00,2024-05-05,True
2024-05-06 00:00:00,2024-05-06,True
2024-05-06 00:30:00,2024-05-06,True
2024-05-06 01:00:00,2024-05-06,True
2024-05-06 01:30:00,2024-05-06,True
2024-05-06 02:00:00,2024-05-06,True
2024-05-06 02:30:00,2024-05-06,True
2024-05-06 03:00:00,2024-05-06,True
2024-05-06 03:30:00,2024-05-06,True
2024-05-06 04:00:00,2024-05-06,True
2024-05-06 04:30:00,2024-05-06,True
2024-05-06 05:00:00,2024-05-06,True
2024-05-06 05:30:00,2024-05-06,True
2024-05-06 06:00:00,2024-05-06,True
2024-05-08 09:30:00,2024-05-08,True
2024-05-08 10:00:00,2024-05-08,True
2024-05-08 10:30:00,2024-05-08,True
2024-05-08 11:00:00,2024-05-08,True
2024-05-08 11:30:00,2024-05-08,True
2024-05-08 12:00:00,2024-05-08,True
2024-05-08 12:30:00,2024-05-08,True
2024-05-08 13:00:00,2024-05-08,True
2024-05-10 02:30:00,2024-05-10,True
2024-05-10 03:00:00,2024-05-10,True
2024-05-10 03:30:00,2024-05-10,True
2024-05-10 04:00:00,2024-05-10,True
2024-05-10 04:30:00,2024-05-10,True
2024-05-10 05:00:00,2024-05-10,True
2024-05-10 05:30:00,2024-05-10,True
2024-05-10 06:00:00,2024-05-10,True
2024-05-10 06:30:00,2024-05-10,True
2024-05-10 07:00:00,2024-05-10,True
2024-05-10 07:30:00,2024-05-10,True
2024-05-10 08:00:00,2024-05-10,True
2024-05-10 08:30:00,2024-05-10,True
2024-05-10 09:00:00,2024-05-10,True
2024-05-10 09:30:00,2024-05-10,True
2024-05-10 10:00:00,2024-05-10,True
2024-05-10 10:30:00,2024-05-10,True
2024-05-10 11:00:00,2024-05-10,True
2024-05-10 11:30:00,2024-05-10,True
2024-05-10 12:00:00,2024-05-10,True
2024-05-10 12:30:00,2024-05-10,True
2024-05-10 13:00:00,2024-05-10,True
2024-05-10 13:30:00,2024-05-10,True
2024-05-10 14:00:00,2024-05-10,True
2024-05-10 14:30:00,2024-05-10,True
2024-05-10 15:00:00,2024-05-10,True
2024-05-10 15:30:00,2024-05-10,True
2024-05-10 16:00:00,2024-05-10,True
2024-05-10 16:30:00,2024-05-10,True
2024-05-10 17:00:00,2024-05-10,True
2024-05-10 17:30:00,2024-05-10,True
2024-05-10 18:00:00,2024-05-10,True
2024-05-10 18:30:00,2024-05-10,True
2024-05-10 19:00:00,2024-05-10,True
2024-05-10 19:30:00,2024-05-10,True
2024-05-10 20:00:00,2024-05-10,True
2024-05-10 20:30:00,2024-05-10,True
2024-05-10 21:00:00,2024-05-10,True
2024-05-10 21:30:00,2024-05-10,True
2024-05-10 22:00:00,2024-05-10,True
2024-05-10 22:30:00,2024-05-10,True
2024-05-10 23:00:00,2024-05-10,True
2024-05-10 23:30:00,2024-05-10,True
2024-05-11 00:00:00,2024-05-11,True
2024-05-11 00:30:00,2024-05-11,True
2024-05-11 01:00:00,2024-05-11,True
2024-05-11 01:30:00,2024-05-11,True
2024-05-11 02:00:00,2024-05-11,True
2024-05-12 06:30:00,2024-05-12,True
2024-05-12 07:00:00,2024-05-12,True
2024-05-12 07:30:00,2024-05-12,True
2024-05-12 08:00:00,2024-05-12,True
2024-05-12 08:30:00,2024-05-12,True
2024-05-12 09:00:00,2024-05-12,True
2024-05-12 09:30:00,2024-05-12,True
2024-05-12 10:00:00,2024-05-12,True
2024-05-12 10:30:00,2024-05-12,True
2024-05-12 11:00:00,2024-05-12,True
2024-05-12 11:30:00,2024-05-12,True
2024-05-12 12:00:00,2024-05-12,True
2024-05-12 12:30:00,2024-05-12,True
2024-05-12 13:00:00,2024-05-12,True
2024-05-12 13:30:00,2024-05-12,True
2024-05-12 14:00:00,2024-05-12,True
2024-05-12 14:30:00,2024-05-12,True
2024-05-12 15:00:00,2024-05-12,True
2024-05-12 15:30:00,2024-05-12,True
2024-05-12 16:00:00,2024-05-12,True
2024-05-12 16:30:00,2024-05-12,True
2024-05-12 17:00:00,2024-05-12,True
2024-06-06 01:30:00,2024-06-06,True
2024-06-06 02:00:00,2024-06-06,True
2024-06-06 02:30:00,2024-06-06,True
2024-06-06 03:00:00,2024-06-06,True
2024-06-06 03:30:00,2024-06-06,True
2024-06-06 04:00:00,2024-06-06,True
2024-06-06 04:30:00,2024-06-06,True
2024-06-06 05:00:00,2024-06-06,True
2024-06-06 05:30:00,2024-06-06,True
2024-06-06 06:00:00,2024-06-06,True
2024-06-06 06:30:00,2024-06-06,True
2024-06-06 07:00:00,2024-06-06,True
2024-06-06 07:30:00,2024-06-06,True
2024-06-06 08:00:00,2024-06-06,True
2024-06-06 08:30:00,2024-06-06,True
2024-06-06 09:00:00,2024-06-06,True
2024-06-06 09:30:00,2024-06-06,True
2024-06-06 10:00:00,2024-06-06,True
2024-06-06 16:30:00,2024-06-06,True
2024-06-06 17:00:00,2024-06-06,True
2024-06-06 17:30:00,2024-06-06,True
2024-06-06 18:00:00,2024-06-06,True
2024-06-06 18:30:00,2024-06-06,True
2024-06-06 19:00:00,2024-06-06,True
2024-06-06 19:30:00,2024-06-06,True
2024-06-06 20:00:00,2024-06-06,True
2024-06-06 20:30:00,2024-06-06,True
2024-06-06 21:00:00,2024-06-06,True
2024-06-06 21:30:00,2024-06-06,True
2024-06-06 22:00:00,2024-06-06,True
2024-06-06 22:30:00,2024-06-06,True
2024-06-06 23:00:00,2024-06-06,True
2024-06-06 23:30:00,2024-06-06,True
2024-06-07 00:00:00,2024-06-07,True
2024-06-07 00:30:00,2024-06-07,True
2024-06-07 01:00:00,2024-06-07,True
2024-06-07 01:30:00,2024-06-07,True
2024-06-07 02:00:00,2024-06-07,True
