name,n_train,n_val,c_in,n_weights,epochs,best_val,seconds,variant,chosen
in-R>tgt-R,2302,884,12,119164,8,0.2082458181281435,474,plain,False
in-R>tgt-R,2302,884,12,119164,25,0.196376000147532,1502,aug,True
in-C>tgt-R,2302,884,13,119308,14,0.27449476496396563,836,plain,False
in-C>tgt-R,2302,884,13,119308,11,0.2708393402094215,650,aug,True
in-P>tgt-R,2302,884,13,119308,9,0.297623916921033,537,plain,False
in-P>tgt-R,2302,884,13,119308,7,0.2889532509567511,412,aug,True
in-CP>tgt-R,2302,884,26,121180,13,0.27109323576834404,827,plain,True
in-CP>tgt-R,2302,884,26,121180,11,0.2740867694174003,699,aug,False
in-RC>tgt-R,2302,884,25,121036,15,0.20712243470603525,997,plain,True
in-RC>tgt-R,2302,884,25,121036,13,0.21138654744496982,840,aug,False
in-RP>tgt-R,2302,884,25,121036,17,0.21109778451526798,1137,plain,False
in-RP>tgt-R,2302,884,25,121036,22,0.20250002070587145,1416,aug,True
in-RCP>tgt-R,2302,884,38,122908,8,0.2230727509574383,576,plain,False
in-RCP>tgt-R,2302,884,38,122908,17,0.20689089518731535,1168,aug,True
in-R>tgt-RCP,2302,884,12,119164,8,0.2905359610712906,502,plain,False
in-R>tgt-RCP,2302,884,12,119164,11,0.25770762775143885,667,aug,True
in-C>tgt-RCP,2302,884,13,119308,10,0.2944896210878413,652,plain,True
in-C>tgt-RCP,2302,884,13,119308,10,0.295617807572244,593,aug,False
in-P>tgt-RCP,2302,884,13,119308,11,0.34590036479326397,702,plain,False
in-P>tgt-RCP,2302,884,13,119308,9,0.33925795609055603,526,aug,True
in-CP>tgt-RCP,2302,884,26,121180,19,0.2954543550157439,1228,plain,True
in-CP>tgt-RCP,2302,884,26,121180,9,0.30027643614764665,542,aug,False
in-RC>tgt-RCP,2302,884,25,121036,8,0.2493154481137635,538,plain,True
in-RC>tgt-RCP,2302,884,25,121036,14,0.2504870273189712,912,aug,False
in-RP>tgt-RCP,2302,884,25,121036,20,0.2573714027037987,1040,plain,True
in-RP>tgt-RCP,2302,884,25,121036,16,0.26552332680234136,1039,aug,False
in-RCP>tgt-RCP,2302,884,38,122908,15,0.25898747842303765,858,plain,False
in-RCP>tgt-RCP,2302,884,38,122908,30,0.2461835447976964,1830,aug,True
hybrid,771,314,50,124636,12,0.21472539147658712,299,plain,False
hybrid,771,314,50,124636,14,0.21225298080996724,359,aug,True
