ptype,map,events,n,mean_ref,mean_est,bias,rel_bias,mae,rmse,nrmse,corr,pod,far,csi
mix,CML impl1_dynamic,3,112,0.7364,2.0706,1.3342,1.8119,1.9588,3.6272,4.9259,0.3608,0.5368,0.0893,0.51
mix,CML impl2_classical_constant,3,112,0.7364,2.4726,1.7362,2.3579,2.1857,4.0334,5.4775,0.7207,0.4737,0.0217,0.4688
mix,CML impl2_classical_dynamic,3,112,0.7364,2.6673,1.931,2.6224,2.3504,4.3981,5.9728,0.5658,0.6,0.0806,0.57
mix,CML impl2_nearby,3,110,0.7428,1.0186,0.2758,0.3712,0.9608,1.5616,2.1022,0.4533,0.4839,0.0217,0.4787
mix,CML impl2_pycomlink,3,112,0.7364,2.5344,1.7981,2.4419,2.1167,3.8436,5.2198,0.7512,0.6,0.05,0.5816
mix,MRMS,3,112,0.7364,0.7902,0.0538,0.0731,0.3863,0.5383,0.731,0.7416,0.7895,0.0741,0.7426
mix,PWS,3,112,0.7364,0.4197,-0.3166,-0.43,0.5923,0.9226,1.253,0.2567,0.5684,0.069,0.5455
rain,CML impl1_dynamic,5,200,3.1153,2.6401,-0.4752,-0.1526,1.6172,2.8116,0.9025,0.7053,0.9645,0.0843,0.8859
rain,CML impl2_classical_constant,5,200,3.1153,2.2885,-0.8268,-0.2654,1.3519,2.7558,0.8846,0.7393,0.8047,0.0556,0.7684
rain,CML impl2_classical_dynamic,5,200,3.1153,2.8391,-0.2762,-0.0887,1.6121,2.7845,0.8938,0.7055,0.9645,0.0843,0.8859
rain,CML impl2_nearby,5,148,3.3551,2.4162,-0.9389,-0.2798,1.254,2.7836,0.8297,0.784,0.9302,0.0323,0.9023
rain,CML impl2_pycomlink,5,200,3.1153,2.3261,-0.7892,-0.2533,1.2424,2.3217,0.7452,0.8502,0.9586,0.0899,0.8757
rain,MRMS,5,200,3.1153,3.0305,-0.0848,-0.0272,0.8819,1.8158,0.5829,0.8879,0.9822,0.0674,0.9171
rain,PWS,5,200,3.1153,3.108,-0.0073,-0.0024,0.7296,1.1999,0.3852,0.9521,0.9882,0.0511,0.9382
snow,CML impl1_dynamic,2,28,0.425,0.7897,0.3646,0.8579,0.5266,0.9889,2.3267,0.2966,0.7895,0.1667,0.6818
snow,CML impl2_classical_constant,2,28,0.425,0.2504,-0.1746,-0.4109,0.5158,0.7063,1.6617,0.093,0.4211,0.2,0.381
snow,CML impl2_classical_dynamic,2,28,0.425,0.7897,0.3646,0.8579,0.5266,0.9889,2.3267,0.2966,0.7895,0.1667,0.6818
snow,CML impl2_nearby,2,28,0.425,0.3685,-0.0565,-0.133,0.5351,0.7049,1.6585,0.1216,0.4737,0.25,0.4091
snow,CML impl2_pycomlink,2,28,0.425,0.4655,0.0405,0.0953,0.5301,0.7283,1.7135,0.1724,0.5789,0.2143,0.5
snow,MRMS,2,28,0.425,0.4107,-0.0143,-0.0337,0.2057,0.2612,0.6144,0.8355,0.8421,0.2,0.6957
snow,PWS,2,28,0.425,0.0023,-0.4227,-0.9946,0.4227,0.6333,1.49,-0.0922,0.0,,0.0
