estimate,reference,n,mean_ref,mean_est,bias,rel_bias,mae,rmse,nrmse,corr,pod,far,csi,event,ptype
CML impl1_dynamic,MRMS,1411,2.6038,2.357,-0.2468,-0.0948,0.764,1.1062,0.4248,0.8269,0.9894,0.0007,0.9887,rain#5 2023-11-21,rain
CML impl2_classical_dynamic,MRMS,1411,2.6038,2.4393,-0.1644,-0.0632,0.8333,1.2917,0.4961,0.784,0.9894,0.0007,0.9887,rain#5 2023-11-21,rain
CML impl2_classical_constant,MRMS,1411,2.6038,1.5152,-1.0885,-0.4181,1.1546,1.5612,0.5996,0.8206,0.6553,0.0,0.6553,rain#5 2023-11-21,rain
CML impl2_pycomlink,MRMS,1411,2.6038,2.0817,-0.5221,-0.2005,1.0166,1.3863,0.5324,0.8198,0.7865,0.0,0.7865,rain#5 2023-11-21,rain
CML impl2_nearby,MRMS,1411,2.6038,2.0137,-0.59,-0.2266,0.6891,0.8604,0.3305,0.9417,0.8085,0.0,0.8085,rain#5 2023-11-21,rain
CML impl1_dynamic,PWS,1411,2.9747,2.357,-0.6177,-0.2077,0.9136,1.598,0.5372,0.9035,0.997,0.0423,0.955,rain#5 2023-11-21,rain
CML impl2_classical_dynamic,PWS,1411,2.9747,2.4393,-0.5354,-0.18,0.8373,1.3907,0.4675,0.9229,0.997,0.0423,0.955,rain#5 2023-11-21,rain
CML impl2_classical_constant,PWS,1411,2.9747,1.5152,-1.4595,-0.4906,1.5227,3.1142,1.0469,0.393,0.689,0.0,0.689,rain#5 2023-11-21,rain
CML impl2_pycomlink,PWS,1411,2.9747,2.0817,-0.893,-0.3002,0.9532,1.3365,0.4493,0.955,0.8218,0.0063,0.8175,rain#5 2023-11-21,rain
CML impl2_nearby,PWS,1411,2.9747,2.0137,-0.9609,-0.323,1.059,2.2941,0.7712,0.6963,0.8501,0.0,0.8501,rain#5 2023-11-21,rain
PWS,MRMS,1411,2.6038,2.9747,0.3709,0.1425,0.7598,1.8979,0.7289,0.7738,0.9504,0.0007,0.9497,rain#5 2023-11-21,rain
CML impl1_dynamic,MRMS,1909,2.1295,2.1877,0.0582,0.0273,0.5844,0.8295,0.3895,0.9225,0.9137,0.0468,0.8745,rain#4 2023-12-10,rain
CML impl2_classical_dynamic,MRMS,1909,2.1295,2.2025,0.073,0.0343,0.5833,0.8249,0.3873,0.9251,0.9137,0.0468,0.8745,rain#4 2023-12-10,rain
CML impl2_classical_constant,MRMS,1909,2.1295,1.4875,-0.642,-0.3015,0.6831,0.9234,0.4336,0.9399,0.7587,0.006,0.7552,rain#4 2023-12-10,rain
CML impl2_pycomlink,MRMS,1909,2.1295,1.537,-0.5925,-0.2782,0.6357,0.8974,0.4214,0.9431,0.8677,0.0084,0.8613,rain#4 2023-12-10,rain
CML impl2_nearby,MRMS,1577,2.3994,1.6523,-0.7471,-0.3114,0.7877,1.0886,0.4537,0.9409,0.9337,0.0066,0.928,rain#4 2023-12-10,rain
CML impl1_dynamic,PWS,1909,2.1488,2.1877,0.0389,0.0181,0.5136,0.7732,0.3598,0.9327,0.9322,0.064,0.8763,rain#4 2023-12-10,rain
CML impl2_classical_dynamic,PWS,1909,2.1488,2.2025,0.0537,0.025,0.5106,0.7639,0.3555,0.9353,0.9322,0.064,0.8763,rain#4 2023-12-10,rain
CML impl2_classical_constant,PWS,1909,2.1488,1.4875,-0.6613,-0.3077,0.6972,0.9515,0.4428,0.9514,0.79,0.0037,0.7876,rain#4 2023-12-10,rain
CML impl2_pycomlink,PWS,1909,2.1488,1.537,-0.6119,-0.2847,0.6574,0.9491,0.4417,0.9517,0.8938,0.0169,0.8803,rain#4 2023-12-10,rain
CML impl2_nearby,PWS,1577,2.4418,1.6523,-0.7896,-0.3233,0.8342,1.1807,0.4835,0.9475,0.9459,0.0117,0.9354,rain#4 2023-12-10,rain
PWS,MRMS,1909,2.1295,2.1488,0.0193,0.0091,0.2791,0.4275,0.2008,0.9787,0.9506,0.0124,0.9394,rain#4 2023-12-10,rain
CML impl1_dynamic,MRMS,2075,2.7383,2.4972,-0.2411,-0.088,0.9483,1.6606,0.6064,0.889,0.9236,0.058,0.8739,rain#2 2023-12-17,rain
CML impl2_classical_dynamic,MRMS,2075,2.7383,2.8084,0.0701,0.0256,0.9207,1.5829,0.5781,0.8949,0.9496,0.0582,0.897,rain#2 2023-12-17,rain
CML impl2_classical_constant,MRMS,2075,2.7383,0.5866,-2.1517,-0.7858,2.1532,3.55,1.2965,0.7152,0.5195,0.0,0.5195,rain#2 2023-12-17,rain
CML impl2_pycomlink,MRMS,2075,2.7383,0.6447,-2.0935,-0.7645,2.1014,3.5398,1.2927,0.7101,0.7085,0.0205,0.6982,rain#2 2023-12-17,rain
CML impl2_nearby,MRMS,249,0.2361,0.0,-0.2361,-1.0,0.2361,0.3479,1.4733,,0.0,,0.0,rain#2 2023-12-17,rain
CML impl1_dynamic,PWS,2075,2.6923,2.4972,-0.1951,-0.0725,1.0759,1.9422,0.7214,0.8593,0.9289,0.0369,0.897,rain#2 2023-12-17,rain
CML impl2_classical_dynamic,PWS,2075,2.6923,2.8084,0.1161,0.0431,1.042,1.8104,0.6724,0.8745,0.9551,0.037,0.9213,rain#2 2023-12-17,rain
CML impl2_classical_constant,PWS,2075,2.6923,0.5866,-2.1058,-0.7821,2.1068,3.6838,1.3682,0.7005,0.5093,0.0034,0.5084,rain#2 2023-12-17,rain
CML impl2_pycomlink,PWS,2075,2.6923,0.6447,-2.0476,-0.7605,2.0518,3.6757,1.3652,0.6957,0.7063,0.0074,0.7026,rain#2 2023-12-17,rain
CML impl2_nearby,PWS,249,0.1113,0.0,-0.1113,-1.0,0.1113,0.1536,1.3801,,0.0,,0.0,rain#2 2023-12-17,rain
PWS,MRMS,2075,2.7383,2.6923,-0.0459,-0.0168,0.3964,0.6538,0.2388,0.9852,0.9751,0.0408,0.9363,rain#2 2023-12-17,rain
CML impl1_dynamic,MRMS,1909,0.7748,1.8206,1.0458,1.3499,1.31,2.5185,3.2507,0.4577,0.8697,0.2884,0.6431,mix#1 2024-01-06,mix
CML impl2_classical_dynamic,MRMS,1909,0.7748,1.9353,1.1606,1.498,1.4176,2.8428,3.6693,0.4367,0.8697,0.2884,0.6431,mix#1 2024-01-06,mix
CML impl2_classical_constant,MRMS,1909,0.7748,1.3148,0.5401,0.6971,1.0973,2.3615,3.048,0.4529,0.5724,0.0989,0.5386,mix#1 2024-01-06,mix
CML impl2_pycomlink,MRMS,1909,0.7748,1.3584,0.5837,0.7534,0.9694,2.1766,2.8094,0.4927,0.7556,0.0501,0.7266,mix#1 2024-01-06,mix
CML impl2_nearby,MRMS,1826,0.7922,0.7352,-0.0569,-0.0719,0.4963,0.7668,0.968,0.6498,0.8282,0.2537,0.6462,mix#1 2024-01-06,mix
CML impl1_dynamic,PWS,1909,0.7593,1.8206,1.0613,1.3977,1.3386,2.6544,3.4959,0.3112,0.8744,0.0658,0.8237,mix#1 2024-01-06,mix
CML impl2_classical_dynamic,PWS,1909,0.7593,1.9353,1.176,1.5489,1.4479,2.974,3.9168,0.2953,0.8744,0.0658,0.8237,mix#1 2024-01-06,mix
CML impl2_classical_constant,PWS,1909,0.7593,1.3148,0.5555,0.7317,1.2408,2.4977,3.2895,0.3122,0.4454,0.0844,0.4278,mix#1 2024-01-06,mix
CML impl2_pycomlink,PWS,1909,0.7593,1.3584,0.5991,0.7891,1.1212,2.3133,3.0467,0.354,0.5657,0.0713,0.5422,mix#1 2024-01-06,mix
CML impl2_nearby,PWS,1826,0.7867,0.7352,-0.0514,-0.0654,0.558,0.8937,1.1361,0.5015,0.7779,0.0597,0.7413,mix#1 2024-01-06,mix
PWS,MRMS,1909,0.7748,0.7593,-0.0155,-0.02,0.3526,0.468,0.6041,0.8612,0.8582,0.3427,0.5929,mix#1 2024-01-06,mix
CML impl1_dynamic,MRMS,1577,3.0266,2.4693,-0.5573,-0.1841,1.2145,2.0754,0.6857,0.7224,0.9845,0.0687,0.9179,rain#3 2024-01-09,rain
CML impl2_classical_dynamic,MRMS,1577,3.0266,2.4882,-0.5384,-0.1779,1.1977,2.0521,0.678,0.7288,0.9845,0.0687,0.9179,rain#3 2024-01-09,rain
CML impl2_classical_constant,MRMS,1577,3.0266,2.6778,-0.3488,-0.1153,0.6645,1.1079,0.3661,0.9316,0.8864,0.0213,0.8696,rain#3 2024-01-09,rain
CML impl2_pycomlink,MRMS,1577,3.0266,2.7008,-0.3259,-0.1077,0.5624,1.009,0.3334,0.9435,0.9397,0.0574,0.8889,rain#3 2024-01-09,rain
CML impl2_nearby,MRMS,1577,3.0266,2.4124,-0.6142,-0.2029,0.7285,1.2103,0.3999,0.9367,0.9127,0.0422,0.8774,rain#3 2024-01-09,rain
CML impl1_dynamic,PWS,1577,2.8106,2.4693,-0.3413,-0.1214,1.2475,2.1589,0.7681,0.6807,0.9762,0.1016,0.8791,rain#3 2024-01-09,rain
CML impl2_classical_dynamic,PWS,1577,2.8106,2.4882,-0.3224,-0.1147,1.2349,2.1374,0.7605,0.6878,0.9762,0.1016,0.8791,rain#3 2024-01-09,rain
CML impl2_classical_constant,PWS,1577,2.8106,2.6778,-0.1328,-0.0473,0.6624,1.2352,0.4395,0.9065,0.9134,0.0188,0.8977,rain#3 2024-01-09,rain
CML impl2_pycomlink,PWS,1577,2.8106,2.7008,-0.1099,-0.0391,0.568,1.1385,0.4051,0.9192,0.9698,0.0535,0.9194,rain#3 2024-01-09,rain
CML impl2_nearby,PWS,1577,2.8106,2.4124,-0.3982,-0.1417,0.6199,1.2538,0.4461,0.9133,0.938,0.0422,0.9008,rain#3 2024-01-09,rain
PWS,MRMS,1577,3.0266,2.8106,-0.216,-0.0714,0.355,0.5274,0.1743,0.986,0.9482,0.0254,0.9253,rain#3 2024-01-09,rain
CML impl1_dynamic,MRMS,1494,0.7055,1.2146,0.5091,0.7217,0.9127,1.5076,2.1369,0.7893,0.6196,0.1865,0.5426,mix#3 2024-01-16,mix
CML impl2_classical_dynamic,MRMS,1494,0.7055,1.4137,0.7082,1.0039,1.11,1.8472,2.6183,0.7354,0.623,0.198,0.5399,mix#3 2024-01-16,mix
CML impl2_classical_constant,MRMS,1494,0.7055,1.0161,0.3106,0.4402,0.9063,1.6572,2.349,0.511,0.3576,0.0,0.3576,mix#3 2024-01-16,mix
CML impl2_pycomlink,MRMS,1494,0.7055,1.274,0.5686,0.8059,1.1169,1.8444,2.6143,0.4013,0.4066,0.2179,0.3652,mix#3 2024-01-16,mix
CML impl2_nearby,MRMS,1494,0.7055,1.2974,0.5919,0.839,1.2071,1.9816,2.8089,0.3043,0.3779,0.2306,0.3394,mix#3 2024-01-16,mix
CML impl1_dynamic,PWS,1494,0.029,1.2146,1.1857,40.944,1.1867,2.2481,77.6324,0.4201,0.9828,0.8102,0.1892,mix#3 2024-01-16,mix
CML impl2_classical_dynamic,PWS,1494,0.029,1.4137,1.3848,47.8188,1.3853,2.5592,88.3737,0.471,0.9828,0.8139,0.1855,mix#3 2024-01-16,mix
CML impl2_classical_constant,PWS,1494,0.029,1.0161,0.9871,34.087,0.9993,2.0872,72.0775,0.6045,0.8736,0.6407,0.3416,mix#3 2024-01-16,mix
CML impl2_pycomlink,PWS,1494,0.029,1.274,1.2451,42.9955,1.2451,2.2502,77.7032,0.6271,1.0,0.7171,0.2829,mix#3 2024-01-16,mix
CML impl2_nearby,PWS,1494,0.029,1.2974,1.2684,43.8023,1.2685,2.3176,80.0306,0.5975,1.0,0.7005,0.2995,mix#3 2024-01-16,mix
PWS,MRMS,1494,0.7055,0.029,-0.6765,-0.959,0.6854,1.0106,1.4325,0.1106,0.1361,0.0747,0.1346,mix#3 2024-01-16,mix
CML impl1_dynamic,MRMS,415,0.2571,0.0572,-0.1999,-0.7777,0.2189,0.2715,1.0561,0.1193,0.2211,0.1829,0.2107,snow#2 2024-01-19,snow
CML impl2_classical_dynamic,MRMS,415,0.2571,0.0572,-0.1999,-0.7777,0.2189,0.2715,1.0561,0.1193,0.2211,0.1829,0.2107,snow#2 2024-01-19,snow
CML impl2_classical_constant,MRMS,415,0.2571,0.0,-0.2571,-1.0,0.2571,0.3102,1.2064,,0.0,,0.0,snow#2 2024-01-19,snow
CML impl2_pycomlink,MRMS,415,0.2571,0.0,-0.2571,-1.0,0.2571,0.3102,1.2064,,0.0,,0.0,snow#2 2024-01-19,snow
CML impl2_nearby,MRMS,415,0.2571,0.0,-0.2571,-1.0,0.2571,0.3102,1.2064,,0.0,,0.0,snow#2 2024-01-19,snow
CML impl1_dynamic,PWS,415,0.0021,0.0572,0.055,25.6213,0.0569,0.1019,47.4473,-0.0613,0.0,1.0,0.0,snow#2 2024-01-19,snow
CML impl2_classical_dynamic,PWS,415,0.0021,0.0572,0.055,25.6213,0.0569,0.1019,47.4473,-0.0613,0.0,1.0,0.0,snow#2 2024-01-19,snow
CML impl2_classical_constant,PWS,415,0.0021,0.0,-0.0021,-1.0,0.0021,0.0109,5.0655,,0.0,,0.0,snow#2 2024-01-19,snow
CML impl2_pycomlink,PWS,415,0.0021,0.0,-0.0021,-1.0,0.0021,0.0109,5.0655,,0.0,,0.0,snow#2 2024-01-19,snow
CML impl2_nearby,PWS,415,0.0021,0.0,-0.0021,-1.0,0.0021,0.0109,5.0655,,0.0,,0.0,snow#2 2024-01-19,snow
PWS,MRMS,415,0.2571,0.0021,-0.255,-0.9916,0.2567,0.3093,1.2031,-0.1216,0.0033,0.5,0.0033,snow#2 2024-01-19,snow
CML impl1_dynamic,MRMS,1245,1.0026,1.6923,0.6897,0.6879,1.4413,2.4478,2.4415,0.3425,0.7858,0.1802,0.6701,mix#2 2024-02-13,mix
CML impl2_classical_dynamic,MRMS,1245,1.0026,3.4659,2.4633,2.457,2.7402,4.4604,4.449,0.6817,0.9454,0.1544,0.8062,mix#2 2024-02-13,mix
CML impl2_classical_constant,MRMS,1245,1.0026,3.1463,2.1437,2.1382,2.5421,4.1393,4.1287,0.6782,0.8098,0.0,0.8098,mix#2 2024-02-13,mix
CML impl2_pycomlink,MRMS,1245,1.0026,4.1497,3.1471,3.1391,3.2791,4.8708,4.8583,0.6395,0.9956,0.0151,0.9806,mix#2 2024-02-13,mix
CML impl2_nearby,MRMS,1245,1.0026,1.462,0.4595,0.4583,1.2024,1.8049,1.8003,0.3451,0.8066,0.0,0.8066,mix#2 2024-02-13,mix
CML impl1_dynamic,PWS,1245,0.2457,1.6923,1.4466,5.888,1.7219,2.9573,12.0373,-0.1754,0.6832,0.545,0.3757,mix#2 2024-02-13,mix
CML impl2_classical_dynamic,PWS,1245,0.2457,3.4659,3.2202,13.1073,3.3997,5.4042,21.9971,-0.3062,0.9144,0.478,0.4977,mix#2 2024-02-13,mix
CML impl2_classical_constant,PWS,1245,0.2457,3.1463,2.9006,11.8063,3.1274,5.0554,20.5772,-0.2546,0.7072,0.4426,0.4529,mix#2 2024-02-13,mix
CML impl2_pycomlink,PWS,1245,0.2457,4.1497,3.904,15.8907,3.9238,5.7171,23.2704,0.0663,0.9949,0.3719,0.6261,mix#2 2024-02-13,mix
CML impl2_nearby,PWS,1245,0.2457,1.462,1.2164,4.951,1.2957,2.2275,9.0666,0.0432,0.8973,0.29,0.6566,mix#2 2024-02-13,mix
PWS,MRMS,1245,1.0026,0.2457,-0.7569,-0.755,0.7817,1.1456,1.1426,0.0666,0.6383,0.0,0.6383,mix#2 2024-02-13,mix
CML impl1_dynamic,MRMS,747,0.7009,0.9958,0.2948,0.4206,0.5535,0.8275,1.1806,0.4533,0.9644,0.0629,0.9058,snow#1 2024-02-17,snow
CML impl2_classical_dynamic,MRMS,747,0.7009,0.9958,0.2948,0.4206,0.5535,0.8275,1.1806,0.4533,0.9644,0.0629,0.9058,snow#1 2024-02-17,snow
CML impl2_classical_constant,MRMS,747,0.7009,0.2684,-0.4325,-0.617,0.6287,0.8109,1.1569,0.1559,0.4968,0.0466,0.485,snow#1 2024-02-17,snow
CML impl2_pycomlink,MRMS,747,0.7009,0.465,-0.2359,-0.3366,0.5395,0.7134,1.0178,0.3071,0.7362,0.0319,0.7188,snow#1 2024-02-17,snow
CML impl2_nearby,MRMS,747,0.7009,0.5256,-0.1753,-0.2501,0.704,0.9321,1.3298,-0.1073,0.8091,0.0689,0.7634,snow#1 2024-02-17,snow
CML impl1_dynamic,PWS,747,0.0017,0.9958,0.9941,579.4235,0.9941,1.2987,756.9846,-0.1586,1.0,0.9984,0.0016,snow#1 2024-02-17,snow
CML impl2_classical_dynamic,PWS,747,0.0017,0.9958,0.9941,579.4235,0.9941,1.2987,756.9846,-0.1586,1.0,0.9984,0.0016,snow#1 2024-02-17,snow
CML impl2_classical_constant,PWS,747,0.0017,0.2684,0.2667,155.4657,0.2701,0.5266,306.9464,-0.1061,0.0,1.0,0.0,snow#1 2024-02-17,snow
CML impl2_pycomlink,PWS,747,0.0017,0.465,0.4633,270.0491,0.4645,0.7217,420.6834,-0.1327,0.0,1.0,0.0,snow#1 2024-02-17,snow
CML impl2_nearby,PWS,747,0.0017,0.5256,0.5239,305.3961,0.5261,0.8275,482.3495,-0.1444,0.0,1.0,0.0,snow#1 2024-02-17,snow
PWS,MRMS,747,0.7009,0.0017,-0.6992,-0.9976,0.6992,0.9156,1.3062,-0.0478,0.0016,0.0,0.0016,snow#1 2024-02-17,snow
CML impl1_dynamic,MRMS,1328,4.5942,3.5084,-1.0858,-0.2363,2.0013,2.5313,0.551,0.8074,0.9882,0.0593,0.9303,rain#1 2024-03-23,rain
CML impl2_classical_dynamic,MRMS,1328,4.5942,3.589,-1.0052,-0.2188,1.9297,2.3944,0.5212,0.8273,0.9882,0.0593,0.9303,rain#1 2024-03-23,rain
CML impl2_classical_constant,MRMS,1328,4.5942,3.7247,-0.8695,-0.1893,1.1702,1.7087,0.3719,0.9208,0.9184,0.0554,0.8714,rain#1 2024-03-23,rain
CML impl2_pycomlink,MRMS,1328,4.5942,3.8942,-0.7,-0.1524,0.9597,1.5064,0.3279,0.9484,0.9882,0.0778,0.9122,rain#1 2024-03-23,rain
CML impl2_nearby,MRMS,1328,4.5942,3.185,-1.4092,-0.3067,1.5714,2.8989,0.631,0.7661,0.9882,0.0578,0.9317,rain#1 2024-03-23,rain
CML impl1_dynamic,PWS,1328,4.5778,3.5084,-1.0694,-0.2336,1.9209,2.4468,0.5345,0.8154,0.9451,0.0072,0.9386,rain#1 2024-03-23,rain
CML impl2_classical_dynamic,PWS,1328,4.5778,3.589,-0.9888,-0.216,1.8509,2.3177,0.5063,0.833,0.9451,0.0072,0.9386,rain#1 2024-03-23,rain
CML impl2_classical_constant,PWS,1328,4.5778,3.7247,-0.8531,-0.1864,1.1586,1.6892,0.369,0.9192,0.8741,0.0078,0.8682,rain#1 2024-03-23,rain
CML impl2_pycomlink,PWS,1328,4.5778,3.8942,-0.6836,-0.1493,0.9345,1.4618,0.3193,0.9477,0.9596,0.0118,0.9487,rain#1 2024-03-23,rain
CML impl2_nearby,PWS,1328,4.5778,3.185,-1.3928,-0.3042,1.488,2.7934,0.6102,0.7827,0.9436,0.0072,0.9371,rain#1 2024-03-23,rain
PWS,MRMS,1328,4.5942,4.5778,-0.0164,-0.0036,0.5504,0.8391,0.1826,0.975,0.9983,0.0953,0.9033,rain#1 2024-03-23,rain
