network,version,checks,product,class,n,pcc,cv,rmse,mae,pbias,ref_mean,est_mean,n_all,n_nan,n_pairs
openmrg,pinned,default,radar,"[0.2,2.5)",1521,0.4194,1.0477,0.8071,0.5667,-4.8864,0.7696,0.7320,24277.0000,22756.0000,1521
openmrg,pinned,default,radar,"[2.5,10)",330,0.3080,0.5182,2.9362,2.3970,-45.9867,4.2379,2.2890,24277.0000,23947.0000,330
openmrg,pinned,default,radar,"[10,50)",8,-0.2480,0.3028,10.2643,9.4350,-70.6742,13.3500,3.9150,24277.0000,24269.0000,8
openmrg,pinned,default,radar,>=50,0,,,,,,,,24277.0000,24277.0000,0
openmrg,pinned,default,add_b_ok,"[0.2,2.5)",1521,0.6341,0.7833,0.6029,0.4286,-1.4559,0.7696,0.7584,24277.0000,22756.0000,1521
openmrg,pinned,default,add_b_ok,"[2.5,10)",330,0.3266,0.5212,2.5251,1.7592,-28.8726,4.2379,3.0143,24277.0000,23947.0000,330
openmrg,pinned,default,add_b_ok,"[10,50)",8,-0.1668,0.3469,8.6583,7.3157,-54.7993,13.3500,6.0343,24277.0000,24269.0000,8
openmrg,pinned,default,add_b_ok,>=50,0,,,,,,,,24277.0000,24277.0000,0
openmrg,pinned,default,add_p_idw,"[0.2,2.5)",1521,0.6363,0.7913,0.6089,0.4350,0.3704,0.7696,0.7724,24277.0000,22756.0000,1521
openmrg,pinned,default,add_p_idw,"[2.5,10)",330,0.3189,0.5390,2.5490,1.8003,-26.6847,4.2379,3.1070,24277.0000,23947.0000,330
openmrg,pinned,default,add_p_idw,"[10,50)",8,-0.1589,0.3634,8.6022,7.1037,-53.2115,13.3500,6.2463,24277.0000,24269.0000,8
openmrg,pinned,default,add_p_idw,>=50,0,,,,,,,,24277.0000,24277.0000,0
openmrg,pinned,default,add_p_ok,"[0.2,2.5)",1521,0.6345,0.7958,0.6125,0.4375,1.3008,0.7696,0.7796,24277.0000,22756.0000,1521
openmrg,pinned,default,add_p_ok,"[2.5,10)",330,0.3234,0.5311,2.5266,1.7667,-27.0854,4.2379,3.0900,24277.0000,23947.0000,330
openmrg,pinned,default,add_p_ok,"[10,50)",8,-0.1814,0.3555,8.5396,7.0997,-53.1813,13.3500,6.2503,24277.0000,24269.0000,8
openmrg,pinned,default,add_p_ok,>=50,0,,,,,,,,24277.0000,24277.0000,0
openmrg,pinned,default,ked_b,"[0.2,2.5)",1521,0.6300,0.7935,0.6108,0.4292,-1.9074,0.7696,0.7549,24277.0000,22756.0000,1521
openmrg,pinned,default,ked_b,"[2.5,10)",330,0.3260,0.5275,2.5532,1.7959,-29.1018,4.2379,3.0046,24277.0000,23947.0000,330
openmrg,pinned,default,ked_b,"[10,50)",8,-0.1076,0.3441,8.8723,7.5906,-56.8582,13.3500,5.7594,24277.0000,24269.0000,8
openmrg,pinned,default,ked_b,>=50,0,,,,,,,,24277.0000,24277.0000,0
openmrg,pinned,default,ked_p,"[0.2,2.5)",1521,0.6307,0.8043,0.6190,0.4361,0.5082,0.7696,0.7735,24277.0000,22756.0000,1521
openmrg,pinned,default,ked_p,"[2.5,10)",330,0.3213,0.5373,2.5582,1.8005,-27.5051,4.2379,3.0722,24277.0000,23947.0000,330
openmrg,pinned,default,ked_p,"[10,50)",8,-0.1305,0.3525,8.7260,7.3485,-55.0449,13.3500,6.0015,24277.0000,24269.0000,8
openmrg,pinned,default,ked_p,>=50,0,,,,,,,,24277.0000,24277.0000,0
openmrg,pinned,default,mul_b_ok,"[0.2,2.5)",1521,0.6285,0.8544,0.6580,0.4357,3.3109,0.7696,0.7950,24277.0000,22756.0000,1521
openmrg,pinned,default,mul_b_ok,"[2.5,10)",330,0.3340,0.5295,2.5295,1.7688,-27.5453,4.2379,3.0705,24277.0000,23947.0000,330
openmrg,pinned,default,mul_b_ok,"[10,50)",8,-0.1486,0.3954,8.6157,6.9656,-51.0091,13.3500,6.5403,24277.0000,24269.0000,8
openmrg,pinned,default,mul_b_ok,>=50,0,,,,,,,,24277.0000,24277.0000,0
openmrg,pinned,default,mul_p_idw,"[0.2,2.5)",1521,0.6381,0.8277,0.6378,0.4394,4.1007,0.7696,0.8011,24277.0000,22756.0000,1521
openmrg,pinned,default,mul_p_idw,"[2.5,10)",330,0.3236,0.5457,2.5508,1.8097,-25.3865,4.2379,3.1620,24277.0000,23947.0000,330
openmrg,pinned,default,mul_p_idw,"[10,50)",8,-0.1257,0.4193,8.7754,7.1805,-50.6212,13.3500,6.5921,24277.0000,24269.0000,8
openmrg,pinned,default,mul_p_idw,>=50,0,,,,,,,,24277.0000,24277.0000,0
openmrg,pinned,default,mul_p_ok,"[0.2,2.5)",1521,0.6277,0.8711,0.6723,0.4470,6.5701,0.7696,0.8201,24277.0000,22756.0000,1521
openmrg,pinned,default,mul_p_ok,"[2.5,10)",330,0.3352,0.5430,2.5360,1.7857,-25.1439,4.2379,3.1723,24277.0000,23947.0000,330
openmrg,pinned,default,mul_p_ok,"[10,50)",8,-0.1562,0.4103,8.5539,6.8563,-49.2123,13.3500,6.7802,24277.0000,24269.0000,8
openmrg,pinned,default,mul_p_ok,>=50,0,,,,,,,,24277.0000,24277.0000,0
openmrg,pinned,cc,radar,"[0.2,2.5)",1521,0.4194,1.0477,0.8071,0.5667,-4.8864,0.7696,0.7320,24277.0000,22756.0000,1521
openmrg,pinned,cc,radar,"[2.5,10)",330,0.3080,0.5182,2.9362,2.3970,-45.9867,4.2379,2.2890,24277.0000,23947.0000,330
openmrg,pinned,cc,radar,"[10,50)",8,-0.2480,0.3028,10.2643,9.4350,-70.6742,13.3500,3.9150,24277.0000,24269.0000,8
openmrg,pinned,cc,radar,>=50,0,,,,,,,,24277.0000,24277.0000,0
openmrg,pinned,cc,add_b_ok,"[0.2,2.5)",1521,0.6233,0.7929,0.6104,0.4279,-2.0693,0.7696,0.7536,24277.0000,22756.0000,1521
openmrg,pinned,cc,add_b_ok,"[2.5,10)",330,0.3098,0.5162,2.5507,1.7687,-30.9477,4.2379,2.9264,24277.0000,23947.0000,330
openmrg,pinned,cc,add_b_ok,"[10,50)",8,-0.1174,0.3289,9.3143,8.2147,-61.5335,13.3500,5.1353,24277.0000,24269.0000,8
openmrg,pinned,cc,add_b_ok,>=50,0,,,,,,,,24277.0000,24277.0000,0
openmrg,pinned,cc,add_p_idw,"[0.2,2.5)",1521,0.6255,0.8006,0.6161,0.4362,-0.1487,0.7696,0.7684,24277.0000,22756.0000,1521
openmrg,pinned,cc,add_p_idw,"[2.5,10)",330,0.3006,0.5299,2.5598,1.7911,-28.9911,4.2379,3.0093,24277.0000,23947.0000,330
openmrg,pinned,cc,add_p_idw,"[10,50)",8,-0.2184,0.3291,9.7337,8.6858,-65.0621,13.3500,4.6642,24277.0000,24269.0000,8
openmrg,pinned,cc,add_p_idw,>=50,0,,,,,,,,24277.0000,24277.0000,0
openmrg,pinned,cc,add_p_ok,"[0.2,2.5)",1521,0.6219,0.8049,0.6195,0.4358,0.3630,0.7696,0.7724,24277.0000,22756.0000,1521
openmrg,pinned,cc,add_p_ok,"[2.5,10)",330,0.3038,0.5245,2.5505,1.7685,-29.5184,4.2379,2.9869,24277.0000,23947.0000,330
openmrg,pinned,cc,add_p_ok,"[10,50)",8,-0.1324,0.3321,9.2694,8.1402,-60.9755,13.3500,5.2098,24277.0000,24269.0000,8
openmrg,pinned,cc,add_p_ok,>=50,0,,,,,,,,24277.0000,24277.0000,0
openmrg,pinned,cc,ked_b,"[0.2,2.5)",1521,0.6315,0.7793,0.6002,0.4214,-3.0341,0.7696,0.7462,24277.0000,22756.0000,1521
openmrg,pinned,cc,ked_b,"[2.5,10)",330,0.3084,0.5223,2.5731,1.7948,-30.9566,4.2379,2.9260,24277.0000,23947.0000,330
openmrg,pinned,cc,ked_b,"[10,50)",8,-0.1067,0.3249,9.5538,8.5121,-63.7612,13.3500,4.8379,24277.0000,24269.0000,8
openmrg,pinned,cc,ked_b,>=50,0,,,,,,,,24277.0000,24277.0000,0
openmrg,pinned,cc,ked_p,"[0.2,2.5)",1521,0.6303,0.7894,0.6076,0.4279,-0.8984,0.7696,0.7626,24277.0000,22756.0000,1521
openmrg,pinned,cc,ked_p,"[2.5,10)",330,0.3014,0.5304,2.5758,1.7944,-29.6857,4.2379,2.9798,24277.0000,23947.0000,330
openmrg,pinned,cc,ked_p,"[10,50)",8,-0.1229,0.3298,9.4907,8.4078,-62.9798,13.3500,4.9422,24277.0000,24269.0000,8
openmrg,pinned,cc,ked_p,>=50,0,,,,,,,,24277.0000,24277.0000,0
openmrg,pinned,cc,mul_b_ok,"[0.2,2.5)",1521,0.6326,0.7944,0.6114,0.4318,1.1261,0.7696,0.7782,24277.0000,22756.0000,1521
openmrg,pinned,cc,mul_b_ok,"[2.5,10)",330,0.3457,0.5195,2.4857,1.7428,-27.2376,4.2379,3.0836,24277.0000,23947.0000,330
openmrg,pinned,cc,mul_b_ok,"[10,50)",8,-0.1483,0.3957,8.6214,6.9696,-51.0387,13.3500,6.5363,24277.0000,24269.0000,8
openmrg,pinned,cc,mul_b_ok,>=50,0,,,,,,,,24277.0000,24277.0000,0
openmrg,pinned,cc,mul_p_idw,"[0.2,2.5)",1521,0.6195,0.8317,0.6404,0.4428,2.9355,0.7696,0.7921,24277.0000,22756.0000,1521
openmrg,pinned,cc,mul_p_idw,"[2.5,10)",330,0.3402,0.5348,2.5102,1.7912,-25.4667,4.2379,3.1586,24277.0000,23947.0000,330
openmrg,pinned,cc,mul_p_idw,"[10,50)",8,-0.1258,0.4192,8.7729,7.1788,-50.6081,13.3500,6.5938,24277.0000,24269.0000,8
openmrg,pinned,cc,mul_p_idw,>=50,0,,,,,,,,24277.0000,24277.0000,0
openmrg,pinned,cc,mul_p_ok,"[0.2,2.5)",1521,0.6315,0.8092,0.6235,0.4420,3.9624,0.7696,0.8001,24277.0000,22756.0000,1521
openmrg,pinned,cc,mul_p_ok,"[2.5,10)",330,0.3464,0.5335,2.4965,1.7641,-24.9774,4.2379,3.1794,24277.0000,23947.0000,330
openmrg,pinned,cc,mul_p_ok,"[10,50)",8,-0.1560,0.4105,8.5580,6.8591,-49.2335,13.3500,6.7773,24277.0000,24269.0000,8
openmrg,pinned,cc,mul_p_ok,>=50,0,,,,,,,,24277.0000,24277.0000,0
openmrg,pinned,nc,radar,"[0.2,2.5)",1521,0.4194,1.0477,0.8071,0.5667,-4.8864,0.7696,0.7320,24277.0000,22756.0000,1521
openmrg,pinned,nc,radar,"[2.5,10)",330,0.3080,0.5182,2.9362,2.3970,-45.9867,4.2379,2.2890,24277.0000,23947.0000,330
openmrg,pinned,nc,radar,"[10,50)",8,-0.2480,0.3028,10.2643,9.4350,-70.6742,13.3500,3.9150,24277.0000,24269.0000,8
openmrg,pinned,nc,radar,>=50,0,,,,,,,,24277.0000,24277.0000,0
openmrg,pinned,nc,add_b_ok,"[0.2,2.5)",1521,0.6340,0.7941,0.6111,0.4319,-1.0276,0.7696,0.7617,24277.0000,22756.0000,1521
openmrg,pinned,nc,add_b_ok,"[2.5,10)",330,0.3401,0.5282,2.5285,1.7673,-27.7492,4.2379,3.0619,24277.0000,23947.0000,330
openmrg,pinned,nc,add_b_ok,"[10,50)",8,-0.1173,0.3861,8.6242,7.1318,-51.7942,13.3500,6.4355,24277.0000,24269.0000,8
openmrg,pinned,nc,add_b_ok,>=50,0,,,,,,,,24277.0000,24277.0000,0
openmrg,pinned,nc,add_p_idw,"[0.2,2.5)",1521,0.6367,0.7953,0.6121,0.4364,0.5626,0.7696,0.7739,24277.0000,22756.0000,1521
openmrg,pinned,nc,add_p_idw,"[2.5,10)",330,0.3308,0.5442,2.5520,1.8083,-25.7909,4.2379,3.1449,24277.0000,23947.0000,330
openmrg,pinned,nc,add_p_idw,"[10,50)",8,-0.1134,0.4050,8.6144,7.1696,-50.2325,13.3500,6.6440,24277.0000,24269.0000,8
openmrg,pinned,nc,add_p_idw,>=50,0,,,,,,,,24277.0000,24277.0000,0
openmrg,pinned,nc,add_p_ok,"[0.2,2.5)",1521,0.6340,0.8097,0.6233,0.4414,1.8111,0.7696,0.7835,24277.0000,22756.0000,1521
openmrg,pinned,nc,add_p_ok,"[2.5,10)",330,0.3397,0.5409,2.5365,1.7861,-25.6321,4.2379,3.1516,24277.0000,23947.0000,330
openmrg,pinned,nc,add_p_ok,"[10,50)",8,-0.1270,0.3981,8.5218,7.0129,-49.8978,13.3500,6.6886,24277.0000,24269.0000,8
openmrg,pinned,nc,add_p_ok,>=50,0,,,,,,,,24277.0000,24277.0000,0
openmrg,pinned,nc,ked_b,"[0.2,2.5)",1521,0.6254,0.8177,0.6293,0.4338,-1.3079,0.7696,0.7595,24277.0000,22756.0000,1521
openmrg,pinned,nc,ked_b,"[2.5,10)",330,0.3382,0.5363,2.5608,1.8107,-27.8371,4.2379,3.0582,24277.0000,23947.0000,330
openmrg,pinned,nc,ked_b,"[10,50)",8,-0.0735,0.3802,8.8486,7.4370,-54.2969,13.3500,6.1014,24277.0000,24269.0000,8
openmrg,pinned,nc,ked_b,>=50,0,,,,,,,,24277.0000,24277.0000,0
openmrg,pinned,nc,ked_p,"[0.2,2.5)",1521,0.6263,0.8301,0.6389,0.4411,1.1591,0.7696,0.7785,24277.0000,22756.0000,1521
openmrg,pinned,nc,ked_p,"[2.5,10)",330,0.3365,0.5486,2.5720,1.8215,-25.9619,4.2379,3.1376,24277.0000,23947.0000,330
openmrg,pinned,nc,ked_p,"[10,50)",8,-0.0892,0.3932,8.7133,7.2783,-52.0942,13.3500,6.3954,24277.0000,24269.0000,8
openmrg,pinned,nc,ked_p,>=50,0,,,,,,,,24277.0000,24277.0000,0
openmrg,pinned,nc,mul_b_ok,"[0.2,2.5)",1521,0.6325,0.7998,0.6155,0.4342,-1.2873,0.7696,0.7597,24277.0000,22756.0000,1521
openmrg,pinned,nc,mul_b_ok,"[2.5,10)",330,0.3273,0.5359,2.5577,1.7891,-27.7596,4.2379,3.0615,24277.0000,23947.0000,330
openmrg,pinned,nc,mul_b_ok,"[10,50)",8,-0.1434,0.3906,8.5596,6.9436,-50.8443,13.3500,6.5623,24277.0000,24269.0000,8
openmrg,pinned,nc,mul_b_ok,>=50,0,,,,,,,,24277.0000,24277.0000,0
openmrg,pinned,nc,mul_p_idw,"[0.2,2.5)",1521,0.6352,0.8009,0.6163,0.4384,0.6289,0.7696,0.7744,24277.0000,22756.0000,1521
openmrg,pinned,nc,mul_p_idw,"[2.5,10)",330,0.3185,0.5514,2.5789,1.8277,-25.7333,4.2379,3.1473,24277.0000,23947.0000,330
openmrg,pinned,nc,mul_p_idw,"[10,50)",8,-0.1324,0.4084,8.5694,7.0343,-49.5258,13.3500,6.7383,24277.0000,24269.0000,8
openmrg,pinned,nc,mul_p_idw,>=50,0,,,,,,,,24277.0000,24277.0000,0
openmrg,pinned,nc,mul_p_ok,"[0.2,2.5)",1521,0.6300,0.8202,0.6314,0.4449,2.0425,0.7696,0.7853,24277.0000,22756.0000,1521
openmrg,pinned,nc,mul_p_ok,"[2.5,10)",330,0.3271,0.5519,2.5728,1.8152,-25.2979,4.2379,3.1658,24277.0000,23947.0000,330
openmrg,pinned,nc,mul_p_ok,"[10,50)",8,-0.1555,0.4031,8.4445,6.7938,-48.7446,13.3500,6.8426,24277.0000,24269.0000,8
openmrg,pinned,nc,mul_p_ok,>=50,0,,,,,,,,24277.0000,24277.0000,0
openmrg,main,default,radar,"[0.2,2.5)",1521,0.4194,1.0477,0.8071,0.5667,-4.8864,0.7696,0.7320,24277.0000,22756.0000,1521
openmrg,main,default,radar,"[2.5,10)",330,0.3080,0.5182,2.9362,2.3970,-45.9867,4.2379,2.2890,24277.0000,23947.0000,330
openmrg,main,default,radar,"[10,50)",8,-0.2480,0.3028,10.2643,9.4350,-70.6742,13.3500,3.9150,24277.0000,24269.0000,8
openmrg,main,default,radar,>=50,0,,,,,,,,24277.0000,24277.0000,0
openmrg,main,default,add_b_ok,"[0.2,2.5)",1521,0.6354,0.7942,0.6112,0.4362,1.1395,0.7696,0.7783,24277.0000,22756.0000,1521
openmrg,main,default,add_b_ok,"[2.5,10)",330,0.3243,0.5314,2.5270,1.7653,-27.0598,4.2379,3.0911,24277.0000,23947.0000,330
openmrg,main,default,add_b_ok,"[10,50)",8,-0.1942,0.3606,8.5217,7.0319,-52.6732,13.3500,6.3181,24277.0000,24269.0000,8
openmrg,main,default,add_b_ok,>=50,0,,,,,,,,24277.0000,24277.0000,0
openmrg,main,default,add_p_idw,"[0.2,2.5)",1521,0.6299,0.8082,0.6220,0.4445,0.7471,0.7696,0.7753,24277.0000,22756.0000,1521
openmrg,main,default,add_p_idw,"[2.5,10)",330,0.3068,0.5564,2.5983,1.8669,-25.7595,4.2379,3.1462,24277.0000,23947.0000,330
openmrg,main,default,add_p_idw,"[10,50)",8,-0.1488,0.3565,8.7296,7.3179,-54.8154,13.3500,6.0321,24277.0000,24269.0000,8
openmrg,main,default,add_p_idw,>=50,0,,,,,,,,24277.0000,24277.0000,0
openmrg,main,default,add_p_ok,"[0.2,2.5)",1521,0.6345,0.7958,0.6125,0.4375,1.3008,0.7696,0.7796,24277.0000,22756.0000,1521
openmrg,main,default,add_p_ok,"[2.5,10)",330,0.3234,0.5311,2.5266,1.7667,-27.0854,4.2379,3.0900,24277.0000,23947.0000,330
openmrg,main,default,add_p_ok,"[10,50)",8,-0.1814,0.3555,8.5396,7.0997,-53.1813,13.3500,6.2503,24277.0000,24269.0000,8
openmrg,main,default,add_p_ok,>=50,0,,,,,,,,24277.0000,24277.0000,0
openmrg,main,default,ked_b,"[0.2,2.5)",1521,0.6318,0.8023,0.6174,0.4351,0.4256,0.7696,0.7728,24277.0000,22756.0000,1521
openmrg,main,default,ked_b,"[2.5,10)",330,0.3223,0.5376,2.5598,1.8004,-27.5412,4.2379,3.0707,24277.0000,23947.0000,330
openmrg,main,default,ked_b,"[10,50)",8,-0.1459,0.3563,8.6967,7.2810,-54.5392,13.3500,6.0690,24277.0000,24269.0000,8
openmrg,main,default,ked_b,>=50,0,,,,,,,,24277.0000,24277.0000,0
openmrg,main,default,ked_p,"[0.2,2.5)",1521,0.6307,0.8043,0.6190,0.4361,0.5082,0.7696,0.7735,24277.0000,22756.0000,1521
openmrg,main,default,ked_p,"[2.5,10)",330,0.3213,0.5373,2.5582,1.8005,-27.5051,4.2379,3.0722,24277.0000,23947.0000,330
openmrg,main,default,ked_p,"[10,50)",8,-0.1305,0.3525,8.7260,7.3485,-55.0449,13.3500,6.0015,24277.0000,24269.0000,8
openmrg,main,default,ked_p,>=50,0,,,,,,,,24277.0000,24277.0000,0
openmrg,main,default,mul_b_ok,"[0.2,2.5)",1521,0.6288,0.8694,0.6709,0.4458,6.4021,0.7696,0.8188,24277.0000,22756.0000,1521
openmrg,main,default,mul_b_ok,"[2.5,10)",330,0.3357,0.5430,2.5369,1.7853,-25.2068,4.2379,3.1696,24277.0000,23947.0000,330
openmrg,main,default,mul_b_ok,"[10,50)",8,-0.1649,0.4114,8.5222,6.8177,-48.8125,13.3500,6.8335,24277.0000,24269.0000,8
openmrg,main,default,mul_b_ok,>=50,0,,,,,,,,24277.0000,24277.0000,0
openmrg,main,default,mul_p_idw,"[0.2,2.5)",1521,0.6255,0.8703,0.6710,0.4504,5.4320,0.7696,0.8114,24277.0000,22756.0000,1521
openmrg,main,default,mul_p_idw,"[2.5,10)",330,0.3157,0.5593,2.5907,1.8680,-24.6728,4.2379,3.1923,24277.0000,23947.0000,330
openmrg,main,default,mul_p_idw,"[10,50)",8,-0.0915,0.4302,9.1140,7.5941,-53.0058,13.3500,6.2737,24277.0000,24269.0000,8
openmrg,main,default,mul_p_idw,>=50,0,,,,,,,,24277.0000,24277.0000,0
openmrg,main,default,mul_p_ok,"[0.2,2.5)",1521,0.6277,0.8711,0.6723,0.4470,6.5701,0.7696,0.8201,24277.0000,22756.0000,1521
openmrg,main,default,mul_p_ok,"[2.5,10)",330,0.3352,0.5430,2.5360,1.7857,-25.1439,4.2379,3.1723,24277.0000,23947.0000,330
openmrg,main,default,mul_p_ok,"[10,50)",8,-0.1562,0.4103,8.5539,6.8563,-49.2123,13.3500,6.7802,24277.0000,24269.0000,8
openmrg,main,default,mul_p_ok,>=50,0,,,,,,,,24277.0000,24277.0000,0
openmrg,main,cc,radar,"[0.2,2.5)",1521,0.4194,1.0477,0.8071,0.5667,-4.8864,0.7696,0.7320,24277.0000,22756.0000,1521
openmrg,main,cc,radar,"[2.5,10)",330,0.3080,0.5182,2.9362,2.3970,-45.9867,4.2379,2.2890,24277.0000,23947.0000,330
openmrg,main,cc,radar,"[10,50)",8,-0.2480,0.3028,10.2643,9.4350,-70.6742,13.3500,3.9150,24277.0000,24269.0000,8
openmrg,main,cc,radar,>=50,0,,,,,,,,24277.0000,24277.0000,0
openmrg,main,cc,add_b_ok,"[0.2,2.5)",1521,0.6228,0.8034,0.6183,0.4347,0.2246,0.7696,0.7713,24277.0000,22756.0000,1521
openmrg,main,cc,add_b_ok,"[2.5,10)",330,0.3038,0.5245,2.5504,1.7660,-29.5034,4.2379,2.9876,24277.0000,23947.0000,330
openmrg,main,cc,add_b_ok,"[10,50)",8,-0.1422,0.3331,9.2331,8.0913,-60.6093,13.3500,5.2587,24277.0000,24269.0000,8
openmrg,main,cc,add_b_ok,>=50,0,,,,,,,,24277.0000,24277.0000,0
openmrg,main,cc,add_p_idw,"[0.2,2.5)",1521,0.6177,0.8239,0.6341,0.4484,0.6615,0.7696,0.7746,24277.0000,22756.0000,1521
openmrg,main,cc,add_p_idw,"[2.5,10)",330,0.2862,0.5433,2.5940,1.8372,-28.1970,4.2379,3.0429,24277.0000,23947.0000,330
openmrg,main,cc,add_p_idw,"[10,50)",8,-0.1601,0.3470,9.4137,8.1952,-61.3875,13.3500,5.1548,24277.0000,24269.0000,8
openmrg,main,cc,add_p_idw,>=50,0,,,,,,,,24277.0000,24277.0000,0
openmrg,main,cc,add_p_ok,"[0.2,2.5)",1521,0.6219,0.8049,0.6195,0.4358,0.3630,0.7696,0.7724,24277.0000,22756.0000,1521
openmrg,main,cc,add_p_ok,"[2.5,10)",330,0.3038,0.5245,2.5505,1.7685,-29.5184,4.2379,2.9869,24277.0000,23947.0000,330
openmrg,main,cc,add_p_ok,"[10,50)",8,-0.1324,0.3321,9.2694,8.1402,-60.9755,13.3500,5.2098,24277.0000,24269.0000,8
openmrg,main,cc,add_p_ok,>=50,0,,,,,,,,24277.0000,24277.0000,0
openmrg,main,cc,ked_b,"[0.2,2.5)",1521,0.6316,0.7873,0.6059,0.4268,-0.9590,0.7696,0.7622,24277.0000,22756.0000,1521
openmrg,main,cc,ked_b,"[2.5,10)",330,0.3016,0.5306,2.5775,1.7941,-29.7232,4.2379,2.9782,24277.0000,23947.0000,330
openmrg,main,cc,ked_b,"[10,50)",8,-0.1369,0.3313,9.4520,8.3531,-62.5698,13.3500,4.9969,24277.0000,24269.0000,8
openmrg,main,cc,ked_b,>=50,0,,,,,,,,24277.0000,24277.0000,0
openmrg,main,cc,ked_p,"[0.2,2.5)",1521,0.6303,0.7894,0.6076,0.4279,-0.8984,0.7696,0.7626,24277.0000,22756.0000,1521
openmrg,main,cc,ked_p,"[2.5,10)",330,0.3014,0.5304,2.5758,1.7944,-29.6857,4.2379,2.9798,24277.0000,23947.0000,330
openmrg,main,cc,ked_p,"[10,50)",8,-0.1229,0.3298,9.4907,8.4078,-62.9798,13.3500,4.9422,24277.0000,24269.0000,8
openmrg,main,cc,ked_p,>=50,0,,,,,,,,24277.0000,24277.0000,0
openmrg,main,cc,mul_b_ok,"[0.2,2.5)",1521,0.6324,0.8081,0.6226,0.4405,3.8215,0.7696,0.7990,24277.0000,22756.0000,1521
openmrg,main,cc,mul_b_ok,"[2.5,10)",330,0.3470,0.5334,2.4972,1.7636,-25.0361,4.2379,3.1769,24277.0000,23947.0000,330
openmrg,main,cc,mul_b_ok,"[10,50)",8,-0.1646,0.4116,8.5268,6.8208,-48.8361,13.3500,6.8304,24277.0000,24269.0000,8
openmrg,main,cc,mul_b_ok,>=50,0,,,,,,,,24277.0000,24277.0000,0
openmrg,main,cc,mul_p_idw,"[0.2,2.5)",1521,0.6323,0.8100,0.6238,0.4460,3.3250,0.7696,0.7951,24277.0000,22756.0000,1521
openmrg,main,cc,mul_p_idw,"[2.5,10)",330,0.3319,0.5453,2.5323,1.8277,-24.4286,4.2379,3.2026,24277.0000,23947.0000,330
openmrg,main,cc,mul_p_idw,"[10,50)",8,-0.0915,0.4302,9.1126,7.5931,-52.9984,13.3500,6.2747,24277.0000,24269.0000,8
openmrg,main,cc,mul_p_idw,>=50,0,,,,,,,,24277.0000,24277.0000,0
openmrg,main,cc,mul_p_ok,"[0.2,2.5)",1521,0.6315,0.8092,0.6235,0.4420,3.9624,0.7696,0.8001,24277.0000,22756.0000,1521
openmrg,main,cc,mul_p_ok,"[2.5,10)",330,0.3464,0.5335,2.4965,1.7641,-24.9774,4.2379,3.1794,24277.0000,23947.0000,330
openmrg,main,cc,mul_p_ok,"[10,50)",8,-0.1560,0.4105,8.5580,6.8591,-49.2335,13.3500,6.7773,24277.0000,24269.0000,8
openmrg,main,cc,mul_p_ok,>=50,0,,,,,,,,24277.0000,24277.0000,0
openmrg,main,nc,radar,"[0.2,2.5)",1521,0.4194,1.0477,0.8071,0.5667,-4.8864,0.7696,0.7320,24277.0000,22756.0000,1521
openmrg,main,nc,radar,"[2.5,10)",330,0.3080,0.5182,2.9362,2.3970,-45.9867,4.2379,2.2890,24277.0000,23947.0000,330
openmrg,main,nc,radar,"[10,50)",8,-0.2480,0.3028,10.2643,9.4350,-70.6742,13.3500,3.9150,24277.0000,24269.0000,8
openmrg,main,nc,radar,>=50,0,,,,,,,,24277.0000,24277.0000,0
openmrg,main,nc,add_b_ok,"[0.2,2.5)",1521,0.6350,0.8075,0.6216,0.4401,1.6396,0.7696,0.7822,24277.0000,22756.0000,1521
openmrg,main,nc,add_b_ok,"[2.5,10)",330,0.3404,0.5405,2.5354,1.7820,-25.6491,4.2379,3.1509,24277.0000,23947.0000,330
openmrg,main,nc,add_b_ok,"[10,50)",8,-0.1381,0.4028,8.5034,6.9441,-49.3401,13.3500,6.7631,24277.0000,24269.0000,8
openmrg,main,nc,add_b_ok,>=50,0,,,,,,,,24277.0000,24277.0000,0
openmrg,main,nc,add_p_idw,"[0.2,2.5)",1521,0.6299,0.8108,0.6240,0.4452,0.8481,0.7696,0.7761,24277.0000,22756.0000,1521
openmrg,main,nc,add_p_idw,"[2.5,10)",330,0.3185,0.5606,2.6023,1.8733,-25.0540,4.2379,3.1761,24277.0000,23947.0000,330
openmrg,main,nc,add_p_idw,"[10,50)",8,-0.0939,0.4108,8.7403,7.3635,-50.9750,13.3500,6.5448,24277.0000,24269.0000,8
openmrg,main,nc,add_p_idw,>=50,0,,,,,,,,24277.0000,24277.0000,0
openmrg,main,nc,add_p_ok,"[0.2,2.5)",1521,0.6340,0.8097,0.6233,0.4414,1.8111,0.7696,0.7835,24277.0000,22756.0000,1521
openmrg,main,nc,add_p_ok,"[2.5,10)",330,0.3397,0.5409,2.5365,1.7861,-25.6321,4.2379,3.1516,24277.0000,23947.0000,330
openmrg,main,nc,add_p_ok,"[10,50)",8,-0.1270,0.3981,8.5218,7.0129,-49.8978,13.3500,6.6886,24277.0000,24269.0000,8
openmrg,main,nc,add_p_ok,>=50,0,,,,,,,,24277.0000,24277.0000,0
openmrg,main,nc,ked_b,"[0.2,2.5)",1521,0.6273,0.8281,0.6374,0.4401,1.0764,0.7696,0.7778,24277.0000,22756.0000,1521
openmrg,main,nc,ked_b,"[2.5,10)",330,0.3373,0.5483,2.5723,1.8194,-26.0304,4.2379,3.1347,24277.0000,23947.0000,330
openmrg,main,nc,ked_b,"[10,50)",8,-0.1019,0.3969,8.6838,7.2109,-51.5317,13.3500,6.4705,24277.0000,24269.0000,8
openmrg,main,nc,ked_b,>=50,0,,,,,,,,24277.0000,24277.0000,0
openmrg,main,nc,ked_p,"[0.2,2.5)",1521,0.6263,0.8301,0.6389,0.4411,1.1591,0.7696,0.7785,24277.0000,22756.0000,1521
openmrg,main,nc,ked_p,"[2.5,10)",330,0.3365,0.5486,2.5720,1.8215,-25.9619,4.2379,3.1376,24277.0000,23947.0000,330
openmrg,main,nc,ked_p,"[10,50)",8,-0.0892,0.3932,8.7133,7.2783,-52.0942,13.3500,6.3954,24277.0000,24269.0000,8
openmrg,main,nc,ked_p,>=50,0,,,,,,,,24277.0000,24277.0000,0
openmrg,main,nc,mul_b_ok,"[0.2,2.5)",1521,0.6318,0.8174,0.6292,0.4432,1.8946,0.7696,0.7841,24277.0000,22756.0000,1521
openmrg,main,nc,mul_b_ok,"[2.5,10)",330,0.3278,0.5517,2.5728,1.8137,-25.3386,4.2379,3.1641,24277.0000,23947.0000,330
openmrg,main,nc,mul_b_ok,"[10,50)",8,-0.1615,0.4048,8.4295,6.7709,-48.4624,13.3500,6.8803,24277.0000,24269.0000,8
openmrg,main,nc,mul_b_ok,>=50,0,,,,,,,,24277.0000,24277.0000,0
openmrg,main,nc,mul_p_idw,"[0.2,2.5)",1521,0.6291,0.8147,0.6269,0.4476,0.6988,0.7696,0.7749,24277.0000,22756.0000,1521
openmrg,main,nc,mul_p_idw,"[2.5,10)",330,0.3095,0.5648,2.6190,1.8849,-25.0777,4.2379,3.1751,24277.0000,23947.0000,330
openmrg,main,nc,mul_p_idw,"[10,50)",8,-0.1057,0.4124,8.7253,7.2871,-50.7066,13.3500,6.5807,24277.0000,24269.0000,8
openmrg,main,nc,mul_p_idw,>=50,0,,,,,,,,24277.0000,24277.0000,0
openmrg,main,nc,mul_p_ok,"[0.2,2.5)",1521,0.6300,0.8202,0.6314,0.4449,2.0425,0.7696,0.7853,24277.0000,22756.0000,1521
openmrg,main,nc,mul_p_ok,"[2.5,10)",330,0.3271,0.5519,2.5728,1.8152,-25.2979,4.2379,3.1658,24277.0000,23947.0000,330
openmrg,main,nc,mul_p_ok,"[10,50)",8,-0.1555,0.4031,8.4445,6.7938,-48.7446,13.3500,6.8426,24277.0000,24269.0000,8
openmrg,main,nc,mul_p_ok,>=50,0,,,,,,,,24277.0000,24277.0000,0
openmrg,main,mapping,idw_map,"[0.2,2.5)",1521,0.6547,0.7631,0.5873,0.4130,0.3734,0.7696,0.7724,24277.0000,22756.0000,1521
openmrg,main,mapping,idw_map,"[2.5,10)",330,0.3317,0.5395,2.5417,1.7887,-26.2122,4.2379,3.1270,24277.0000,23947.0000,330
openmrg,main,mapping,idw_map,"[10,50)",8,-0.0674,0.3950,8.6866,7.4044,-51.7070,13.3500,6.4471,24277.0000,24269.0000,8
openmrg,main,mapping,idw_map,>=50,0,,,,,,,,24277.0000,24277.0000,0
openmrg,main,mapping,idw_map@cml+pws,"[0.2,2.5)",1521,0.6598,0.7514,0.5783,0.4076,-0.3947,0.7696,0.7665,24277.0000,22756.0000,1521
openmrg,main,mapping,idw_map@cml+pws,"[2.5,10)",330,0.3455,0.5259,2.4884,1.7657,-26.1123,4.2379,3.1313,24277.0000,23947.0000,330
openmrg,main,mapping,idw_map@cml+pws,"[10,50)",8,-0.0689,0.3930,8.6569,7.3768,-51.5778,13.3500,6.4644,24277.0000,24269.0000,8
openmrg,main,mapping,idw_map@cml+pws,>=50,0,,,,,,,,24277.0000,24277.0000,0
openmrg,main,mapping,idw_map@pws,"[0.2,2.5)",1521,0.7446,0.6197,0.4821,0.3271,-9.1721,0.7696,0.6990,24277.0000,22756.0000,1521
openmrg,main,mapping,idw_map@pws,"[2.5,10)",330,0.5650,0.3410,1.7956,1.3016,-25.1523,4.2379,3.1720,24277.0000,23947.0000,330
openmrg,main,mapping,idw_map@pws,"[10,50)",8,0.0806,0.3081,8.6186,7.5735,-56.7301,13.3500,5.7765,24277.0000,24269.0000,8
openmrg,main,mapping,idw_map@pws,>=50,0,,,,,,,,24277.0000,24277.0000,0
openmrg,main,mapping,okb_map,"[0.2,2.5)",1521,0.6565,0.7698,0.5925,0.4140,1.3662,0.7696,0.7801,24277.0000,22756.0000,1521
openmrg,main,mapping,okb_map,"[2.5,10)",330,0.3416,0.5343,2.5200,1.7601,-26.0943,4.2379,3.1320,24277.0000,23947.0000,330
openmrg,main,mapping,okb_map,"[10,50)",8,-0.0841,0.3948,8.5993,7.2019,-50.8965,13.3500,6.5553,24277.0000,24269.0000,8
openmrg,main,mapping,okb_map,>=50,0,,,,,,,,24277.0000,24277.0000,0
openmrg,main,mapping,okb_map@cml+pws,"[0.2,2.5)",1521,0.6627,0.7533,0.5797,0.4057,0.3286,0.7696,0.7721,24277.0000,22756.0000,1521
openmrg,main,mapping,okb_map@cml+pws,"[2.5,10)",330,0.3544,0.5198,2.4666,1.7350,-26.1858,4.2379,3.1282,24277.0000,23947.0000,330
openmrg,main,mapping,okb_map@cml+pws,"[10,50)",8,-0.0851,0.3935,8.5572,7.1768,-50.5957,13.3500,6.5955,24277.0000,24269.0000,8
openmrg,main,mapping,okb_map@cml+pws,>=50,0,,,,,,,,24277.0000,24277.0000,0
openmrg,main,mapping,okb_map@pws,"[0.2,2.5)",1521,0.7364,0.6330,0.4906,0.3301,-7.6351,0.7696,0.7108,24277.0000,22756.0000,1521
openmrg,main,mapping,okb_map@pws,"[2.5,10)",330,0.5483,0.3452,1.8186,1.3073,-25.4932,4.2379,3.1575,24277.0000,23947.0000,330
openmrg,main,mapping,okb_map@pws,"[10,50)",8,0.0429,0.2950,8.8957,7.9768,-59.7512,13.3500,5.3732,24277.0000,24269.0000,8
openmrg,main,mapping,okb_map@pws,>=50,0,,,,,,,,24277.0000,24277.0000,0
openmrg,main,mapping,okp_map,"[0.2,2.5)",1521,0.6549,0.7725,0.5946,0.4154,1.5404,0.7696,0.7814,24277.0000,22756.0000,1521
openmrg,main,mapping,okp_map,"[2.5,10)",330,0.3409,0.5350,2.5221,1.7626,-26.0627,4.2379,3.1334,24277.0000,23947.0000,330
openmrg,main,mapping,okp_map,"[10,50)",8,-0.0707,0.3882,8.6191,7.2943,-51.5892,13.3500,6.4628,24277.0000,24269.0000,8
openmrg,main,mapping,okp_map,>=50,0,,,,,,,,24277.0000,24277.0000,0
openmrg,main,mapping,okp_map@cml+pws,"[0.2,2.5)",1521,0.6615,0.7546,0.5807,0.4065,0.3775,0.7696,0.7725,24277.0000,22756.0000,1521
openmrg,main,mapping,okp_map@cml+pws,"[2.5,10)",330,0.3537,0.5197,2.4666,1.7355,-26.2054,4.2379,3.1273,24277.0000,23947.0000,330
openmrg,main,mapping,okp_map@cml+pws,"[10,50)",8,-0.0716,0.3871,8.5760,7.2699,-51.2643,13.3500,6.5062,24277.0000,24269.0000,8
openmrg,main,mapping,okp_map@cml+pws,>=50,0,,,,,,,,24277.0000,24277.0000,0
openmrg,main,mapping,okp_map@pws,"[0.2,2.5)",1521,0.7364,0.6330,0.4906,0.3301,-7.6351,0.7696,0.7108,24277.0000,22756.0000,1521
openmrg,main,mapping,okp_map@pws,"[2.5,10)",330,0.5483,0.3452,1.8186,1.3073,-25.4932,4.2379,3.1575,24277.0000,23947.0000,330
openmrg,main,mapping,okp_map@pws,"[10,50)",8,0.0429,0.2950,8.8957,7.9768,-59.7512,13.3500,5.3732,24277.0000,24269.0000,8
openmrg,main,mapping,okp_map@pws,>=50,0,,,,,,,,24277.0000,24277.0000,0
openmrg,main,mapping,radolan,"[0.2,2.5)",1521,0.6646,0.7384,0.5685,0.3991,-2.2469,0.7696,0.7523,24277.0000,22756.0000,1521
openmrg,main,mapping,radolan,"[2.5,10)",330,0.3342,0.5267,2.5097,1.7627,-27.0790,4.2379,3.0903,24277.0000,23947.0000,330
openmrg,main,mapping,radolan,"[10,50)",8,-0.1136,0.4007,8.7998,7.1375,-52.3408,13.3500,6.3625,24277.0000,24269.0000,8
openmrg,main,mapping,radolan,>=50,0,,,,,,,,24277.0000,24277.0000,0
openmrg,main,stations,add_b_ok@cml+pws,"[0.2,2.5)",1521,0.6381,0.7858,0.6047,0.4305,0.2451,0.7696,0.7714,24277.0000,22756.0000,1521
openmrg,main,stations,add_b_ok@cml+pws,"[2.5,10)",330,0.3346,0.5243,2.4991,1.7511,-26.9924,4.2379,3.0940,24277.0000,23947.0000,330
openmrg,main,stations,add_b_ok@cml+pws,"[10,50)",8,-0.1923,0.3613,8.4723,6.9650,-52.1721,13.3500,6.3850,24277.0000,24269.0000,8
openmrg,main,stations,add_b_ok@cml+pws,>=50,0,,,,,,,,24277.0000,24277.0000,0
openmrg,main,stations,add_b_ok@pws,"[0.2,2.5)",1521,0.5822,0.8701,0.6729,0.4302,-8.7510,0.7696,0.7022,24277.0000,22756.0000,1521
openmrg,main,stations,add_b_ok@pws,"[2.5,10)",330,0.4349,0.4372,2.2534,1.5737,-30.2672,4.2379,2.9552,24277.0000,23947.0000,330
openmrg,main,stations,add_b_ok@pws,"[10,50)",8,-0.0765,0.3499,8.6524,7.2833,-54.5564,13.3500,6.0667,24277.0000,24269.0000,8
openmrg,main,stations,add_b_ok@pws,>=50,0,,,,,,,,24277.0000,24277.0000,0
openmrg,main,stations,add_p_idw@cml+pws,"[0.2,2.5)",1521,0.6361,0.7979,0.6141,0.4395,0.4165,0.7696,0.7728,24277.0000,22756.0000,1521
openmrg,main,stations,add_p_idw@cml+pws,"[2.5,10)",330,0.3161,0.5492,2.5690,1.8514,-25.6630,4.2379,3.1503,24277.0000,23947.0000,330
openmrg,main,stations,add_p_idw@cml+pws,"[10,50)",8,-0.1408,0.3623,8.7168,7.2517,-54.3195,13.3500,6.0983,24277.0000,24269.0000,8
openmrg,main,stations,add_p_idw@cml+pws,>=50,0,,,,,,,,24277.0000,24277.0000,0
openmrg,main,stations,add_p_idw@pws,"[0.2,2.5)",1521,0.5933,0.8545,0.6614,0.4223,-9.1207,0.7696,0.6994,24277.0000,22756.0000,1521
openmrg,main,stations,add_p_idw@pws,"[2.5,10)",330,0.4461,0.4345,2.2314,1.5503,-29.7360,4.2379,2.9777,24277.0000,23947.0000,330
openmrg,main,stations,add_p_idw@pws,"[10,50)",8,0.0004,0.3663,8.5121,6.9668,-52.1861,13.3500,6.3832,24277.0000,24269.0000,8
openmrg,main,stations,add_p_idw@pws,>=50,0,,,,,,,,24277.0000,24277.0000,0
openmrg,main,stations,ked_b@cml+pws,"[0.2,2.5)",1521,0.6419,0.7791,0.5996,0.4239,-0.7073,0.7696,0.7641,24277.0000,22756.0000,1521
openmrg,main,stations,ked_b@cml+pws,"[2.5,10)",330,0.3285,0.5301,2.5256,1.7728,-27.2353,4.2379,3.0837,24277.0000,23947.0000,330
openmrg,main,stations,ked_b@cml+pws,"[10,50)",8,-0.1438,0.3576,8.6563,7.2213,-54.0918,13.3500,6.1287,24277.0000,24269.0000,8
openmrg,main,stations,ked_b@cml+pws,>=50,0,,,,,,,,24277.0000,24277.0000,0
openmrg,main,stations,ked_b@pws,"[0.2,2.5)",1521,0.5977,0.8108,0.6319,0.3975,-13.0068,0.7696,0.6695,24277.0000,22756.0000,1521
openmrg,main,stations,ked_b@pws,"[2.5,10)",330,0.4338,0.4341,2.2752,1.6168,-31.5837,4.2379,2.8994,24277.0000,23947.0000,330
openmrg,main,stations,ked_b@pws,"[10,50)",8,-0.0525,0.3968,8.8490,7.4707,-53.0943,13.3500,6.2619,24277.0000,24269.0000,8
openmrg,main,stations,ked_b@pws,>=50,0,,,,,,,,24277.0000,24277.0000,0
openmrg,main,stations,mul_b_ok@cml+pws,"[0.2,2.5)",1521,0.6451,0.8304,0.6405,0.4333,5.6932,0.7696,0.8134,24277.0000,22756.0000,1521
openmrg,main,stations,mul_b_ok@cml+pws,"[2.5,10)",330,0.3431,0.5275,2.4682,1.7287,-24.6958,4.2379,3.1913,24277.0000,23947.0000,330
openmrg,main,stations,mul_b_ok@cml+pws,"[10,50)",8,-0.1641,0.4121,8.5205,6.8239,-48.7369,13.3500,6.8436,24277.0000,24269.0000,8
openmrg,main,stations,mul_b_ok@cml+pws,>=50,0,,,,,,,,24277.0000,24277.0000,0
openmrg,main,stations,mul_b_ok@pws,"[0.2,2.5)",1521,0.4113,1.6200,1.2515,0.5449,14.2389,0.7696,0.8791,24277.0000,22756.0000,1521
openmrg,main,stations,mul_b_ok@pws,"[2.5,10)",330,0.4197,0.5369,2.4553,1.6858,-21.7638,4.2379,3.3156,24277.0000,23947.0000,330
openmrg,main,stations,mul_b_ok@pws,"[10,50)",8,-0.2449,0.4487,8.1420,6.4849,-41.3092,13.3500,7.8352,24277.0000,24269.0000,8
openmrg,main,stations,mul_b_ok@pws,>=50,0,,,,,,,,24277.0000,24277.0000,0
openmrg,main,stations,radolan@cml+pws,"[0.2,2.5)",1521,0.6651,0.7336,0.5649,0.3970,-2.8620,0.7696,0.7475,24277.0000,22756.0000,1521
openmrg,main,stations,radolan@cml+pws,"[2.5,10)",330,0.3446,0.5199,2.4817,1.7533,-26.9432,4.2379,3.0961,24277.0000,23947.0000,330
openmrg,main,stations,radolan@cml+pws,"[10,50)",8,-0.1638,0.3585,8.6768,7.2375,-54.2135,13.3500,6.1125,24277.0000,24269.0000,8
openmrg,main,stations,radolan@cml+pws,>=50,0,,,,,,,,24277.0000,24277.0000,0
openmrg,main,stations,radolan@pws,"[0.2,2.5)",1521,0.5706,0.8175,0.6376,0.4017,-13.4814,0.7696,0.6658,24277.0000,22756.0000,1521
openmrg,main,stations,radolan@pws,"[2.5,10)",330,0.4440,0.4289,2.3907,1.7639,-36.6464,4.2379,2.6848,24277.0000,23947.0000,330
openmrg,main,stations,radolan@pws,"[10,50)",8,-0.1067,0.2968,9.2200,8.3250,-62.3596,13.3500,5.0250,24277.0000,24269.0000,8
openmrg,main,stations,radolan@pws,>=50,0,,,,,,,,24277.0000,24277.0000,0
openmrg,main,vg5km,add_b_ok,"[0.2,2.5)",1521,0.6196,0.8258,0.6356,0.4548,-1.1965,0.7696,0.7604,24277.0000,22756.0000,1521
openmrg,main,vg5km,add_b_ok,"[2.5,10)",330,0.3107,0.5587,2.6162,1.8928,-26.2643,4.2379,3.1248,24277.0000,23947.0000,330
openmrg,main,vg5km,add_b_ok,"[10,50)",8,-0.1725,0.3751,8.7103,7.1267,-53.3838,13.3500,6.2233,24277.0000,24269.0000,8
openmrg,main,vg5km,add_b_ok,>=50,0,,,,,,,,24277.0000,24277.0000,0
openmrg,main,vgfit,add_b_ok,"[0.2,2.5)",1521,0.6358,0.7937,0.6109,0.4362,1.1623,0.7696,0.7785,24277.0000,22756.0000,1521
openmrg,main,vgfit,add_b_ok,"[2.5,10)",330,0.3240,0.5322,2.5291,1.7684,-27.0074,4.2379,3.0933,24277.0000,23947.0000,330
openmrg,main,vgfit,add_b_ok,"[10,50)",8,-0.1899,0.3603,8.5283,7.0423,-52.7510,13.3500,6.3077,24277.0000,24269.0000,8
openmrg,main,vgfit,add_b_ok,>=50,0,,,,,,,,24277.0000,24277.0000,0
openmrg,main,c0within,add_b_ok,"[0.2,2.5)",1521,0.6351,0.7963,0.6129,0.4375,1.5370,0.7696,0.7814,24277.0000,22756.0000,1521
openmrg,main,c0within,add_b_ok,"[2.5,10)",330,0.3235,0.5328,2.5279,1.7681,-26.8292,4.2379,3.1009,24277.0000,23947.0000,330
openmrg,main,c0within,add_b_ok,"[10,50)",8,-0.1977,0.3622,8.5043,6.9960,-52.4042,13.3500,6.3540,24277.0000,24269.0000,8
openmrg,main,c0within,add_b_ok,>=50,0,,,,,,,,24277.0000,24277.0000,0
openrainer,pinned,default,radar,"[0.2,2.5)",11008,0.5878,3.8440,3.1801,2.0139,280.8032,0.6680,2.5439,704033.0000,693025.0000,11008
openrainer,pinned,default,radar,"[2.5,10)",2739,0.3058,0.9968,6.5398,4.8436,83.3607,5.0328,9.2282,704033.0000,701294.0000,2739
openrainer,pinned,default,radar,"[10,50)",1040,0.4127,0.4898,8.5465,6.4786,-5.0669,17.3580,16.4785,704033.0000,702993.0000,1040
openrainer,pinned,default,radar,>=50,6,0.2043,0.2094,25.4528,22.5303,-39.8414,56.5500,34.0197,704033.0000,704027.0000,6
openrainer,pinned,default,add_b_ok,"[0.2,2.5)",11008,0.4836,2.9292,2.0537,1.0253,93.3232,0.6680,1.2915,704033.0000,693025.0000,11008
openrainer,pinned,default,add_b_ok,"[2.5,10)",2739,0.3277,0.9139,4.8099,3.2108,27.9467,5.0328,6.4393,704033.0000,701294.0000,2739
openrainer,pinned,default,add_b_ok,"[10,50)",1040,0.4379,0.4635,8.7743,6.7862,-20.1685,17.3580,13.8572,704033.0000,702993.0000,1040
openrainer,pinned,default,add_b_ok,>=50,6,0.1473,0.2070,26.5780,23.8615,-42.1953,56.5500,32.6885,704033.0000,704027.0000,6
openrainer,pinned,default,add_p_idw,"[0.2,2.5)",11008,0.4782,2.9408,2.0666,1.0356,95.9768,0.6680,1.3092,704033.0000,693025.0000,11008
openrainer,pinned,default,add_p_idw,"[2.5,10)",2739,0.3410,0.9028,4.7874,3.2075,29.9756,5.0328,6.5414,704033.0000,701294.0000,2739
openrainer,pinned,default,add_p_idw,"[10,50)",1040,0.4452,0.4597,8.6015,6.5839,-18.5080,17.3580,14.1454,704033.0000,702993.0000,1040
openrainer,pinned,default,add_p_idw,>=50,6,0.1238,0.2122,26.5345,23.6658,-41.8493,56.5500,32.8842,704033.0000,704027.0000,6
openrainer,pinned,default,add_p_ok,"[0.2,2.5)",11008,0.4936,2.9593,2.0884,1.0465,100.7706,0.6680,1.3412,704033.0000,693025.0000,11008
openrainer,pinned,default,add_p_ok,"[2.5,10)",2739,0.3399,0.9100,4.8758,3.2405,33.2452,5.0328,6.7060,704033.0000,701294.0000,2739
openrainer,pinned,default,add_p_ok,"[10,50)",1040,0.4431,0.4601,8.5475,6.5167,-17.5513,17.3580,14.3114,704033.0000,702993.0000,1040
openrainer,pinned,default,add_p_ok,>=50,6,0.1329,0.2099,26.2682,23.4324,-41.4366,56.5500,33.1176,704033.0000,704027.0000,6
openrainer,pinned,default,ked_b,"[0.2,2.5)",11008,0.4670,1.9551,1.3197,0.5935,28.3566,0.6680,0.8575,704033.0000,693025.0000,11008
openrainer,pinned,default,ked_b,"[2.5,10)",2739,0.3218,0.7576,3.8541,2.3431,-11.1581,5.0328,4.4712,704033.0000,701294.0000,2739
openrainer,pinned,default,ked_b,"[10,50)",1040,0.3929,0.4373,10.4574,8.2238,-41.4359,17.3580,10.1656,704033.0000,702993.0000,1040
openrainer,pinned,default,ked_b,>=50,6,-0.0721,0.2716,34.8157,31.2446,-55.2512,56.5500,25.3054,704033.0000,704027.0000,6
openrainer,pinned,default,ked_p,"[0.2,2.5)",11008,0.4755,2.0044,1.3623,0.6167,37.5343,0.6680,0.9188,704033.0000,693025.0000,11008
openrainer,pinned,default,ked_p,"[2.5,10)",2739,0.3246,0.7728,3.9026,2.3457,-6.4099,5.0328,4.7102,704033.0000,701294.0000,2739
openrainer,pinned,default,ked_p,"[10,50)",1040,0.3870,0.4425,10.2490,7.9532,-39.0941,17.3580,10.5721,704033.0000,702993.0000,1040
openrainer,pinned,default,ked_p,>=50,6,-0.0935,0.2937,34.5402,30.5675,-53.5519,56.5500,26.2664,704033.0000,704027.0000,6
openrainer,pinned,default,mul_b_ok,"[0.2,2.5)",11008,0.4194,2.4252,1.6929,0.7862,73.5034,0.6680,1.1591,704033.0000,693025.0000,11008
openrainer,pinned,default,mul_b_ok,"[2.5,10)",2739,0.2614,1.0061,5.0641,2.7370,-1.7658,5.0328,4.9439,704033.0000,701294.0000,2739
openrainer,pinned,default,mul_b_ok,"[10,50)",1040,0.2532,0.5174,11.4405,8.9535,-40.8314,17.3580,10.2705,704033.0000,702993.0000,1040
openrainer,pinned,default,mul_b_ok,>=50,6,-0.3323,0.3088,33.0565,28.0680,-49.6339,56.5500,28.4820,704033.0000,704027.0000,6
openrainer,pinned,default,mul_p_idw,"[0.2,2.5)",11008,0.3976,2.7613,1.9309,0.8252,85.4053,0.6680,1.2386,704033.0000,693025.0000,11008
openrainer,pinned,default,mul_p_idw,"[2.5,10)",2739,0.2362,1.4551,7.3496,2.9137,12.3879,5.0328,5.6563,704033.0000,701294.0000,2739
openrainer,pinned,default,mul_p_idw,"[10,50)",1040,0.1737,0.7598,13.9480,8.9501,-26.1549,17.3580,12.8180,704033.0000,702993.0000,1040
openrainer,pinned,default,mul_p_idw,>=50,6,-0.2526,0.3361,32.6030,26.4898,-46.8432,56.5500,30.0602,704033.0000,704027.0000,6
openrainer,pinned,default,mul_p_ok,"[0.2,2.5)",11008,0.4440,2.6335,1.8814,0.8923,99.7931,0.6680,1.3347,704033.0000,693025.0000,11008
openrainer,pinned,default,mul_p_ok,"[2.5,10)",2739,0.2643,1.2020,6.1011,2.8922,15.7593,5.0328,5.8259,704033.0000,701294.0000,2739
openrainer,pinned,default,mul_p_ok,"[10,50)",1040,0.2316,0.5927,11.3707,8.0528,-27.8945,17.3580,12.5161,704033.0000,702993.0000,1040
openrainer,pinned,default,mul_p_ok,>=50,6,-0.4625,0.3242,31.0399,25.0462,-44.2903,56.5500,31.5038,704033.0000,704027.0000,6
openrainer,pinned,cc,radar,"[0.2,2.5)",11008,0.5878,3.8440,3.1801,2.0139,280.8032,0.6680,2.5439,704033.0000,693025.0000,11008
openrainer,pinned,cc,radar,"[2.5,10)",2739,0.3058,0.9968,6.5398,4.8436,83.3607,5.0328,9.2282,704033.0000,701294.0000,2739
openrainer,pinned,cc,radar,"[10,50)",1040,0.4127,0.4898,8.5465,6.4786,-5.0669,17.3580,16.4785,704033.0000,702993.0000,1040
openrainer,pinned,cc,radar,>=50,6,0.2043,0.2094,25.4528,22.5303,-39.8414,56.5500,34.0197,704033.0000,704027.0000,6
openrainer,pinned,cc,add_p_ok,"[0.2,2.5)",11008,0.5191,3.2469,2.3399,1.1907,131.3742,0.6680,1.5457,704033.0000,693025.0000,11008
openrainer,pinned,cc,add_p_ok,"[2.5,10)",2739,0.3285,0.9770,5.4929,3.6855,48.6420,5.0328,7.4809,704033.0000,701294.0000,2739
openrainer,pinned,cc,add_p_ok,"[10,50)",1040,0.4254,0.4787,8.5966,6.5237,-12.7051,17.3580,15.1527,704033.0000,702993.0000,1040
openrainer,pinned,cc,add_p_ok,>=50,6,0.1919,0.2167,26.5869,23.5943,-41.7229,56.5500,32.9557,704033.0000,704027.0000,6
openrainer,pinned,cc,ked_p,"[0.2,2.5)",11008,0.4807,2.1640,1.4755,0.6608,44.2281,0.6680,0.9635,704033.0000,693025.0000,11008
openrainer,pinned,cc,ked_p,"[2.5,10)",2739,0.2927,0.8821,4.4394,2.6391,0.7175,5.0328,5.0689,704033.0000,701294.0000,2739
openrainer,pinned,cc,ked_p,"[10,50)",1040,0.3531,0.4705,10.4773,8.0007,-37.8119,17.3580,10.7946,704033.0000,702993.0000,1040
openrainer,pinned,cc,ked_p,>=50,6,-0.3458,0.4053,37.6846,34.2280,-52.8947,56.5500,26.6381,704033.0000,704027.0000,6
openrainer,pinned,cc,mul_p_ok,"[0.2,2.5)",11008,0.4065,3.3483,2.4162,1.1040,136.7524,0.6680,1.5816,704033.0000,693025.0000,11008
openrainer,pinned,cc,mul_p_ok,"[2.5,10)",2739,0.2785,1.0214,5.2540,2.8599,21.5985,5.0328,6.1198,704033.0000,701294.0000,2739
openrainer,pinned,cc,mul_p_ok,"[10,50)",1040,0.2819,0.5750,10.8063,7.6831,-23.8677,17.3580,13.2151,704033.0000,702993.0000,1040
openrainer,pinned,cc,mul_p_ok,>=50,6,-0.5029,0.3199,30.2477,24.2409,-42.8663,56.5500,32.3091,704033.0000,704027.0000,6
openrainer,pinned,nc,radar,"[0.2,2.5)",11008,0.5878,3.8440,3.1801,2.0139,280.8032,0.6680,2.5439,704033.0000,693025.0000,11008
openrainer,pinned,nc,radar,"[2.5,10)",2739,0.3058,0.9968,6.5398,4.8436,83.3607,5.0328,9.2282,704033.0000,701294.0000,2739
openrainer,pinned,nc,radar,"[10,50)",1040,0.4127,0.4898,8.5465,6.4786,-5.0669,17.3580,16.4785,704033.0000,702993.0000,1040
openrainer,pinned,nc,radar,>=50,6,0.2043,0.2094,25.4528,22.5303,-39.8414,56.5500,34.0197,704033.0000,704027.0000,6
openrainer,pinned,nc,add_p_ok,"[0.2,2.5)",11008,0.3647,4.2944,2.9677,1.1464,113.7102,0.6680,1.4277,704033.0000,693025.0000,11008
openrainer,pinned,nc,add_p_ok,"[2.5,10)",2739,0.2822,1.1871,6.2918,3.6423,39.2060,5.0328,7.0060,704033.0000,701294.0000,2739
openrainer,pinned,nc,add_p_ok,"[10,50)",1040,0.3634,0.5361,9.6238,6.7239,-14.1565,17.3580,14.9007,704033.0000,702993.0000,1040
openrainer,pinned,nc,add_p_ok,>=50,6,0.0849,0.1878,23.5516,21.0203,-37.1711,56.5500,35.5297,704033.0000,704027.0000,6
openrainer,pinned,nc,ked_p,"[0.2,2.5)",11008,0.2344,4.9936,3.3637,0.7944,64.5422,0.6680,1.0992,704033.0000,693025.0000,11008
openrainer,pinned,nc,ked_p,"[2.5,10)",2739,0.2007,1.6582,8.3579,3.0774,9.0015,5.0328,5.4858,704033.0000,701294.0000,2739
openrainer,pinned,nc,ked_p,"[10,50)",1040,0.1847,0.7848,14.4073,8.9497,-27.0324,17.3580,12.6657,704033.0000,702993.0000,1040
openrainer,pinned,nc,ked_p,>=50,6,-0.3197,0.3820,32.6247,24.7323,-43.2333,56.5500,32.1016,704033.0000,704027.0000,6
openrainer,pinned,nc,mul_p_ok,"[0.2,2.5)",11008,0.0996,18.1094,12.1457,1.3957,161.2503,0.6680,1.7453,704033.0000,693025.0000,11008
openrainer,pinned,nc,mul_p_ok,"[2.5,10)",2739,0.0553,6.6628,33.5798,4.4878,35.3581,5.0328,6.8123,704033.0000,701294.0000,2739
openrainer,pinned,nc,mul_p_ok,"[10,50)",1040,0.0988,0.8999,16.3771,9.5649,-28.3380,17.3580,12.4391,704033.0000,702993.0000,1040
openrainer,pinned,nc,mul_p_ok,>=50,6,-0.3057,0.3300,35.1044,29.7349,-52.5817,56.5500,26.8151,704033.0000,704027.0000,6
openrainer,main,default,radar,"[0.2,2.5)",11008,0.5878,3.8440,3.1801,2.0139,280.8032,0.6680,2.5439,704033.0000,693025.0000,11008
openrainer,main,default,radar,"[2.5,10)",2739,0.3058,0.9968,6.5398,4.8436,83.3607,5.0328,9.2282,704033.0000,701294.0000,2739
openrainer,main,default,radar,"[10,50)",1040,0.4127,0.4898,8.5465,6.4786,-5.0669,17.3580,16.4785,704033.0000,702993.0000,1040
openrainer,main,default,radar,>=50,6,0.2043,0.2094,25.4528,22.5303,-39.8414,56.5500,34.0197,704033.0000,704027.0000,6
openrainer,main,default,add_b_ok,"[0.2,2.5)",11008,0.4918,2.9409,2.0728,1.0372,98.9355,0.6680,1.3290,704033.0000,693025.0000,11008
openrainer,main,default,add_b_ok,"[2.5,10)",2739,0.3375,0.9083,4.8466,3.2198,32.0090,5.0328,6.6438,704033.0000,701294.0000,2739
openrainer,main,default,add_b_ok,"[10,50)",1040,0.4432,0.4596,8.5759,6.5530,-18.1254,17.3580,14.2118,704033.0000,702993.0000,1040
openrainer,main,default,add_b_ok,>=50,6,0.1260,0.2116,26.3210,23.4446,-41.4581,56.5500,33.1054,704033.0000,704027.0000,6
openrainer,main,default,add_p_idw,"[0.2,2.5)",11008,0.4898,2.9608,2.0857,1.0422,99.0513,0.6680,1.3297,704033.0000,693025.0000,11008
openrainer,main,default,add_p_idw,"[2.5,10)",2739,0.3420,0.9103,4.8671,3.2374,32.6382,5.0328,6.6754,704033.0000,701294.0000,2739
openrainer,main,default,add_p_idw,"[10,50)",1040,0.4407,0.4624,8.5867,6.5554,-17.5809,17.3580,14.3063,704033.0000,702993.0000,1040
openrainer,main,default,add_p_idw,>=50,6,0.1339,0.2120,26.5949,23.7393,-41.9794,56.5500,32.8107,704033.0000,704027.0000,6
openrainer,main,default,add_p_ok,"[0.2,2.5)",11008,0.4936,2.9593,2.0884,1.0465,100.7706,0.6680,1.3412,704033.0000,693025.0000,11008
openrainer,main,default,add_p_ok,"[2.5,10)",2739,0.3399,0.9100,4.8758,3.2405,33.2452,5.0328,6.7060,704033.0000,701294.0000,2739
openrainer,main,default,add_p_ok,"[10,50)",1040,0.4431,0.4601,8.5475,6.5167,-17.5513,17.3580,14.3114,704033.0000,702993.0000,1040
openrainer,main,default,add_p_ok,>=50,6,0.1329,0.2099,26.2682,23.4324,-41.4366,56.5500,33.1176,704033.0000,704027.0000,6
openrainer,main,default,ked_b,"[0.2,2.5)",11008,0.4757,1.9872,1.3496,0.6108,36.3677,0.6680,0.9110,704033.0000,693025.0000,11008
openrainer,main,default,ked_b,"[2.5,10)",2739,0.3249,0.7660,3.8725,2.3319,-7.2854,5.0328,4.6662,704033.0000,701294.0000,2739
openrainer,main,default,ked_b,"[10,50)",1040,0.3901,0.4400,10.2707,7.9893,-39.5572,17.3580,10.4917,704033.0000,702993.0000,1040
openrainer,main,default,ked_b,>=50,6,-0.0848,0.2781,34.6090,30.8281,-54.5148,56.5500,25.7219,704033.0000,704027.0000,6
openrainer,main,default,ked_p,"[0.2,2.5)",11008,0.4755,2.0044,1.3623,0.6167,37.5343,0.6680,0.9188,704033.0000,693025.0000,11008
openrainer,main,default,ked_p,"[2.5,10)",2739,0.3246,0.7728,3.9026,2.3457,-6.4099,5.0328,4.7102,704033.0000,701294.0000,2739
openrainer,main,default,ked_p,"[10,50)",1040,0.3870,0.4425,10.2490,7.9532,-39.0941,17.3580,10.5721,704033.0000,702993.0000,1040
openrainer,main,default,ked_p,>=50,6,-0.0935,0.2937,34.5402,30.5675,-53.5519,56.5500,26.2664,704033.0000,704027.0000,6
openrainer,main,default,mul_b_ok,"[0.2,2.5)",11008,0.4424,2.5701,1.8298,0.8660,94.7064,0.6680,1.3007,704033.0000,693025.0000,11008
openrainer,main,default,mul_b_ok,"[2.5,10)",2739,0.2667,1.1611,5.8804,2.8287,13.0261,5.0328,5.6884,704033.0000,701294.0000,2739
openrainer,main,default,mul_b_ok,"[10,50)",1040,0.2376,0.5769,11.2573,8.0865,-29.6236,17.3580,12.2160,704033.0000,702993.0000,1040
openrainer,main,default,mul_b_ok,>=50,6,-0.4207,0.3343,31.1273,24.7275,-43.7267,56.5500,31.8225,704033.0000,704027.0000,6
openrainer,main,default,mul_p_idw,"[0.2,2.5)",11008,0.4515,2.5117,1.7860,0.8447,91.6160,0.6680,1.2801,704033.0000,693025.0000,11008
openrainer,main,default,mul_p_idw,"[2.5,10)",2739,0.2674,1.1937,6.0465,2.7950,13.5642,5.0328,5.7155,704033.0000,701294.0000,2739
openrainer,main,default,mul_p_idw,"[10,50)",1040,0.2319,0.6038,11.5270,8.2693,-27.6466,17.3580,12.5591,704033.0000,702993.0000,1040
openrainer,main,default,mul_p_idw,>=50,6,-0.3552,0.2939,32.3921,27.8048,-49.1685,56.5500,28.7452,704033.0000,704027.0000,6
openrainer,main,default,mul_p_ok,"[0.2,2.5)",11008,0.4440,2.6335,1.8814,0.8923,99.7931,0.6680,1.3347,704033.0000,693025.0000,11008
openrainer,main,default,mul_p_ok,"[2.5,10)",2739,0.2643,1.2020,6.1011,2.8922,15.7593,5.0328,5.8259,704033.0000,701294.0000,2739
openrainer,main,default,mul_p_ok,"[10,50)",1040,0.2316,0.5927,11.3707,8.0528,-27.8945,17.3580,12.5161,704033.0000,702993.0000,1040
openrainer,main,default,mul_p_ok,>=50,6,-0.4625,0.3242,31.0399,25.0462,-44.2903,56.5500,31.5038,704033.0000,704027.0000,6
openrainer,main,cc,radar,"[0.2,2.5)",11008,0.5878,3.8440,3.1801,2.0139,280.8032,0.6680,2.5439,704033.0000,693025.0000,11008
openrainer,main,cc,radar,"[2.5,10)",2739,0.3058,0.9968,6.5398,4.8436,83.3607,5.0328,9.2282,704033.0000,701294.0000,2739
openrainer,main,cc,radar,"[10,50)",1040,0.4127,0.4898,8.5465,6.4786,-5.0669,17.3580,16.4785,704033.0000,702993.0000,1040
openrainer,main,cc,radar,>=50,6,0.2043,0.2094,25.4528,22.5303,-39.8414,56.5500,34.0197,704033.0000,704027.0000,6
openrainer,main,cc,add_b_ok,"[0.2,2.5)",11008,0.5168,3.2335,2.3264,1.1808,129.2890,0.6680,1.5317,704033.0000,693025.0000,11008
openrainer,main,cc,add_b_ok,"[2.5,10)",2739,0.3274,0.9762,5.4712,3.6686,47.8353,5.0328,7.4403,704033.0000,701294.0000,2739
openrainer,main,cc,add_b_ok,"[10,50)",1040,0.4260,0.4786,8.6091,6.5399,-13.0027,17.3580,15.1010,704033.0000,702993.0000,1040
openrainer,main,cc,add_b_ok,>=50,6,0.1905,0.2175,26.5700,23.5507,-41.6458,56.5500,32.9993,704033.0000,704027.0000,6
openrainer,main,cc,add_p_idw,"[0.2,2.5)",11008,0.5186,3.2518,2.3436,1.1938,131.6471,0.6680,1.5475,704033.0000,693025.0000,11008
openrainer,main,cc,add_p_idw,"[2.5,10)",2739,0.3305,0.9777,5.4942,3.6901,48.5684,5.0328,7.4772,704033.0000,701294.0000,2739
openrainer,main,cc,add_p_idw,"[10,50)",1040,0.4233,0.4794,8.5969,6.5017,-12.4505,17.3580,15.1968,704033.0000,702993.0000,1040
openrainer,main,cc,add_p_idw,>=50,6,0.2062,0.2165,27.0338,24.1021,-42.6209,56.5500,32.4479,704033.0000,704027.0000,6
openrainer,main,cc,add_p_ok,"[0.2,2.5)",11008,0.5191,3.2469,2.3399,1.1907,131.3742,0.6680,1.5457,704033.0000,693025.0000,11008
openrainer,main,cc,add_p_ok,"[2.5,10)",2739,0.3285,0.9770,5.4929,3.6855,48.6420,5.0328,7.4809,704033.0000,701294.0000,2739
openrainer,main,cc,add_p_ok,"[10,50)",1040,0.4254,0.4787,8.5966,6.5237,-12.7051,17.3580,15.1527,704033.0000,702993.0000,1040
openrainer,main,cc,add_p_ok,>=50,6,0.1919,0.2167,26.5869,23.5943,-41.7229,56.5500,32.9557,704033.0000,704027.0000,6
openrainer,main,cc,ked_b,"[0.2,2.5)",11008,0.4803,2.1513,1.4658,0.6556,43.1114,0.6680,0.9560,704033.0000,693025.0000,11008
openrainer,main,cc,ked_b,"[2.5,10)",2739,0.2919,0.8787,4.4225,2.6234,-0.0036,5.0328,5.0326,704033.0000,701294.0000,2739
openrainer,main,cc,ked_b,"[10,50)",1040,0.3553,0.4693,10.4964,8.0287,-38.1297,17.3580,10.7394,704033.0000,702993.0000,1040
openrainer,main,cc,ked_b,>=50,6,-0.3412,0.4069,37.8110,34.3725,-53.0563,56.5500,26.5467,704033.0000,704027.0000,6
openrainer,main,cc,ked_p,"[0.2,2.5)",11008,0.4807,2.1640,1.4755,0.6608,44.2281,0.6680,0.9635,704033.0000,693025.0000,11008
openrainer,main,cc,ked_p,"[2.5,10)",2739,0.2927,0.8821,4.4394,2.6391,0.7175,5.0328,5.0689,704033.0000,701294.0000,2739
openrainer,main,cc,ked_p,"[10,50)",1040,0.3531,0.4705,10.4773,8.0007,-37.8119,17.3580,10.7946,704033.0000,702993.0000,1040
openrainer,main,cc,ked_p,>=50,6,-0.3458,0.4053,37.6846,34.2280,-52.8947,56.5500,26.6381,704033.0000,704027.0000,6
openrainer,main,cc,mul_b_ok,"[0.2,2.5)",11008,0.4025,3.3166,2.3856,1.0793,132.3947,0.6680,1.5525,704033.0000,693025.0000,11008
openrainer,main,cc,mul_b_ok,"[2.5,10)",2739,0.2756,1.0075,5.1628,2.8104,19.2967,5.0328,6.0040,704033.0000,701294.0000,2739
openrainer,main,cc,mul_b_ok,"[10,50)",1040,0.2811,0.5699,10.8220,7.7613,-25.2878,17.3580,12.9685,704033.0000,702993.0000,1040
openrainer,main,cc,mul_b_ok,>=50,6,-0.4548,0.3293,30.3495,23.9658,-42.3798,56.5500,32.5842,704033.0000,704027.0000,6
openrainer,main,cc,mul_p_idw,"[0.2,2.5)",11008,0.3967,3.3219,2.3804,1.0569,128.8896,0.6680,1.5291,704033.0000,693025.0000,11008
openrainer,main,cc,mul_p_idw,"[2.5,10)",2739,0.2944,0.9760,4.9958,2.7287,18.1179,5.0328,5.9447,704033.0000,701294.0000,2739
openrainer,main,cc,mul_p_idw,"[10,50)",1040,0.2619,0.6170,11.4454,7.9943,-23.2609,17.3580,13.3204,704033.0000,702993.0000,1040
openrainer,main,cc,mul_p_idw,>=50,6,-0.3971,0.2896,31.7299,27.1765,-48.0575,56.5500,29.3735,704033.0000,704027.0000,6
openrainer,main,cc,mul_p_ok,"[0.2,2.5)",11008,0.4065,3.3483,2.4162,1.1040,136.7524,0.6680,1.5816,704033.0000,693025.0000,11008
openrainer,main,cc,mul_p_ok,"[2.5,10)",2739,0.2785,1.0214,5.2540,2.8599,21.5985,5.0328,6.1198,704033.0000,701294.0000,2739
openrainer,main,cc,mul_p_ok,"[10,50)",1040,0.2819,0.5750,10.8063,7.6831,-23.8677,17.3580,13.2151,704033.0000,702993.0000,1040
openrainer,main,cc,mul_p_ok,>=50,6,-0.5029,0.3199,30.2477,24.2409,-42.8663,56.5500,32.3091,704033.0000,704027.0000,6
openrainer,main,nc,radar,"[0.2,2.5)",11008,0.5878,3.8440,3.1801,2.0139,280.8032,0.6680,2.5439,704033.0000,693025.0000,11008
openrainer,main,nc,radar,"[2.5,10)",2739,0.3058,0.9968,6.5398,4.8436,83.3607,5.0328,9.2282,704033.0000,701294.0000,2739
openrainer,main,nc,radar,"[10,50)",1040,0.4127,0.4898,8.5465,6.4786,-5.0669,17.3580,16.4785,704033.0000,702993.0000,1040
openrainer,main,nc,radar,>=50,6,0.2043,0.2094,25.4528,22.5303,-39.8414,56.5500,34.0197,704033.0000,704027.0000,6
openrainer,main,nc,add_b_ok,"[0.2,2.5)",11008,0.3721,4.1181,2.8470,1.1232,109.6853,0.6680,1.4008,704033.0000,693025.0000,11008
openrainer,main,nc,add_b_ok,"[2.5,10)",2739,0.2871,1.1519,6.0843,3.5767,36.6948,5.0328,6.8796,704033.0000,701294.0000,2739
openrainer,main,nc,add_b_ok,"[10,50)",1040,0.3675,0.5288,9.5559,6.7547,-15.3148,17.3580,14.6997,704033.0000,702993.0000,1040
openrainer,main,nc,add_b_ok,>=50,6,0.0817,0.1892,23.6003,21.0346,-37.1965,56.5500,35.5154,704033.0000,704027.0000,6
openrainer,main,nc,add_p_idw,"[0.2,2.5)",11008,0.3586,4.2788,2.9469,1.1108,107.3123,0.6680,1.3849,704033.0000,693025.0000,11008
openrainer,main,nc,add_p_idw,"[2.5,10)",2739,0.2827,1.1565,6.0898,3.5114,35.6057,5.0328,6.8248,704033.0000,701294.0000,2739
openrainer,main,nc,add_p_idw,"[10,50)",1040,0.3692,0.5420,9.7536,6.8280,-14.8347,17.3580,14.7830,704033.0000,702993.0000,1040
openrainer,main,nc,add_p_idw,>=50,6,0.1844,0.1788,24.4353,22.2462,-39.3390,56.5500,34.3038,704033.0000,704027.0000,6
openrainer,main,nc,add_p_ok,"[0.2,2.5)",11008,0.3647,4.2944,2.9677,1.1464,113.7102,0.6680,1.4277,704033.0000,693025.0000,11008
openrainer,main,nc,add_p_ok,"[2.5,10)",2739,0.2822,1.1871,6.2918,3.6423,39.2060,5.0328,7.0060,704033.0000,701294.0000,2739
openrainer,main,nc,add_p_ok,"[10,50)",1040,0.3634,0.5361,9.6238,6.7239,-14.1565,17.3580,14.9007,704033.0000,702993.0000,1040
openrainer,main,nc,add_p_ok,>=50,6,0.0849,0.1878,23.5516,21.0203,-37.1711,56.5500,35.5297,704033.0000,704027.0000,6
openrainer,main,nc,ked_b,"[0.2,2.5)",11008,0.2469,4.6260,3.1167,0.7704,60.5253,0.6680,1.0724,704033.0000,693025.0000,11008
openrainer,main,nc,ked_b,"[2.5,10)",2739,0.2041,1.5922,8.0202,2.9942,6.5894,5.0328,5.3644,704033.0000,701294.0000,2739
openrainer,main,nc,ked_b,"[10,50)",1040,0.1926,0.7557,14.0312,8.8843,-28.6913,17.3580,12.3778,704033.0000,702993.0000,1040
openrainer,main,nc,ked_b,>=50,6,-0.3089,0.3679,32.4941,24.9584,-44.1352,56.5500,31.5916,704033.0000,704027.0000,6
openrainer,main,nc,ked_p,"[0.2,2.5)",11008,0.2344,4.9936,3.3637,0.7944,64.5422,0.6680,1.0992,704033.0000,693025.0000,11008
openrainer,main,nc,ked_p,"[2.5,10)",2739,0.2007,1.6582,8.3579,3.0774,9.0015,5.0328,5.4858,704033.0000,701294.0000,2739
openrainer,main,nc,ked_p,"[10,50)",1040,0.1847,0.7848,14.4073,8.9497,-27.0324,17.3580,12.6657,704033.0000,702993.0000,1040
openrainer,main,nc,ked_p,>=50,6,-0.3197,0.3820,32.6247,24.7323,-43.2333,56.5500,32.1016,704033.0000,704027.0000,6
openrainer,main,nc,mul_b_ok,"[0.2,2.5)",11008,0.0989,17.8682,11.9813,1.3608,154.4844,0.6680,1.7001,704033.0000,693025.0000,11008
openrainer,main,nc,mul_b_ok,"[2.5,10)",2739,0.0552,6.6273,33.3941,4.4110,32.4525,5.0328,6.6661,704033.0000,701294.0000,2739
openrainer,main,nc,mul_b_ok,"[10,50)",1040,0.0998,0.8929,16.3361,9.5733,-29.7340,17.3580,12.1968,704033.0000,702993.0000,1040
openrainer,main,nc,mul_b_ok,>=50,6,-0.2809,0.3448,34.8858,28.9286,-51.1557,56.5500,27.6214,704033.0000,704027.0000,6
openrainer,main,nc,mul_p_idw,"[0.2,2.5)",11008,0.0935,16.8283,11.2859,1.3118,148.8648,0.6680,1.6625,704033.0000,693025.0000,11008
openrainer,main,nc,mul_p_idw,"[2.5,10)",2739,0.0629,4.7197,23.8044,4.2354,30.9945,5.0328,6.5927,704033.0000,701294.0000,2739
openrainer,main,nc,mul_p_idw,"[10,50)",1040,0.1352,2.3060,40.1815,10.7353,-20.2101,17.3580,13.8499,704033.0000,702993.0000,1040
openrainer,main,nc,mul_p_idw,>=50,6,-0.2076,0.2825,35.9775,32.2372,-57.0065,56.5500,24.3128,704033.0000,704027.0000,6
openrainer,main,nc,mul_p_ok,"[0.2,2.5)",11008,0.0996,18.1094,12.1457,1.3957,161.2503,0.6680,1.7453,704033.0000,693025.0000,11008
openrainer,main,nc,mul_p_ok,"[2.5,10)",2739,0.0553,6.6628,33.5798,4.4878,35.3581,5.0328,6.8123,704033.0000,701294.0000,2739
openrainer,main,nc,mul_p_ok,"[10,50)",1040,0.0988,0.8999,16.3771,9.5649,-28.3380,17.3580,12.4391,704033.0000,702993.0000,1040
openrainer,main,nc,mul_p_ok,>=50,6,-0.3057,0.3300,35.1044,29.7349,-52.5817,56.5500,26.8151,704033.0000,704027.0000,6
openrainer,main,mapping,idw_map,"[0.2,2.5)",11008,0.1702,5.3876,3.6287,0.9181,67.1283,0.6684,1.1170,704033.0000,693112.0000,10921
openrainer,main,mapping,idw_map,"[2.5,10)",2739,0.1387,1.3618,6.9297,3.3310,-20.6484,5.0313,3.9924,704033.0000,701302.0000,2731
openrainer,main,mapping,idw_map,"[10,50)",1040,0.1131,0.6842,14.8111,11.2431,-50.8986,17.3690,8.5284,704033.0000,702999.0000,1034
openrainer,main,mapping,idw_map,>=50,6,-0.2075,0.3135,46.8695,43.3883,-76.7256,56.5500,13.1617,704033.0000,704027.0000,6
openrainer,main,mapping,okb_map,"[0.2,2.5)",11008,0.2194,3.9329,2.6611,0.8638,62.0350,0.6684,1.0830,704033.0000,693112.0000,10921
openrainer,main,mapping,okb_map,"[2.5,10)",2739,0.1586,0.9943,5.1566,3.1159,-24.8531,5.0313,3.7808,704033.0000,701302.0000,2731
openrainer,main,mapping,okb_map,"[10,50)",1040,0.1234,0.5547,13.8923,11.2631,-57.6221,17.3690,7.3606,704033.0000,702999.0000,1034
openrainer,main,mapping,okb_map,>=50,6,-0.2132,0.2707,48.0893,45.5885,-80.6163,56.5500,10.9615,704033.0000,704027.0000,6
openrainer,main,mapping,okp_map,"[0.2,2.5)",11008,0.2121,4.1530,2.8109,0.8907,66.3787,0.6684,1.1120,704033.0000,693112.0000,10921
openrainer,main,mapping,okp_map,"[2.5,10)",2739,0.1518,1.0423,5.3735,3.1704,-23.3048,5.0313,3.8587,704033.0000,701302.0000,2731
openrainer,main,mapping,okp_map,"[10,50)",1040,0.1156,0.5649,13.9646,11.2883,-57.2140,17.3690,7.4315,704033.0000,702999.0000,1034
openrainer,main,mapping,okp_map,>=50,6,-0.2158,0.2727,48.2733,45.7429,-80.8894,56.5500,10.8071,704033.0000,704027.0000,6
openrainer,main,mapping,radolan,"[0.2,2.5)",11008,0.4608,2.7500,1.9570,0.9506,100.9798,0.6680,1.3426,704033.0000,693025.0000,11008
openrainer,main,mapping,radolan,"[2.5,10)",2739,0.3345,0.8846,4.5709,2.8666,20.5597,5.0328,6.0675,704033.0000,701294.0000,2739
openrainer,main,mapping,radolan,"[10,50)",1040,0.3413,0.5239,9.9123,7.1924,-22.7287,17.3580,13.4128,704033.0000,702993.0000,1040
openrainer,main,mapping,radolan,>=50,6,-0.1957,0.2774,26.8710,21.8167,-38.5794,56.5500,34.7333,704033.0000,704027.0000,6
openrainer,main,vg5km,add_b_ok,"[0.2,2.5)",11008,0.4947,3.0723,2.1753,1.0998,107.9016,0.6680,1.3889,704033.0000,693025.0000,11008
openrainer,main,vg5km,add_b_ok,"[2.5,10)",2739,0.3277,0.9413,5.0686,3.3813,35.8155,5.0328,6.8353,704033.0000,701294.0000,2739
openrainer,main,vg5km,add_b_ok,"[10,50)",1040,0.4330,0.4699,8.6899,6.6813,-17.2611,17.3580,14.3618,704033.0000,702993.0000,1040
openrainer,main,vg5km,add_b_ok,>=50,6,0.2010,0.2060,26.3540,23.6403,-41.8043,56.5500,32.9097,704033.0000,704027.0000,6
openrainer,main,vgfit,add_b_ok,"[0.2,2.5)",11008,0.4949,2.9593,2.0886,1.0485,100.8470,0.6680,1.3417,704033.0000,693025.0000,11008
openrainer,main,vgfit,add_b_ok,"[2.5,10)",2739,0.3389,0.9102,4.8824,3.2475,33.5642,5.0328,6.7220,704033.0000,701294.0000,2739
openrainer,main,vgfit,add_b_ok,"[10,50)",1040,0.4445,0.4594,8.5344,6.4998,-17.5108,17.3580,14.3185,704033.0000,702993.0000,1040
openrainer,main,vgfit,add_b_ok,>=50,6,0.1388,0.2093,26.1178,23.2822,-41.1710,56.5500,33.2678,704033.0000,704027.0000,6
openrainer,main,c0within,add_b_ok,"[0.2,2.5)",11008,0.4949,2.9616,2.0913,1.0490,101.4515,0.6680,1.3458,704033.0000,693025.0000,11008
openrainer,main,c0within,add_b_ok,"[2.5,10)",2739,0.3392,0.9118,4.8914,3.2512,33.6404,5.0328,6.7259,704033.0000,701294.0000,2739
openrainer,main,c0within,add_b_ok,"[10,50)",1040,0.4433,0.4600,8.5370,6.5045,-17.4084,17.3580,14.3363,704033.0000,702993.0000,1040
openrainer,main,c0within,add_b_ok,>=50,6,0.1336,0.2103,26.2542,23.4063,-41.3905,56.5500,33.1437,704033.0000,704027.0000,6
