ptype,link_set,method,near,events,coverage,n,mean_ref,mean_est,bias,rel_bias,mae,rmse,nrmse,corr,pod,far,csi
mix,qc,impl1_dynamic,False,3,1.0,25320,0.8376,3.3081,2.4705,2.9496,2.5818,3.7079,4.4271,0.4649,0.9734,0.2669,0.7187
mix,qc,impl1_dynamic,True,3,1.0,8274,0.8138,3.3383,2.5244,3.102,2.5708,3.9244,4.8222,0.4667,0.9935,0.2699,0.7266
mix,qc,impl2_classical_constant,False,3,1.0,25320,0.8376,1.3672,0.5297,0.6324,1.1996,2.6433,3.1559,0.4644,0.5792,0.1265,0.5344
mix,qc,impl2_classical_constant,True,3,1.0,8274,0.8138,1.3781,0.5643,0.6934,1.1909,3.1381,3.8561,0.4403,0.5801,0.1063,0.5427
mix,qc,impl2_classical_dynamic,False,3,1.0,25320,0.8376,3.5484,2.7108,3.2366,2.808,4.2008,5.0155,0.4774,0.978,0.2666,0.7215
mix,qc,impl2_classical_dynamic,True,3,1.0,8274,0.8138,3.6294,2.8156,3.4598,2.8577,4.677,5.747,0.4634,0.9935,0.2702,0.7264
mix,qc,impl2_nearby,False,3,0.9787,25320,0.8376,1.881,1.0435,1.2458,1.5192,3.111,3.7143,0.4099,0.7312,0.2172,0.6079
mix,qc,impl2_nearby,True,3,0.9787,8274,0.8138,1.737,0.9232,1.1344,1.375,2.8663,3.522,0.3962,0.7409,0.2229,0.611
mix,qc,impl2_pycomlink,False,3,1.0,25320,0.8376,1.5507,0.7132,0.8515,1.2382,2.7258,3.2544,0.4954,0.6597,0.0963,0.6164
mix,qc,impl2_pycomlink,True,3,1.0,8274,0.8138,1.6531,0.8393,1.0313,1.3182,3.3678,4.1383,0.4526,0.6717,0.1107,0.6199
mix,selected,impl1_dynamic,False,3,1.0,20075,0.8619,1.6591,0.7972,0.925,1.304,2.4016,2.7864,0.4699,0.7582,0.2253,0.6212
mix,selected,impl1_dynamic,True,3,1.0,4565,0.8212,1.6147,0.7935,0.9663,1.2342,2.2424,2.7307,0.5009,0.7627,0.2369,0.6167
mix,selected,impl2_classical_constant,False,3,1.0,20075,0.8619,1.7764,0.9145,1.061,1.5215,2.9057,3.3712,0.5188,0.5537,0.0409,0.541
mix,selected,impl2_classical_constant,True,3,1.0,4565,0.8212,1.7404,0.9193,1.1194,1.4416,2.8108,3.4229,0.5382,0.5756,0.0411,0.5617
mix,selected,impl2_classical_dynamic,False,3,1.0,20075,0.8619,2.2738,1.4119,1.6381,1.7707,3.3002,3.829,0.566,0.8129,0.2143,0.6654
mix,selected,impl2_classical_dynamic,True,3,1.0,4565,0.8212,2.2116,1.3904,1.6931,1.698,3.1497,3.8355,0.5803,0.8078,0.2298,0.651
mix,selected,impl2_nearby,False,3,0.9821,20075,0.8619,1.0805,0.2186,0.2536,0.938,1.5272,1.7719,0.3701,0.6362,0.1636,0.5658
mix,selected,impl2_nearby,True,3,0.9821,4565,0.8212,1.1174,0.2963,0.3608,0.9215,1.552,1.89,0.3786,0.6617,0.1787,0.5785
mix,selected,impl2_pycomlink,False,3,1.0,20075,0.8619,2.1437,1.2818,1.4871,1.7145,3.1317,3.6335,0.5079,0.7115,0.0622,0.6795
mix,selected,impl2_pycomlink,True,3,1.0,4565,0.8212,2.1161,1.2949,1.5769,1.6588,3.0923,3.7657,0.51,0.7157,0.0776,0.675
mix,shared8,impl1_dynamic,False,3,1.0,20369,0.855,1.5834,0.7284,0.852,1.2492,2.3048,2.6958,0.4813,0.742,0.218,0.6148
mix,shared8,impl1_dynamic,True,3,1.0,4648,0.8135,1.5211,0.7076,0.8698,1.1653,2.1164,2.6015,0.5146,0.7435,0.2282,0.6095
mix,shared8,impl2_classical_constant,False,3,1.0,20369,0.855,1.7267,0.8718,1.0197,1.4923,2.8527,3.3366,0.5254,0.5401,0.0349,0.5297
mix,shared8,impl2_classical_constant,True,3,1.0,4648,0.8135,1.6714,0.8578,1.0545,1.3982,2.7252,3.3499,0.5451,0.5595,0.0374,0.5476
mix,shared8,impl2_classical_dynamic,False,3,1.0,20369,0.855,2.2074,1.3525,1.5819,1.7206,3.2411,3.7909,0.5789,0.7942,0.208,0.6571
mix,shared8,impl2_classical_dynamic,True,3,1.0,4648,0.8135,2.1316,1.3181,1.6202,1.6388,3.0793,3.7852,0.5943,0.7825,0.2236,0.6386
mix,shared8,impl2_nearby,False,3,0.9965,20369,0.855,1.0659,0.2109,0.2467,0.9369,1.5256,1.7844,0.3794,0.6232,0.155,0.5593
mix,shared8,impl2_nearby,True,3,0.9965,4648,0.8135,1.0933,0.2798,0.3439,0.9135,1.5422,1.8957,0.3879,0.6447,0.168,0.5705
mix,shared8,impl2_pycomlink,False,3,1.0,20369,0.855,2.0805,1.2255,1.4334,1.6721,3.0715,3.5925,0.514,0.6943,0.061,0.6643
mix,shared8,impl2_pycomlink,True,3,1.0,4648,0.8135,2.0307,1.2172,1.4963,1.5999,2.9946,3.6811,0.5169,0.6917,0.075,0.655
rain,qc,impl1_dynamic,False,5,1.0,44638,3.0084,4.2579,1.2495,0.4153,2.1999,2.9603,0.984,0.6528,0.9932,0.1094,0.8852
rain,qc,impl1_dynamic,True,5,1.0,14065,2.9671,4.029,1.0619,0.3579,2.0574,2.969,1.0007,0.6305,0.9968,0.1058,0.8916
rain,qc,impl2_classical_constant,False,5,1.0,44638,3.0084,2.5891,-0.4193,-0.1394,1.9792,2.8951,0.9624,0.6695,0.7902,0.0356,0.7678
rain,qc,impl2_classical_constant,True,5,1.0,14065,2.9671,2.0145,-0.9525,-0.321,1.9388,2.7915,0.9408,0.6556,0.7504,0.0203,0.7389
rain,qc,impl2_classical_dynamic,False,5,1.0,44638,3.0084,4.3679,1.3595,0.4519,2.2423,3.0487,1.0134,0.661,0.9932,0.1094,0.8852
rain,qc,impl2_classical_dynamic,True,5,1.0,14065,2.9671,4.1524,1.1853,0.3995,2.1076,3.0877,1.0407,0.6361,0.9968,0.1058,0.8916
rain,qc,impl2_nearby,False,5,0.9752,44638,3.0084,1.9099,-1.0985,-0.3651,1.8723,2.9288,0.9735,0.5165,0.8905,0.0512,0.8497
rain,qc,impl2_nearby,True,5,0.9752,14065,2.9671,1.7947,-1.1724,-0.3951,1.6958,2.7019,0.9106,0.5951,0.8805,0.0387,0.8504
rain,qc,impl2_pycomlink,False,5,1.0,44638,3.0084,2.6067,-0.4016,-0.1335,1.6849,2.4837,0.8256,0.7081,0.8853,0.0668,0.8326
rain,qc,impl2_pycomlink,True,5,1.0,14065,2.9671,2.1454,-0.8217,-0.2769,1.6843,2.474,0.8338,0.6948,0.8508,0.0513,0.8133
rain,selected,impl1_dynamic,False,5,1.0,36500,2.9625,2.5708,-0.3917,-0.1322,1.0926,1.7906,0.6044,0.8173,0.9629,0.055,0.9118
rain,selected,impl1_dynamic,True,5,1.0,8300,2.9271,2.5587,-0.3684,-0.1259,1.0523,1.7027,0.5817,0.8334,0.955,0.0468,0.9123
rain,selected,impl2_classical_constant,False,5,1.0,36500,2.9625,1.8873,-1.0752,-0.363,1.2484,2.0822,0.7029,0.8089,0.7364,0.0236,0.7235
rain,selected,impl2_classical_constant,True,5,1.0,8300,2.9271,1.8511,-1.076,-0.3676,1.2052,2.1122,0.7216,0.7966,0.7322,0.0177,0.7226
rain,selected,impl2_classical_dynamic,False,5,1.0,36500,2.9625,2.6923,-0.2702,-0.0912,1.0926,1.7839,0.6022,0.8149,0.965,0.0562,0.9126
rain,selected,impl2_classical_dynamic,True,5,1.0,8300,2.9271,2.6704,-0.2568,-0.0877,1.0423,1.6685,0.57,0.8363,0.961,0.0469,0.9177
rain,selected,impl2_nearby,False,5,0.74,27010,3.0573,2.2277,-0.8296,-0.2713,0.9763,1.7319,0.5665,0.8645,0.8897,0.0347,0.8621
rain,selected,impl2_nearby,True,5,0.74,6142,2.9942,2.1949,-0.7993,-0.267,0.8969,1.6347,0.5459,0.8757,0.8871,0.0267,0.866
rain,selected,impl2_pycomlink,False,5,1.0,36500,2.9625,2.0375,-0.925,-0.3122,1.1511,2.0343,0.6867,0.8017,0.8647,0.0368,0.837
rain,selected,impl2_pycomlink,True,5,1.0,8300,2.9271,2.0048,-0.9223,-0.3151,1.1048,2.0496,0.7002,0.793,0.8477,0.0328,0.824
rain,shared8,impl1_dynamic,False,5,1.0,35693,3.0149,2.6033,-0.4116,-0.1365,1.1349,1.8592,0.6167,0.8033,0.9721,0.0542,0.9208
rain,shared8,impl1_dynamic,True,5,1.0,8134,2.9741,2.5798,-0.3944,-0.1326,1.1007,1.7908,0.6021,0.8154,0.9626,0.0452,0.9207
rain,shared8,impl2_classical_constant,False,5,1.0,35693,3.0149,1.9276,-1.0873,-0.3607,1.2562,2.0168,0.6689,0.8302,0.7593,0.0232,0.7458
rain,shared8,impl2_classical_constant,True,5,1.0,8134,2.9741,1.8911,-1.083,-0.3642,1.2057,2.0158,0.6778,0.8267,0.7576,0.0174,0.7476
rain,shared8,impl2_classical_dynamic,False,5,1.0,35693,3.0149,2.7292,-0.2857,-0.0948,1.1409,1.8584,0.6164,0.7997,0.9747,0.0555,0.9219
rain,shared8,impl2_classical_dynamic,True,5,1.0,8134,2.9741,2.6968,-0.2774,-0.0933,1.0976,1.7657,0.5937,0.8168,0.9685,0.0455,0.9258
rain,shared8,impl2_nearby,False,5,0.7579,27663,3.0121,2.1396,-0.8726,-0.2897,1.0089,1.7919,0.5949,0.8525,0.8849,0.0269,0.8638
rain,shared8,impl2_nearby,True,5,0.7579,6308,2.9437,2.0943,-0.8494,-0.2885,0.937,1.7224,0.5851,0.8569,0.8795,0.021,0.8632
rain,shared8,impl2_pycomlink,False,5,1.0,35693,3.0149,2.1393,-0.8756,-0.2904,1.1292,1.9444,0.6449,0.8221,0.8891,0.0393,0.8578
rain,shared8,impl2_pycomlink,True,5,1.0,8134,2.9741,2.1203,-0.8538,-0.2871,1.0676,1.91,0.6422,0.8249,0.8765,0.0366,0.8483
snow,qc,impl1_dynamic,False,2,1.0,6468,0.5461,2.1023,1.5562,2.8494,1.6917,2.3479,4.2991,0.2623,0.9462,0.1955,0.7693
snow,qc,impl1_dynamic,True,2,1.0,2114,0.5321,2.2042,1.6721,3.1423,1.7208,2.6259,4.9347,0.3358,0.9935,0.1948,0.801
snow,qc,impl2_classical_constant,False,2,1.0,6468,0.5461,0.3286,-0.2175,-0.3983,0.4908,0.7864,1.44,0.4406,0.3156,0.0253,0.3131
snow,qc,impl2_classical_constant,True,2,1.0,2114,0.5321,0.4257,-0.1065,-0.2001,0.5037,0.9683,1.8197,0.4155,0.3819,0.0357,0.3765
snow,qc,impl2_classical_dynamic,False,2,1.0,6468,0.5461,2.1023,1.5562,2.8494,1.6917,2.3479,4.2991,0.2623,0.9462,0.1955,0.7693
snow,qc,impl2_classical_dynamic,True,2,1.0,2114,0.5321,2.2042,1.6721,3.1423,1.7208,2.6259,4.9347,0.3358,0.9935,0.1948,0.801
snow,qc,impl2_nearby,False,2,1.0,6468,0.5461,0.3449,-0.2012,-0.3684,0.524,0.7319,1.3401,0.1637,0.5365,0.1099,0.5031
snow,qc,impl2_nearby,True,2,1.0,2114,0.5321,0.4063,-0.1258,-0.2364,0.5287,0.7948,1.4936,0.1862,0.5852,0.078,0.5576
snow,qc,impl2_pycomlink,False,2,1.0,6468,0.5461,0.3105,-0.2356,-0.4314,0.4145,0.6003,1.0992,0.5116,0.4399,0.0893,0.4217
snow,qc,impl2_pycomlink,True,2,1.0,2114,0.5321,0.3936,-0.1385,-0.2604,0.4117,0.6557,1.2322,0.5019,0.541,0.068,0.5204
snow,selected,impl1_dynamic,False,2,1.0,5110,0.5769,0.6803,0.1034,0.1793,0.4575,0.7139,1.2374,0.525,0.7231,0.0593,0.6916
snow,selected,impl1_dynamic,True,2,1.0,1162,0.5424,0.6606,0.1181,0.2178,0.434,0.6831,1.2593,0.5611,0.7199,0.0766,0.6793
snow,selected,impl2_classical_constant,False,2,1.0,5110,0.5769,0.1797,-0.3972,-0.6885,0.5326,0.7297,1.2648,0.2301,0.3456,0.0288,0.3421
snow,selected,impl2_classical_constant,True,2,1.0,1162,0.5424,0.1726,-0.3699,-0.6819,0.496,0.6761,1.2464,0.2656,0.3333,0.0466,0.328
snow,selected,impl2_classical_dynamic,False,2,1.0,5110,0.5769,0.6803,0.1034,0.1793,0.4575,0.7139,1.2374,0.525,0.7231,0.0593,0.6916
snow,selected,impl2_classical_dynamic,True,2,1.0,1162,0.5424,0.6606,0.1181,0.2178,0.434,0.6831,1.2593,0.5611,0.7199,0.0766,0.6793
snow,selected,impl2_nearby,False,2,1.0,5110,0.5769,0.34,-0.237,-0.4107,0.5818,0.8017,1.3895,0.0581,0.502,0.0686,0.4841
snow,selected,impl2_nearby,True,2,1.0,1162,0.5424,0.3379,-0.2045,-0.377,0.5444,0.77,1.4196,0.0911,0.5429,0.0689,0.5219
snow,selected,impl2_pycomlink,False,2,1.0,5110,0.5769,0.3166,-0.2603,-0.4512,0.469,0.6484,1.1239,0.3893,0.5056,0.0199,0.5005
snow,selected,impl2_pycomlink,True,2,1.0,1162,0.5424,0.2989,-0.2435,-0.4489,0.4387,0.6013,1.1085,0.426,0.494,0.0319,0.4861
snow,shared8,impl1_dynamic,False,2,1.0,5110,0.5769,0.6431,0.0662,0.1147,0.4494,0.6965,1.2073,0.5189,0.7112,0.056,0.6824
snow,shared8,impl1_dynamic,True,2,1.0,1162,0.5424,0.6194,0.077,0.1419,0.4252,0.6616,1.2197,0.5537,0.6992,0.0734,0.6626
snow,shared8,impl2_classical_constant,False,2,1.0,5110,0.5769,0.1679,-0.409,-0.7089,0.5328,0.7326,1.2698,0.224,0.332,0.03,0.3286
snow,shared8,impl2_classical_constant,True,2,1.0,1162,0.5424,0.1595,-0.3829,-0.7059,0.497,0.6788,1.2513,0.2589,0.3192,0.0485,0.3141
snow,shared8,impl2_classical_dynamic,False,2,1.0,5110,0.5769,0.6431,0.0662,0.1147,0.4494,0.6965,1.2073,0.5189,0.7112,0.056,0.6824
snow,shared8,impl2_classical_dynamic,True,2,1.0,1162,0.5424,0.6194,0.077,0.1419,0.4252,0.6616,1.2197,0.5537,0.6992,0.0734,0.6626
snow,shared8,impl2_nearby,False,2,1.0,5110,0.5769,0.3204,-0.2565,-0.4446,0.5697,0.7916,1.372,0.0659,0.4975,0.0692,0.4798
snow,shared8,impl2_nearby,True,2,1.0,1162,0.5424,0.3171,-0.2254,-0.4155,0.5342,0.7585,1.3983,0.0971,0.5375,0.0695,0.5167
snow,shared8,impl2_pycomlink,False,2,1.0,5110,0.5769,0.3018,-0.2752,-0.4769,0.4675,0.6496,1.126,0.3871,0.4953,0.0203,0.4903
snow,shared8,impl2_pycomlink,True,2,1.0,1162,0.5424,0.2827,-0.2597,-0.4789,0.4376,0.6014,1.1087,0.4235,0.4832,0.0326,0.4754
