station,missing,fz,hi,so,rate,so_evaluated,total_mm,total_qc_mm
pws_0,0.0,0.0,0.0,0.0,0.0,0.0,86.65816,86.658005
pws_17,0.0,0.11374872627089859,0.0,0.39721477903158847,0.0,0.39721477903158847,149.27783,90.294
pws_18,0.0,0.7033626448277164,0.0,0.0015850851039740349,0.0,0.4562403290938597,98.3741,95.95
pws_4,0.0,0.066875495339095,0.0,0.0,0.0,0.057666905687436314,142.81392,142.814
pws_22,0.0,0.0,0.0,0.0,0.0,0.0,152.20656,152.207
pws_10,0.0,0.03717401970034343,0.0,0.07910329471260898,0.0,0.4482771634524663,163.31662,157.257
pws_20,0.0,3.7740121523191305e-05,0.0,0.006717741631128052,0.0,0.45895761784352945,189.27333,168.26599
pws_28,0.0,0.0,0.0,0.0,0.0,0.18507755594973016,172.00255,172.003
pws_6,0.0,0.0,0.0,0.0,0.0,0.0,175.0327,175.033
pws_27,0.0,0.0035475714231799826,0.0,0.0,0.0,0.46061818319054987,184.72887,184.729
pws_24,0.0,0.0,0.0,0.0,0.0,0.0,190.8894,190.89
pws_19,0.0,0.00894440880099634,0.0,0.0,0.0,0.40257387628788166,200.27647,200.27602
pws_11,0.0,0.0,0.0,0.0,0.0,0.0,200.3833,200.384
pws_23,0.0,0.0,0.0,0.0,0.0,0.0,202.50435,202.505
pws_26,0.0,0.0,0.0,0.0,0.0,0.4621655281730007,204.42339,204.424
pws_9,0.0,0.0,0.0,0.0,0.0,0.0,206.84717,206.84799
pws_3,0.0,0.0,0.0,0.0,0.0,0.057666905687436314,213.008,213.009
pws_16,0.0,0.0,0.0,0.0,0.0,0.39774314073291317,218.46211,218.463
pws_5,0.0,0.0,0.0,0.0,0.0,0.0,222.9059,222.907
pws_8,0.0,0.0,0.0,0.0,0.0,0.057478205079820356,231.39021,231.391
pws_25,0.0,0.0,0.0,0.0,0.0,0.057666905687436314,246.54027,246.541
pws_12,0.0,0.0,0.0,0.0,0.0,0.0,251.89296,251.894
pws_1,0.0,0.0,0.0,0.0,0.0,0.0,256.23596,256.237
pws_15,0.0,0.0,0.0,0.0,0.0,0.0,277.14352,277.144
pws_7,0.0,0.0,0.0,0.0,0.0,0.0,282.16983,282.169
pws_13,0.0,3.7740121523191305e-05,0.0,0.0,0.0,0.4465788579839227,287.44614,287.44598
pws_14,0.0,0.0002641808506623391,0.0,0.0,0.0,0.18020908027323848,297.98154,297.983
pws_21,0.0,0.0,0.0,0.0,0.0,0.0,336.1763,336.17603
pws_29,0.0,0.0,0.0,0.0,0.0,0.0,336.4313,336.431
pws_2,0.0,0.0,0.0,0.0,0.0,0.0,344.43835,344.438
