network,version,checks,product,band,n_gauges,pcc,cv,rmse,mae,pbias,ref_mean,est_mean,n_all,n_nan,n_pairs
openmrg,pinned,default,radar,0-2 km,11,0.5524,1.2746,1.4401,0.8357,-18.8146,1.1177,0.9074,24277.0000,0.0000,2394
openmrg,pinned,default,add_b_ok,0-2 km,11,0.6952,1.0035,1.2666,0.6692,-12.7171,1.2521,1.0929,24277.0000,0.0000,2137
openmrg,pinned,default,add_p_idw,0-2 km,11,0.6932,1.0136,1.2774,0.6800,-10.7019,1.2533,1.1192,24277.0000,0.0000,2135
openmrg,pinned,default,add_p_ok,0-2 km,11,0.6960,1.0105,1.2666,0.6755,-10.3134,1.2469,1.1183,24277.0000,0.0000,2146
openmrg,pinned,default,ked_b,0-2 km,11,0.6861,1.0135,1.2891,0.6777,-13.3831,1.2610,1.0922,24277.0000,0.0000,2122
openmrg,pinned,default,ked_p,0-2 km,11,0.6869,1.0184,1.2902,0.6833,-11.2771,1.2592,1.1172,24277.0000,0.0000,2125
openmrg,pinned,default,mul_b_ok,0-2 km,11,0.6904,1.0306,1.2795,0.6727,-9.2444,1.2365,1.1222,24277.0000,0.0000,2164
openmrg,pinned,default,mul_p_idw,0-2 km,11,0.6914,1.0431,1.2794,0.6809,-7.2870,1.2235,1.1343,24277.0000,0.0000,2187
openmrg,pinned,default,mul_p_ok,0-2 km,11,0.6918,1.0424,1.2830,0.6819,-6.2038,1.2286,1.1523,24277.0000,0.0000,2178
openmrg,pinned,cc,radar,0-2 km,11,0.5524,1.2746,1.4401,0.8357,-18.8146,1.1177,0.9074,24277.0000,0.0000,2394
openmrg,pinned,cc,add_b_ok,0-2 km,11,0.6773,1.0245,1.2951,0.6746,-14.2526,1.2521,1.0737,24277.0000,0.0000,2137
openmrg,pinned,cc,add_p_idw,0-2 km,11,0.6695,1.0389,1.3115,0.6858,-12.5730,1.2533,1.0957,24277.0000,0.0000,2135
openmrg,pinned,cc,add_p_ok,0-2 km,11,0.6765,1.0323,1.2961,0.6796,-12.2172,1.2469,1.0945,24277.0000,0.0000,2146
openmrg,pinned,cc,ked_b,0-2 km,11,0.6746,1.0230,1.3042,0.6742,-15.2192,1.2610,1.0691,24277.0000,0.0000,2122
openmrg,pinned,cc,ked_p,0-2 km,11,0.6736,1.0286,1.3062,0.6792,-13.4460,1.2592,1.0899,24277.0000,0.0000,2125
openmrg,pinned,cc,mul_b_ok,0-2 km,11,0.7046,1.0278,1.2340,0.6587,-8.8319,1.1962,1.0905,24277.0000,0.0000,2237
openmrg,pinned,cc,mul_p_idw,0-2 km,11,0.6928,1.0645,1.2631,0.6755,-6.4246,1.1845,1.1084,24277.0000,0.0000,2259
openmrg,pinned,cc,mul_p_ok,0-2 km,11,0.7047,1.0381,1.2395,0.6689,-6.0965,1.1919,1.1192,24277.0000,0.0000,2245
openmrg,pinned,nc,radar,0-2 km,11,0.5524,1.2746,1.4401,0.8357,-18.8146,1.1177,0.9074,24277.0000,0.0000,2394
openmrg,pinned,nc,add_b_ok,0-2 km,11,0.6971,1.0070,1.2696,0.6721,-11.8226,1.2521,1.1041,24277.0000,0.0000,2137
openmrg,pinned,nc,add_p_idw,0-2 km,11,0.6956,1.0161,1.2797,0.6826,-10.0318,1.2533,1.1276,24277.0000,0.0000,2135
openmrg,pinned,nc,add_p_ok,0-2 km,11,0.6979,1.0167,1.2729,0.6809,-9.1996,1.2469,1.1322,24277.0000,0.0000,2146
openmrg,pinned,nc,ked_b,0-2 km,11,0.6863,1.0213,1.2972,0.6827,-12.3576,1.2610,1.1052,24277.0000,0.0000,2122
openmrg,pinned,nc,ked_p,0-2 km,11,0.6874,1.0283,1.3010,0.6899,-10.0681,1.2592,1.1324,24277.0000,0.0000,2125
openmrg,pinned,nc,mul_b_ok,0-2 km,11,0.6932,1.0045,1.2841,0.6796,-12.3605,1.2688,1.1119,24277.0000,0.0000,2109
openmrg,pinned,nc,mul_p_idw,0-2 km,11,0.6921,1.0169,1.2912,0.6882,-10.2417,1.2634,1.1340,24277.0000,0.0000,2118
openmrg,pinned,nc,mul_p_ok,0-2 km,11,0.6937,1.0195,1.2884,0.6890,-9.2373,1.2586,1.1423,24277.0000,0.0000,2126
openmrg,main,default,radar,0-2 km,11,0.5524,1.2746,1.4401,0.8357,-18.8146,1.1177,0.9074,24277.0000,0.0000,2394
openmrg,main,default,add_b_ok,0-2 km,11,0.6966,1.0092,1.2662,0.6743,-10.3887,1.2480,1.1184,24277.0000,0.0000,2144
openmrg,main,default,add_p_idw,0-2 km,11,0.6826,1.0310,1.3057,0.7011,-10.1787,1.2604,1.1321,24277.0000,0.0000,2123
openmrg,main,default,add_p_ok,0-2 km,11,0.6960,1.0105,1.2666,0.6755,-10.3134,1.2469,1.1183,24277.0000,0.0000,2146
openmrg,main,default,ked_b,0-2 km,11,0.6873,1.0170,1.2903,0.6828,-11.3506,1.2610,1.1179,24277.0000,0.0000,2122
openmrg,main,default,ked_p,0-2 km,11,0.6869,1.0184,1.2902,0.6833,-11.2771,1.2592,1.1172,24277.0000,0.0000,2125
openmrg,main,default,mul_b_ok,0-2 km,11,0.6924,1.0412,1.2822,0.6809,-6.3230,1.2291,1.1514,24277.0000,0.0000,2177
openmrg,main,default,mul_p_idw,0-2 km,11,0.6775,1.0667,1.3180,0.7012,-6.6838,1.2331,1.1507,24277.0000,0.0000,2170
openmrg,main,default,mul_p_ok,0-2 km,11,0.6918,1.0424,1.2830,0.6819,-6.2038,1.2286,1.1523,24277.0000,0.0000,2178
openmrg,main,cc,radar,0-2 km,11,0.5524,1.2746,1.4401,0.8357,-18.8146,1.1177,0.9074,24277.0000,0.0000,2394
openmrg,main,cc,add_b_ok,0-2 km,11,0.6772,1.0305,1.2952,0.6784,-12.2929,1.2480,1.0946,24277.0000,0.0000,2144
openmrg,main,cc,add_p_idw,0-2 km,11,0.6662,1.0451,1.3254,0.7034,-11.6860,1.2604,1.1131,24277.0000,0.0000,2123
openmrg,main,cc,add_p_ok,0-2 km,11,0.6765,1.0323,1.2961,0.6796,-12.2172,1.2469,1.0945,24277.0000,0.0000,2146
openmrg,main,cc,ked_b,0-2 km,11,0.6741,1.0269,1.3061,0.6787,-13.5147,1.2610,1.0906,24277.0000,0.0000,2122
openmrg,main,cc,ked_p,0-2 km,11,0.6736,1.0286,1.3062,0.6792,-13.4460,1.2592,1.0899,24277.0000,0.0000,2125
openmrg,main,cc,mul_b_ok,0-2 km,11,0.7053,1.0376,1.2383,0.6672,-6.1895,1.1914,1.1176,24277.0000,0.0000,2246
openmrg,main,cc,mul_p_idw,0-2 km,11,0.6927,1.0604,1.2677,0.6846,-6.2352,1.1935,1.1191,24277.0000,0.0000,2242
openmrg,main,cc,mul_p_ok,0-2 km,11,0.7047,1.0381,1.2395,0.6689,-6.0965,1.1919,1.1192,24277.0000,0.0000,2245
openmrg,main,nc,radar,0-2 km,11,0.5524,1.2746,1.4401,0.8357,-18.8146,1.1177,0.9074,24277.0000,0.0000,2394
openmrg,main,nc,add_b_ok,0-2 km,11,0.6987,1.0149,1.2719,0.6793,-9.2996,1.2480,1.1320,24277.0000,0.0000,2144
openmrg,main,nc,add_p_idw,0-2 km,11,0.6856,1.0332,1.3079,0.7028,-9.6125,1.2604,1.1392,24277.0000,0.0000,2123
openmrg,main,nc,add_p_ok,0-2 km,11,0.6979,1.0167,1.2729,0.6809,-9.1996,1.2469,1.1322,24277.0000,0.0000,2146
openmrg,main,nc,ked_b,0-2 km,11,0.6879,1.0265,1.3008,0.6891,-10.1562,1.2610,1.1329,24277.0000,0.0000,2122
openmrg,main,nc,ked_p,0-2 km,11,0.6874,1.0283,1.3010,0.6899,-10.0681,1.2592,1.1324,24277.0000,0.0000,2125
openmrg,main,nc,mul_b_ok,0-2 km,11,0.6942,1.0173,1.2882,0.6881,-9.3684,1.2610,1.1428,24277.0000,0.0000,2122
openmrg,main,nc,mul_p_idw,0-2 km,11,0.6836,1.0352,1.3137,0.7058,-9.8285,1.2634,1.1392,24277.0000,0.0000,2118
openmrg,main,nc,mul_p_ok,0-2 km,11,0.6937,1.0195,1.2884,0.6890,-9.2373,1.2586,1.1423,24277.0000,0.0000,2126
openmrg,main,mapping,idw_map,0-2 km,11,0.6977,1.0038,1.2747,0.6649,-10.6928,1.2628,1.1277,24277.0000,0.0000,2119
openmrg,main,mapping,idw_map@cml+pws,0-2 km,11,0.7063,0.9852,1.2567,0.6586,-11.0642,1.2676,1.1273,24277.0000,0.0000,2111
openmrg,main,mapping,idw_map@pws,0-2 km,11,0.8193,0.7936,1.0080,0.5329,-13.7481,1.2515,1.0795,24277.0000,0.0000,2138
openmrg,main,mapping,okb_map,0-2 km,11,0.7013,0.9977,1.2676,0.6615,-10.1297,1.2640,1.1359,24277.0000,0.0000,2117
openmrg,main,mapping,okb_map@cml+pws,0-2 km,11,0.7105,0.9784,1.2470,0.6520,-10.7058,1.2670,1.1313,24277.0000,0.0000,2112
openmrg,main,mapping,okb_map@pws,0-2 km,11,0.8056,0.8333,1.0296,0.5456,-11.7254,1.2235,1.0800,24277.0000,0.0000,2187
openmrg,main,mapping,okp_map,0-2 km,11,0.7003,0.9999,1.2689,0.6631,-10.0316,1.2628,1.1361,24277.0000,0.0000,2119
openmrg,main,mapping,okp_map@cml+pws,0-2 km,11,0.7098,0.9793,1.2475,0.6530,-10.6991,1.2664,1.1309,24277.0000,0.0000,2113
openmrg,main,mapping,okp_map@pws,0-2 km,11,0.8056,0.8333,1.0296,0.5456,-11.7254,1.2235,1.0800,24277.0000,0.0000,2187
openmrg,main,mapping,radolan,0-2 km,11,0.7170,1.0598,1.1867,0.6011,-9.8699,1.1149,1.0049,24277.0000,0.0000,2400
openmrg,main,stations,add_b_ok@cml+pws,0-2 km,11,0.7022,0.9973,1.2561,0.6689,-10.8120,1.2521,1.1167,24277.0000,0.0000,2137
openmrg,main,stations,add_b_ok@pws,0-2 km,11,0.7176,0.9538,1.2278,0.6570,-16.1008,1.2694,1.0650,24277.0000,0.0000,2108
openmrg,main,stations,add_p_idw@cml+pws,0-2 km,11,0.6881,1.0197,1.2949,0.6956,-10.3244,1.2634,1.1329,24277.0000,0.0000,2118
openmrg,main,stations,add_p_idw@pws,0-2 km,11,0.7257,0.9352,1.2180,0.6466,-16.4084,1.2827,1.0723,24277.0000,0.0000,2086
openmrg,main,stations,ked_b@cml+pws,0-2 km,11,0.6953,1.0001,1.2752,0.6717,-11.7782,1.2664,1.1172,24277.0000,0.0000,2113
openmrg,main,stations,ked_b@pws,0-2 km,11,0.7270,0.9365,1.2139,0.6377,-18.8882,1.2706,1.0306,24277.0000,0.0000,2106
openmrg,main,stations,mul_b_ok@cml+pws,0-2 km,11,0.7049,1.0188,1.2504,0.6644,-6.1218,1.2252,1.1502,24277.0000,0.0000,2184
openmrg,main,stations,mul_b_ok@pws,0-2 km,11,0.6096,1.3597,1.5400,0.7417,5.0303,1.1319,1.1888,24277.0000,0.0000,2364
openmrg,main,stations,radolan@cml+pws,0-2 km,11,0.7217,1.0470,1.1768,0.6005,-10.1727,1.1186,1.0048,24277.0000,0.0000,2392
openmrg,main,stations,radolan@pws,0-2 km,11,0.7112,1.0013,1.2236,0.6362,-21.3805,1.1951,0.9396,24277.0000,0.0000,2239
openmrg,main,vg5km,add_b_ok,0-2 km,11,0.6798,1.0362,1.3163,0.7118,-11.3407,1.2628,1.1196,24277.0000,0.0000,2119
openmrg,main,vgfit,add_b_ok,0-2 km,11,0.6962,1.0093,1.2675,0.6751,-10.3761,1.2492,1.1196,24277.0000,0.0000,2142
openmrg,main,c0within,add_b_ok,0-2 km,11,0.6965,1.0101,1.2669,0.6758,-10.0610,1.2480,1.1225,24277.0000,0.0000,2144
openrainer,pinned,default,radar,0-2 km,67,0.7765,2.0262,3.4785,1.9880,104.7149,1.5251,3.1222,147869.0000,19545.0000,5497
openrainer,pinned,default,radar,2-5 km,67,0.7440,2.0986,3.5702,2.0126,101.1233,1.5326,3.0824,147869.0000,15572.0000,5410
openrainer,pinned,default,radar,5-10 km,88,0.7457,2.1966,3.7425,2.1145,111.6297,1.5189,3.2144,194216.0000,11242.0000,7720
openrainer,pinned,default,radar,10-20 km,73,0.7127,2.3222,3.5103,1.9726,113.7729,1.3575,2.9019,161111.0000,13928.0000,5874
openrainer,pinned,default,radar,>20 km,24,0.7856,1.9432,3.3911,1.9005,95.5136,1.5662,3.0620,52968.0000,6000.0000,2015
openrainer,pinned,default,add_b_ok,0-2 km,67,0.7949,1.3784,2.8637,1.3299,11.7326,2.0700,2.3129,147869.0000,19545.0000,4050
openrainer,pinned,default,add_b_ok,2-5 km,67,0.7413,1.5466,3.2067,1.5379,15.5290,2.0630,2.3834,147869.0000,15572.0000,4019
openrainer,pinned,default,add_b_ok,5-10 km,88,0.7481,1.6900,3.3171,1.6369,34.1954,1.9238,2.5817,194216.0000,11242.0000,6095
openrainer,pinned,default,add_b_ok,10-20 km,73,0.7091,1.8503,3.2799,1.6496,47.4606,1.7170,2.5319,161111.0000,13928.0000,4644
openrainer,pinned,default,add_b_ok,>20 km,24,0.7909,1.6056,3.1589,1.5985,46.1741,1.8908,2.7639,52968.0000,6000.0000,1669
openrainer,pinned,default,add_p_idw,0-2 km,67,0.8040,1.3579,2.8252,1.3139,14.3856,2.0690,2.3666,147869.0000,19545.0000,4052
openrainer,pinned,default,add_p_idw,2-5 km,67,0.7505,1.5509,3.1532,1.5147,20.0675,2.0164,2.4210,147869.0000,15572.0000,4112
openrainer,pinned,default,add_p_idw,5-10 km,88,0.7496,1.7122,3.2991,1.6290,36.4536,1.8846,2.5716,194216.0000,11242.0000,6222
openrainer,pinned,default,add_p_idw,10-20 km,73,0.7219,1.8381,3.1961,1.6180,49.4646,1.6791,2.5096,161111.0000,13928.0000,4749
openrainer,pinned,default,add_p_idw,>20 km,24,0.8000,1.5517,3.1046,1.5845,44.9079,1.9219,2.7850,52968.0000,6000.0000,1642
openrainer,pinned,default,add_p_ok,0-2 km,67,0.8030,1.3575,2.8675,1.3394,17.0352,2.0959,2.4529,147869.0000,19545.0000,4000
openrainer,pinned,default,add_p_ok,2-5 km,67,0.7526,1.5264,3.1846,1.5385,20.8635,2.0671,2.4984,147869.0000,15572.0000,4011
openrainer,pinned,default,add_p_ok,5-10 km,88,0.7531,1.6799,3.3389,1.6557,37.9046,1.9388,2.6737,194216.0000,11242.0000,6048
openrainer,pinned,default,add_p_ok,10-20 km,73,0.7184,1.8297,3.2917,1.6617,51.0992,1.7327,2.6181,161111.0000,13928.0000,4602
openrainer,pinned,default,add_p_ok,>20 km,24,0.7962,1.5927,3.1795,1.6217,49.7117,1.9057,2.8530,52968.0000,6000.0000,1656
openrainer,pinned,default,ked_b,0-2 km,67,0.8187,1.2307,2.7381,1.1109,-16.5358,2.2050,1.8404,147869.0000,19545.0000,3802
openrainer,pinned,default,ked_b,2-5 km,67,0.7672,1.3842,3.0772,1.2682,-19.6064,2.2010,1.7695,147869.0000,15572.0000,3767
openrainer,pinned,default,ked_b,5-10 km,88,0.7343,1.5281,3.1744,1.2922,-12.7027,2.0702,1.8072,194216.0000,11242.0000,5664
openrainer,pinned,default,ked_b,10-20 km,73,0.6230,1.8916,3.3646,1.3539,1.1065,1.7787,1.7984,161111.0000,13928.0000,4483
openrainer,pinned,default,ked_b,>20 km,24,0.7573,1.5772,3.0575,1.2720,1.9567,1.9385,1.9764,52968.0000,6000.0000,1628
openrainer,pinned,default,ked_p,0-2 km,67,0.8173,1.2312,2.7047,1.0989,-11.5073,2.1872,1.9355,147869.0000,19545.0000,3833
openrainer,pinned,default,ked_p,2-5 km,67,0.7698,1.3727,3.0258,1.2551,-14.3945,2.1923,1.8767,147869.0000,15572.0000,3782
openrainer,pinned,default,ked_p,5-10 km,88,0.7348,1.5351,3.1536,1.2912,-8.2612,2.0514,1.8819,194216.0000,11242.0000,5716
openrainer,pinned,default,ked_p,10-20 km,73,0.6321,1.8899,3.3466,1.3561,5.6859,1.7700,1.8707,161111.0000,13928.0000,4505
openrainer,pinned,default,ked_p,>20 km,24,0.7591,1.5980,3.0260,1.2722,6.7449,1.8920,2.0196,52968.0000,6000.0000,1668
openrainer,pinned,default,mul_b_ok,0-2 km,67,0.7432,1.5641,2.9427,1.1370,-13.2393,1.8747,1.6265,147869.0000,19545.0000,4472
openrainer,pinned,default,mul_b_ok,2-5 km,67,0.7195,1.6637,3.0677,1.2365,-14.2686,1.8372,1.5751,147869.0000,15572.0000,4513
openrainer,pinned,default,mul_b_ok,5-10 km,88,0.6101,2.1039,3.6211,1.3722,7.3353,1.7201,1.8462,194216.0000,11242.0000,6817
openrainer,pinned,default,mul_b_ok,10-20 km,73,0.6180,2.3887,3.4427,1.4553,42.0924,1.4193,2.0168,161111.0000,13928.0000,5618
openrainer,pinned,default,mul_b_ok,>20 km,24,0.6188,2.5508,3.8072,1.5824,53.2475,1.4610,2.2390,52968.0000,6000.0000,2160
openrainer,pinned,default,mul_p_idw,0-2 km,67,0.7049,1.7481,3.2477,1.1150,2.7003,1.8577,1.9078,147869.0000,19545.0000,4513
openrainer,pinned,default,mul_p_idw,2-5 km,67,0.6820,1.7562,3.2172,1.2030,-0.3204,1.8319,1.8261,147869.0000,15572.0000,4526
openrainer,pinned,default,mul_p_idw,5-10 km,88,0.5633,2.5743,4.4662,1.4418,22.7788,1.7282,2.1218,194216.0000,11242.0000,6785
openrainer,pinned,default,mul_p_idw,10-20 km,73,0.5128,3.7718,5.4627,1.6581,62.1839,1.4290,2.3176,161111.0000,13928.0000,5580
openrainer,pinned,default,mul_p_idw,>20 km,24,0.6189,2.5518,3.9112,1.6322,53.6506,1.4999,2.3046,52968.0000,6000.0000,2104
openrainer,pinned,default,mul_p_ok,0-2 km,67,0.7431,1.6080,2.9225,1.0865,3.7630,1.8170,1.8854,147869.0000,19545.0000,4614
openrainer,pinned,default,mul_p_ok,2-5 km,67,0.7550,1.5837,2.8250,1.1716,3.1137,1.7835,1.8390,147869.0000,15572.0000,4649
openrainer,pinned,default,mul_p_ok,5-10 km,88,0.6130,2.2970,3.9073,1.4159,26.4860,1.6898,2.1374,194216.0000,11242.0000,6939
openrainer,pinned,default,mul_p_ok,10-20 km,73,0.6144,2.7897,3.9873,1.5475,62.0068,1.3953,2.2604,161111.0000,13928.0000,5715
openrainer,pinned,default,mul_p_ok,>20 km,24,0.6516,2.6541,3.9597,1.6828,71.1761,1.4410,2.4667,52968.0000,6000.0000,2190
openrainer,pinned,cc,radar,0-2 km,67,0.7765,2.0262,3.4785,1.9880,104.7149,1.5251,3.1222,147869.0000,19545.0000,5497
openrainer,pinned,cc,radar,2-5 km,67,0.7440,2.0986,3.5702,2.0126,101.1233,1.5326,3.0824,147869.0000,15572.0000,5410
openrainer,pinned,cc,radar,5-10 km,88,0.7457,2.1966,3.7425,2.1145,111.6297,1.5189,3.2144,194216.0000,11242.0000,7720
openrainer,pinned,cc,radar,10-20 km,73,0.7127,2.3222,3.5103,1.9726,113.7729,1.3575,2.9019,161111.0000,13928.0000,5874
openrainer,pinned,cc,radar,>20 km,24,0.7856,1.9432,3.3911,1.9005,95.5136,1.5662,3.0620,52968.0000,6000.0000,2015
openrainer,pinned,cc,add_p_ok,0-2 km,67,0.7828,1.5269,3.2578,1.5674,36.0068,2.0767,2.8244,147869.0000,19545.0000,4037
openrainer,pinned,cc,add_p_ok,2-5 km,67,0.7445,1.6418,3.4298,1.6871,37.2954,2.0372,2.7969,147869.0000,15572.0000,4070
openrainer,pinned,cc,add_p_ok,5-10 km,88,0.7472,1.7785,3.5524,1.7953,52.7410,1.9150,2.9250,194216.0000,11242.0000,6123
openrainer,pinned,cc,add_p_ok,10-20 km,73,0.7126,1.9125,3.4196,1.7503,62.2754,1.7002,2.7590,161111.0000,13928.0000,4690
openrainer,pinned,cc,add_p_ok,>20 km,24,0.7900,1.6555,3.2728,1.6678,55.2870,1.8751,2.9118,52968.0000,6000.0000,1683
openrainer,pinned,cc,ked_p,0-2 km,67,0.7551,1.3905,3.0662,1.2330,-8.5439,2.2010,2.0129,147869.0000,19545.0000,3809
openrainer,pinned,cc,ked_p,2-5 km,67,0.7365,1.4431,3.1742,1.3206,-8.3767,2.1958,2.0118,147869.0000,15572.0000,3776
openrainer,pinned,cc,ked_p,5-10 km,88,0.6995,1.6329,3.3596,1.3626,-4.0266,2.0568,1.9740,194216.0000,11242.0000,5701
openrainer,pinned,cc,ked_p,10-20 km,73,0.6229,1.9503,3.4719,1.4020,9.9840,1.7779,1.9554,161111.0000,13928.0000,4485
openrainer,pinned,cc,ked_p,>20 km,24,0.7616,1.5876,3.0288,1.2962,9.2290,1.9045,2.0803,52968.0000,6000.0000,1657
openrainer,pinned,cc,mul_p_ok,0-2 km,67,0.7687,1.6051,2.6971,1.1496,18.1286,1.6697,1.9724,147869.0000,19545.0000,5021
openrainer,pinned,cc,mul_p_ok,2-5 km,67,0.6657,1.9521,3.2636,1.2910,20.9821,1.6622,2.0110,147869.0000,15572.0000,4988
openrainer,pinned,cc,mul_p_ok,5-10 km,88,0.6494,2.3436,3.7922,1.5067,44.6345,1.5895,2.2990,194216.0000,11242.0000,7377
openrainer,pinned,cc,mul_p_ok,10-20 km,73,0.6599,2.5252,3.5206,1.5707,74.1741,1.3377,2.3299,161111.0000,13928.0000,5961
openrainer,pinned,cc,mul_p_ok,>20 km,24,0.6838,2.5774,3.7245,1.6377,78.5515,1.3823,2.4681,52968.0000,6000.0000,2283
openrainer,pinned,nc,radar,0-2 km,67,0.7765,2.0262,3.4785,1.9880,104.7149,1.5251,3.1222,147869.0000,19545.0000,5497
openrainer,pinned,nc,radar,2-5 km,67,0.7440,2.0986,3.5702,2.0126,101.1233,1.5326,3.0824,147869.0000,15572.0000,5410
openrainer,pinned,nc,radar,5-10 km,88,0.7457,2.1966,3.7425,2.1145,111.6297,1.5189,3.2144,194216.0000,11242.0000,7720
openrainer,pinned,nc,radar,10-20 km,73,0.7127,2.3222,3.5103,1.9726,113.7729,1.3575,2.9019,161111.0000,13928.0000,5874
openrainer,pinned,nc,radar,>20 km,24,0.7856,1.9432,3.3911,1.9005,95.5136,1.5662,3.0620,52968.0000,6000.0000,2015
openrainer,pinned,nc,add_p_ok,0-2 km,67,0.7283,1.6457,3.4736,1.3551,14.8580,2.1022,2.4146,147869.0000,19545.0000,3988
openrainer,pinned,nc,add_p_ok,2-5 km,67,0.7467,1.5210,3.1755,1.5288,17.6062,2.0739,2.4390,147869.0000,15572.0000,3998
openrainer,pinned,nc,add_p_ok,5-10 km,88,0.6692,2.2004,4.3645,1.7918,46.4803,1.9407,2.8427,194216.0000,11242.0000,6042
openrainer,pinned,nc,add_p_ok,10-20 km,73,0.6158,2.6331,4.7218,1.9923,72.2756,1.7293,2.9792,161111.0000,13928.0000,4611
openrainer,pinned,nc,add_p_ok,>20 km,24,0.7750,1.7770,3.5726,1.8805,67.7722,1.8785,3.1515,52968.0000,6000.0000,1680
openrainer,pinned,nc,ked_p,0-2 km,67,0.6631,1.7424,3.7984,1.2144,-4.5490,2.1793,2.0801,147869.0000,19545.0000,3847
openrainer,pinned,nc,ked_p,2-5 km,67,0.6949,1.5477,3.4021,1.3289,-10.6963,2.1929,1.9583,147869.0000,15572.0000,3781
openrainer,pinned,nc,ked_p,5-10 km,88,0.4490,3.0228,6.1986,1.6008,11.0552,2.0492,2.2758,194216.0000,11242.0000,5722
openrainer,pinned,nc,ked_p,10-20 km,73,0.4450,3.8518,6.8155,1.8527,41.0993,1.7595,2.4826,161111.0000,13928.0000,4532
openrainer,pinned,nc,ked_p,>20 km,24,0.7002,1.9683,3.7397,1.5716,29.0705,1.8796,2.4260,52968.0000,6000.0000,1679
openrainer,pinned,nc,mul_p_ok,0-2 km,67,0.4908,2.4626,5.2952,1.3524,-2.0440,2.1502,2.1062,147869.0000,19545.0000,3899
openrainer,pinned,nc,mul_p_ok,2-5 km,67,0.6030,1.7992,3.8608,1.3524,-9.1734,2.1430,1.9464,147869.0000,15572.0000,3869
openrainer,pinned,nc,mul_p_ok,5-10 km,88,0.3724,3.7606,7.6385,1.8664,22.2733,2.0276,2.4792,194216.0000,11242.0000,5783
openrainer,pinned,nc,mul_p_ok,10-20 km,73,0.1317,14.7006,26.4776,2.8584,97.9273,1.7971,3.5570,161111.0000,13928.0000,4437
openrainer,pinned,nc,mul_p_ok,>20 km,24,0.1084,14.9195,29.8180,4.8168,184.2035,1.9835,5.6373,52968.0000,6000.0000,1591
openrainer,main,default,radar,0-2 km,67,0.7765,2.0262,3.4785,1.9880,104.7149,1.5251,3.1222,147869.0000,19545.0000,5497
openrainer,main,default,radar,2-5 km,67,0.7440,2.0986,3.5702,2.0126,101.1233,1.5326,3.0824,147869.0000,15572.0000,5410
openrainer,main,default,radar,5-10 km,88,0.7457,2.1966,3.7425,2.1145,111.6297,1.5189,3.2144,194216.0000,11242.0000,7720
openrainer,main,default,radar,10-20 km,73,0.7127,2.3222,3.5103,1.9726,113.7729,1.3575,2.9019,161111.0000,13928.0000,5874
openrainer,main,default,radar,>20 km,24,0.7856,1.9432,3.3911,1.9005,95.5136,1.5662,3.0620,52968.0000,6000.0000,2015
openrainer,main,default,add_b_ok,0-2 km,67,0.8031,1.3556,2.8488,1.3253,15.7179,2.0875,2.4157,147869.0000,19545.0000,4016
openrainer,main,default,add_b_ok,2-5 km,67,0.7520,1.5258,3.1702,1.5267,19.5099,2.0610,2.4631,147869.0000,15572.0000,4023
openrainer,main,default,add_b_ok,5-10 km,88,0.7525,1.6790,3.3273,1.6470,37.0224,1.9353,2.6517,194216.0000,11242.0000,6059
openrainer,main,default,add_b_ok,10-20 km,73,0.7170,1.8296,3.2879,1.6579,50.3064,1.7327,2.6044,161111.0000,13928.0000,4602
openrainer,main,default,add_b_ok,>20 km,24,0.7955,1.5882,3.1810,1.6248,49.0250,1.9138,2.8520,52968.0000,6000.0000,1649
openrainer,main,default,add_p_idw,0-2 km,67,0.8025,1.3686,2.8574,1.3284,15.7749,2.0741,2.4013,147869.0000,19545.0000,4042
openrainer,main,default,add_p_idw,2-5 km,67,0.7512,1.5416,3.1966,1.5406,21.6942,2.0533,2.4988,147869.0000,15572.0000,4038
openrainer,main,default,add_p_idw,5-10 km,88,0.7506,1.6976,3.3500,1.6571,37.9953,1.9257,2.6574,194216.0000,11242.0000,6089
openrainer,main,default,add_p_idw,10-20 km,73,0.7217,1.8150,3.2509,1.6392,49.8813,1.7271,2.5886,161111.0000,13928.0000,4617
openrainer,main,default,add_p_idw,>20 km,24,0.7977,1.5604,3.1574,1.5991,46.3743,1.9396,2.8391,52968.0000,6000.0000,1627
openrainer,main,default,add_p_ok,0-2 km,67,0.8030,1.3575,2.8675,1.3394,17.0352,2.0959,2.4529,147869.0000,19545.0000,4000
openrainer,main,default,add_p_ok,2-5 km,67,0.7526,1.5264,3.1846,1.5385,20.8635,2.0671,2.4984,147869.0000,15572.0000,4011
openrainer,main,default,add_p_ok,5-10 km,88,0.7531,1.6799,3.3389,1.6557,37.9046,1.9388,2.6737,194216.0000,11242.0000,6048
openrainer,main,default,add_p_ok,10-20 km,73,0.7184,1.8297,3.2917,1.6617,51.0992,1.7327,2.6181,161111.0000,13928.0000,4602
openrainer,main,default,add_p_ok,>20 km,24,0.7962,1.5927,3.1795,1.6217,49.7117,1.9057,2.8530,52968.0000,6000.0000,1656
openrainer,main,default,ked_b,0-2 km,67,0.8201,1.2241,2.6970,1.0980,-12.2170,2.1924,1.9245,147869.0000,19545.0000,3824
openrainer,main,default,ked_b,2-5 km,67,0.7712,1.3713,3.0264,1.2530,-15.2550,2.1935,1.8588,147869.0000,15572.0000,3780
openrainer,main,default,ked_b,5-10 km,88,0.7358,1.5318,3.1505,1.2889,-8.8960,2.0532,1.8705,194216.0000,11242.0000,5711
openrainer,main,default,ked_b,10-20 km,73,0.6302,1.8866,3.3500,1.3559,4.7511,1.7751,1.8595,161111.0000,13928.0000,4492
openrainer,main,default,ked_b,>20 km,24,0.7608,1.5845,3.0233,1.2681,5.6466,1.9068,2.0145,52968.0000,6000.0000,1655
openrainer,main,default,ked_p,0-2 km,67,0.8173,1.2312,2.7047,1.0989,-11.5073,2.1872,1.9355,147869.0000,19545.0000,3833
openrainer,main,default,ked_p,2-5 km,67,0.7698,1.3727,3.0258,1.2551,-14.3945,2.1923,1.8767,147869.0000,15572.0000,3782
openrainer,main,default,ked_p,5-10 km,88,0.7348,1.5351,3.1536,1.2912,-8.2612,2.0514,1.8819,194216.0000,11242.0000,5716
openrainer,main,default,ked_p,10-20 km,73,0.6321,1.8899,3.3466,1.3561,5.6859,1.7700,1.8707,161111.0000,13928.0000,4505
openrainer,main,default,ked_p,>20 km,24,0.7591,1.5980,3.0260,1.2722,6.7449,1.8920,2.0196,52968.0000,6000.0000,1668
openrainer,main,default,mul_b_ok,0-2 km,67,0.7503,1.5740,2.8813,1.0791,1.3692,1.8305,1.8555,147869.0000,19545.0000,4580
openrainer,main,default,mul_b_ok,2-5 km,67,0.7626,1.5622,2.8037,1.1562,-0.1605,1.7946,1.7918,147869.0000,15572.0000,4620
openrainer,main,default,mul_b_ok,5-10 km,88,0.6170,2.2473,3.8237,1.3936,23.4045,1.6923,2.0883,194216.0000,11242.0000,6929
openrainer,main,default,mul_b_ok,10-20 km,73,0.6159,2.7110,3.8858,1.5258,58.6590,1.4009,2.2226,161111.0000,13928.0000,5692
openrainer,main,default,mul_b_ok,>20 km,24,0.6490,2.6209,3.9041,1.6557,68.1704,1.4417,2.4244,52968.0000,6000.0000,2189
openrainer,main,default,mul_p_idw,0-2 km,67,0.7046,1.7622,3.2592,1.1106,3.5985,1.8491,1.9156,147869.0000,19545.0000,4534
openrainer,main,default,mul_p_idw,2-5 km,67,0.7235,1.6575,2.9852,1.1825,1.7364,1.8009,1.8322,147869.0000,15572.0000,4604
openrainer,main,default,mul_p_idw,5-10 km,88,0.6134,2.2795,3.8965,1.3899,23.4966,1.7004,2.0999,194216.0000,11242.0000,6896
openrainer,main,default,mul_p_idw,10-20 km,73,0.6313,2.5939,3.7484,1.4994,56.6342,1.4118,2.2114,161111.0000,13928.0000,5648
openrainer,main,default,mul_p_idw,>20 km,24,0.6524,2.5964,3.8797,1.6096,64.9275,1.4496,2.3908,52968.0000,6000.0000,2177
openrainer,main,default,mul_p_ok,0-2 km,67,0.7431,1.6080,2.9225,1.0865,3.7630,1.8170,1.8854,147869.0000,19545.0000,4614
openrainer,main,default,mul_p_ok,2-5 km,67,0.7550,1.5837,2.8250,1.1716,3.1137,1.7835,1.8390,147869.0000,15572.0000,4649
openrainer,main,default,mul_p_ok,5-10 km,88,0.6130,2.2970,3.9073,1.4159,26.4860,1.6898,2.1374,194216.0000,11242.0000,6939
openrainer,main,default,mul_p_ok,10-20 km,73,0.6144,2.7897,3.9873,1.5475,62.0068,1.3953,2.2604,161111.0000,13928.0000,5715
openrainer,main,default,mul_p_ok,>20 km,24,0.6516,2.6541,3.9597,1.6828,71.1761,1.4410,2.4667,52968.0000,6000.0000,2190
openrainer,main,cc,radar,0-2 km,67,0.7765,2.0262,3.4785,1.9880,104.7149,1.5251,3.1222,147869.0000,19545.0000,5497
openrainer,main,cc,radar,2-5 km,67,0.7440,2.0986,3.5702,2.0126,101.1233,1.5326,3.0824,147869.0000,15572.0000,5410
openrainer,main,cc,radar,5-10 km,88,0.7457,2.1966,3.7425,2.1145,111.6297,1.5189,3.2144,194216.0000,11242.0000,7720
openrainer,main,cc,radar,10-20 km,73,0.7127,2.3222,3.5103,1.9726,113.7729,1.3575,2.9019,161111.0000,13928.0000,5874
openrainer,main,cc,radar,>20 km,24,0.7856,1.9432,3.3911,1.9005,95.5136,1.5662,3.0620,52968.0000,6000.0000,2015
openrainer,main,cc,add_b_ok,0-2 km,67,0.7828,1.5253,3.2415,1.5524,34.9093,2.0716,2.7947,147869.0000,19545.0000,4047
openrainer,main,cc,add_b_ok,2-5 km,67,0.7447,1.6396,3.4144,1.6735,36.3077,2.0332,2.7714,147869.0000,15572.0000,4078
openrainer,main,cc,add_b_ok,5-10 km,88,0.7475,1.7781,3.5372,1.7833,51.9740,1.9094,2.9018,194216.0000,11242.0000,6141
openrainer,main,cc,add_b_ok,10-20 km,73,0.7119,1.9113,3.4159,1.7471,61.6352,1.7009,2.7493,161111.0000,13928.0000,4688
openrainer,main,cc,add_b_ok,>20 km,24,0.7891,1.6516,3.2805,1.6744,54.8089,1.8852,2.9184,52968.0000,6000.0000,1674
openrainer,main,cc,add_p_idw,0-2 km,67,0.7832,1.5391,3.2471,1.5486,35.4920,2.0558,2.7855,147869.0000,19545.0000,4078
openrainer,main,cc,add_p_idw,2-5 km,67,0.7448,1.6510,3.4334,1.6912,38.3510,2.0257,2.8026,147869.0000,15572.0000,4093
openrainer,main,cc,add_p_idw,5-10 km,88,0.7464,1.7917,3.5514,1.7938,53.6110,1.8989,2.9169,194216.0000,11242.0000,6175
openrainer,main,cc,add_p_idw,10-20 km,73,0.7163,1.8984,3.3855,1.7340,61.9107,1.6955,2.7452,161111.0000,13928.0000,4703
openrainer,main,cc,add_p_idw,>20 km,24,0.7883,1.6439,3.2978,1.6775,53.7372,1.9068,2.9315,52968.0000,6000.0000,1655
openrainer,main,cc,add_p_ok,0-2 km,67,0.7828,1.5269,3.2578,1.5674,36.0068,2.0767,2.8244,147869.0000,19545.0000,4037
openrainer,main,cc,add_p_ok,2-5 km,67,0.7445,1.6418,3.4298,1.6871,37.2954,2.0372,2.7969,147869.0000,15572.0000,4070
openrainer,main,cc,add_p_ok,5-10 km,88,0.7472,1.7785,3.5524,1.7953,52.7410,1.9150,2.9250,194216.0000,11242.0000,6123
openrainer,main,cc,add_p_ok,10-20 km,73,0.7126,1.9125,3.4196,1.7503,62.2754,1.7002,2.7590,161111.0000,13928.0000,4690
openrainer,main,cc,add_p_ok,>20 km,24,0.7900,1.6555,3.2728,1.6678,55.2870,1.8751,2.9118,52968.0000,6000.0000,1683
openrainer,main,cc,ked_b,0-2 km,67,0.7563,1.3867,3.0595,1.2295,-9.0602,2.2016,2.0021,147869.0000,19545.0000,3808
openrainer,main,cc,ked_b,2-5 km,67,0.7365,1.4427,3.1741,1.3161,-9.0352,2.1958,1.9974,147869.0000,15572.0000,3776
openrainer,main,cc,ked_b,5-10 km,88,0.6997,1.6299,3.3579,1.3590,-4.5555,2.0593,1.9655,194216.0000,11242.0000,5694
openrainer,main,cc,ked_b,10-20 km,73,0.6210,1.9478,3.4745,1.4017,9.1088,1.7819,1.9442,161111.0000,13928.0000,4475
openrainer,main,cc,ked_b,>20 km,24,0.7602,1.5855,3.0440,1.2980,8.3618,1.9173,2.0776,52968.0000,6000.0000,1646
openrainer,main,cc,ked_p,0-2 km,67,0.7551,1.3905,3.0662,1.2330,-8.5439,2.2010,2.0129,147869.0000,19545.0000,3809
openrainer,main,cc,ked_p,2-5 km,67,0.7365,1.4431,3.1742,1.3206,-8.3767,2.1958,2.0118,147869.0000,15572.0000,3776
openrainer,main,cc,ked_p,5-10 km,88,0.6995,1.6329,3.3596,1.3626,-4.0266,2.0568,1.9740,194216.0000,11242.0000,5701
openrainer,main,cc,ked_p,10-20 km,73,0.6229,1.9503,3.4719,1.4020,9.9840,1.7779,1.9554,161111.0000,13928.0000,4485
openrainer,main,cc,ked_p,>20 km,24,0.7616,1.5876,3.0288,1.2962,9.2290,1.9045,2.0803,52968.0000,6000.0000,1657
openrainer,main,cc,mul_b_ok,0-2 km,67,0.7707,1.5912,2.6818,1.1398,15.9091,1.6771,1.9439,147869.0000,19545.0000,4999
openrainer,main,cc,mul_b_ok,2-5 km,67,0.6618,1.9502,3.2665,1.2818,18.3502,1.6676,1.9736,147869.0000,15572.0000,4972
openrainer,main,cc,mul_b_ok,5-10 km,88,0.6464,2.3355,3.7751,1.4919,42.2337,1.5906,2.2623,194216.0000,11242.0000,7372
openrainer,main,cc,mul_b_ok,10-20 km,73,0.6580,2.4890,3.4747,1.5553,71.3551,1.3420,2.2995,161111.0000,13928.0000,5942
openrainer,main,cc,mul_b_ok,>20 km,24,0.6811,2.5483,3.6879,1.6199,75.7839,1.3872,2.4384,52968.0000,6000.0000,2275
openrainer,main,cc,mul_p_idw,0-2 km,67,0.7424,1.7103,2.8960,1.1574,16.8389,1.6851,1.9689,147869.0000,19545.0000,4975
openrainer,main,cc,mul_p_idw,2-5 km,67,0.6408,2.0347,3.4170,1.2876,18.6905,1.6723,1.9849,147869.0000,15572.0000,4958
openrainer,main,cc,mul_p_idw,5-10 km,88,0.6436,2.3581,3.8239,1.4804,41.3068,1.5973,2.2571,194216.0000,11242.0000,7341
openrainer,main,cc,mul_p_idw,10-20 km,73,0.6687,2.4462,3.4047,1.5183,69.6898,1.3386,2.2714,161111.0000,13928.0000,5957
openrainer,main,cc,mul_p_idw,>20 km,24,0.6814,2.5620,3.6937,1.5893,74.2371,1.3847,2.4127,52968.0000,6000.0000,2279
openrainer,main,cc,mul_p_ok,0-2 km,67,0.7687,1.6051,2.6971,1.1496,18.1286,1.6697,1.9724,147869.0000,19545.0000,5021
openrainer,main,cc,mul_p_ok,2-5 km,67,0.6657,1.9521,3.2636,1.2910,20.9821,1.6622,2.0110,147869.0000,15572.0000,4988
openrainer,main,cc,mul_p_ok,5-10 km,88,0.6494,2.3436,3.7922,1.5067,44.6345,1.5895,2.2990,194216.0000,11242.0000,7377
openrainer,main,cc,mul_p_ok,10-20 km,73,0.6599,2.5252,3.5206,1.5707,74.1741,1.3377,2.3299,161111.0000,13928.0000,5961
openrainer,main,cc,mul_p_ok,>20 km,24,0.6838,2.5774,3.7245,1.6377,78.5515,1.3823,2.4681,52968.0000,6000.0000,2283
openrainer,main,nc,radar,0-2 km,67,0.7765,2.0262,3.4785,1.9880,104.7149,1.5251,3.1222,147869.0000,19545.0000,5497
openrainer,main,nc,radar,2-5 km,67,0.7440,2.0986,3.5702,2.0126,101.1233,1.5326,3.0824,147869.0000,15572.0000,5410
openrainer,main,nc,radar,5-10 km,88,0.7457,2.1966,3.7425,2.1145,111.6297,1.5189,3.2144,194216.0000,11242.0000,7720
openrainer,main,nc,radar,10-20 km,73,0.7127,2.3222,3.5103,1.9726,113.7729,1.3575,2.9019,161111.0000,13928.0000,5874
openrainer,main,nc,radar,>20 km,24,0.7856,1.9432,3.3911,1.9005,95.5136,1.5662,3.0620,52968.0000,6000.0000,2015
openrainer,main,nc,add_b_ok,0-2 km,67,0.7362,1.6034,3.3697,1.3402,12.9207,2.0949,2.3655,147869.0000,19545.0000,4002
openrainer,main,nc,add_b_ok,2-5 km,67,0.7484,1.5078,3.1340,1.5082,15.1595,2.0682,2.3817,147869.0000,15572.0000,4009
openrainer,main,nc,add_b_ok,5-10 km,88,0.6781,2.1365,4.2250,1.7640,44.3633,1.9362,2.7952,194216.0000,11242.0000,6056
openrainer,main,nc,add_b_ok,10-20 km,73,0.6222,2.5576,4.5817,1.9585,69.5747,1.7286,2.9312,161111.0000,13928.0000,4613
openrainer,main,nc,add_b_ok,>20 km,24,0.7787,1.7395,3.5016,1.8491,65.1134,1.8852,3.1127,52968.0000,6000.0000,1674
openrainer,main,nc,add_p_idw,0-2 km,67,0.6646,1.9672,4.1060,1.3909,14.8196,2.0813,2.3898,147869.0000,19545.0000,4028
openrainer,main,nc,add_p_idw,2-5 km,67,0.7541,1.4962,3.0982,1.5080,16.4296,2.0584,2.3966,147869.0000,15572.0000,4028
openrainer,main,nc,add_p_idw,5-10 km,88,0.6784,2.1491,4.2320,1.7423,43.9626,1.9292,2.7773,194216.0000,11242.0000,6078
openrainer,main,nc,add_p_idw,10-20 km,73,0.6437,2.4123,4.3151,1.8920,65.8700,1.7256,2.8622,161111.0000,13928.0000,4621
openrainer,main,nc,add_p_idw,>20 km,24,0.7931,1.6224,3.2947,1.7313,55.3802,1.9219,2.9863,52968.0000,6000.0000,1642
openrainer,main,nc,add_p_ok,0-2 km,67,0.7283,1.6457,3.4736,1.3551,14.8580,2.1022,2.4146,147869.0000,19545.0000,3988
openrainer,main,nc,add_p_ok,2-5 km,67,0.7467,1.5210,3.1755,1.5288,17.6062,2.0739,2.4390,147869.0000,15572.0000,3998
openrainer,main,nc,add_p_ok,5-10 km,88,0.6692,2.2004,4.3645,1.7918,46.4803,1.9407,2.8427,194216.0000,11242.0000,6042
openrainer,main,nc,add_p_ok,10-20 km,73,0.6158,2.6331,4.7218,1.9923,72.2756,1.7293,2.9792,161111.0000,13928.0000,4611
openrainer,main,nc,add_p_ok,>20 km,24,0.7750,1.7770,3.5726,1.8805,67.7722,1.8785,3.1515,52968.0000,6000.0000,1680
openrainer,main,nc,ked_b,0-2 km,67,0.6778,1.6702,3.6508,1.2045,-6.2951,2.1844,2.0469,147869.0000,19545.0000,3838
openrainer,main,nc,ked_b,2-5 km,67,0.7132,1.4956,3.2979,1.3099,-12.8831,2.1969,1.9139,147869.0000,15572.0000,3774
openrainer,main,nc,ked_b,5-10 km,88,0.4586,2.9069,5.9648,1.5734,8.8931,2.0510,2.2334,194216.0000,11242.0000,5717
openrainer,main,nc,ked_b,10-20 km,73,0.4537,3.6728,6.5119,1.8130,37.6595,1.7637,2.4280,161111.0000,13928.0000,4521
openrainer,main,nc,ked_b,>20 km,24,0.7203,1.8379,3.5115,1.5133,25.0469,1.8931,2.3673,52968.0000,6000.0000,1667
openrainer,main,nc,ked_p,0-2 km,67,0.6631,1.7424,3.7984,1.2144,-4.5490,2.1793,2.0801,147869.0000,19545.0000,3847
openrainer,main,nc,ked_p,2-5 km,67,0.6949,1.5477,3.4021,1.3289,-10.6963,2.1929,1.9583,147869.0000,15572.0000,3781
openrainer,main,nc,ked_p,5-10 km,88,0.4490,3.0228,6.1986,1.6008,11.0552,2.0492,2.2758,194216.0000,11242.0000,5722
openrainer,main,nc,ked_p,10-20 km,73,0.4450,3.8518,6.8155,1.8527,41.0993,1.7595,2.4826,161111.0000,13928.0000,4532
openrainer,main,nc,ked_p,>20 km,24,0.7002,1.9683,3.7397,1.5716,29.0705,1.8796,2.4260,52968.0000,6000.0000,1679
openrainer,main,nc,mul_b_ok,0-2 km,67,0.5032,2.3858,5.1558,1.3372,-4.0088,2.1607,2.0741,147869.0000,19545.0000,3880
openrainer,main,nc,mul_b_ok,2-5 km,67,0.6464,1.6659,3.5947,1.3251,-12.4365,2.1519,1.8843,147869.0000,15572.0000,3853
openrainer,main,nc,mul_b_ok,5-10 km,88,0.3740,3.6858,7.5054,1.8369,18.9820,2.0336,2.4196,194216.0000,11242.0000,5766
openrainer,main,nc,mul_b_ok,10-20 km,73,0.1292,14.5552,26.2953,2.8248,94.1046,1.8028,3.4994,161111.0000,13928.0000,4423
openrainer,main,nc,mul_b_ok,>20 km,24,0.1063,14.9078,29.8051,4.7686,180.6574,1.9848,5.5704,52968.0000,6000.0000,1590
openrainer,main,nc,mul_p_idw,0-2 km,67,0.3393,4.7970,10.3629,1.4685,4.9280,2.1602,2.2666,147869.0000,19545.0000,3881
openrainer,main,nc,mul_p_idw,2-5 km,67,0.2531,8.2878,17.7107,1.6399,4.5726,2.1369,2.2346,147869.0000,15572.0000,3880
openrainer,main,nc,mul_p_idw,5-10 km,88,0.3724,3.5648,7.2344,1.7671,17.6116,2.0269,2.3839,194216.0000,11242.0000,5785
openrainer,main,nc,mul_p_idw,10-20 km,73,0.1826,9.6589,17.4049,2.5487,81.8300,1.7955,3.2648,161111.0000,13928.0000,4441
openrainer,main,nc,mul_p_idw,>20 km,24,0.1155,14.7083,29.7018,4.8405,184.5278,2.0037,5.7010,52968.0000,6000.0000,1575
openrainer,main,nc,mul_p_ok,0-2 km,67,0.4908,2.4626,5.2952,1.3524,-2.0440,2.1502,2.1062,147869.0000,19545.0000,3899
openrainer,main,nc,mul_p_ok,2-5 km,67,0.6030,1.7992,3.8608,1.3524,-9.1734,2.1430,1.9464,147869.0000,15572.0000,3869
openrainer,main,nc,mul_p_ok,5-10 km,88,0.3724,3.7606,7.6385,1.8664,22.2733,2.0276,2.4792,194216.0000,11242.0000,5783
openrainer,main,nc,mul_p_ok,10-20 km,73,0.1317,14.7006,26.4776,2.8584,97.9273,1.7971,3.5570,161111.0000,13928.0000,4437
openrainer,main,nc,mul_p_ok,>20 km,24,0.1084,14.9195,29.8180,4.8168,184.2035,1.9835,5.6373,52968.0000,6000.0000,1591
openrainer,main,mapping,idw_map,0-2 km,67,0.5456,2.1145,4.1441,1.4000,-6.5682,1.9589,1.8302,147869.0000,19632.0000,4266
openrainer,main,mapping,idw_map,2-5 km,67,0.6504,1.7832,3.3742,1.4484,-17.3397,1.8833,1.5567,147869.0000,15675.0000,4396
openrainer,main,mapping,idw_map,5-10 km,88,0.3664,2.8545,4.9804,1.7129,-3.1680,1.7446,1.6894,194216.0000,11388.0000,6700
openrainer,main,mapping,idw_map,10-20 km,73,0.2578,4.6305,7.1931,2.2529,39.5298,1.5478,2.1596,161111.0000,14030.0000,5127
openrainer,main,mapping,idw_map,>20 km,24,0.3447,2.5587,4.4204,1.9554,-9.0237,1.7265,1.5707,52968.0000,6021.0000,1783
openrainer,main,mapping,okb_map,0-2 km,67,0.5833,1.9316,3.6778,1.3521,-10.9429,1.9010,1.6929,147869.0000,19632.0000,4396
openrainer,main,mapping,okb_map,2-5 km,67,0.6275,1.8520,3.4138,1.4515,-16.4091,1.8361,1.5348,147869.0000,15675.0000,4509
openrainer,main,mapping,okb_map,5-10 km,88,0.3883,2.6487,4.4020,1.6577,-3.4402,1.6618,1.6046,194216.0000,11388.0000,7034
openrainer,main,mapping,okb_map,10-20 km,73,0.3137,3.3597,4.5898,1.8186,22.7352,1.3630,1.6729,161111.0000,14030.0000,5822
openrainer,main,mapping,okb_map,>20 km,24,0.3068,2.7958,4.2672,1.9083,2.7753,1.5262,1.5686,52968.0000,6021.0000,2017
openrainer,main,mapping,okp_map,0-2 km,67,0.5653,2.0026,3.7456,1.3573,-9.5219,1.8682,1.6903,147869.0000,19632.0000,4473
openrainer,main,mapping,okp_map,2-5 km,67,0.6131,1.8959,3.4284,1.4566,-14.1248,1.8033,1.5486,147869.0000,15675.0000,4591
openrainer,main,mapping,okp_map,5-10 km,88,0.3764,2.7372,4.4925,1.6731,-0.9834,1.6413,1.6251,194216.0000,11388.0000,7122
openrainer,main,mapping,okp_map,10-20 km,73,0.3070,3.4664,4.7406,1.8599,26.2527,1.3637,1.7217,161111.0000,14030.0000,5819
openrainer,main,mapping,okp_map,>20 km,24,0.2966,2.8442,4.3505,1.9513,5.9326,1.5293,1.6200,52968.0000,6021.0000,2013
openrainer,main,mapping,radolan,0-2 km,67,0.8186,1.4458,2.3902,1.0254,10.6514,1.6487,1.8243,147869.0000,19545.0000,5085
openrainer,main,mapping,radolan,2-5 km,67,0.7444,1.6956,2.8244,1.2229,15.8075,1.6586,1.9208,147869.0000,15572.0000,4999
openrainer,main,mapping,radolan,5-10 km,88,0.7397,1.8688,3.0126,1.3575,34.1461,1.5858,2.1273,194216.0000,11242.0000,7394
openrainer,main,mapping,radolan,10-20 km,73,0.6912,2.3879,3.4130,1.4660,61.6660,1.3839,2.2373,161111.0000,13928.0000,5762
openrainer,main,mapping,radolan,>20 km,24,0.7579,1.9764,3.1653,1.4752,57.4340,1.5379,2.4212,52968.0000,6000.0000,2052
openrainer,main,vg5km,add_b_ok,0-2 km,67,0.7925,1.4052,2.9615,1.3728,17.6078,2.0912,2.4594,147869.0000,19545.0000,4009
openrainer,main,vg5km,add_b_ok,2-5 km,67,0.7409,1.5848,3.3152,1.6316,25.8813,2.0646,2.5989,147869.0000,15572.0000,4016
openrainer,main,vg5km,add_b_ok,5-10 km,88,0.7449,1.7254,3.4753,1.7676,43.6656,1.9527,2.8053,194216.0000,11242.0000,6005
openrainer,main,vg5km,add_b_ok,10-20 km,73,0.7080,1.8579,3.3546,1.7087,51.3888,1.7403,2.6346,161111.0000,13928.0000,4582
openrainer,main,vg5km,add_b_ok,>20 km,24,0.7921,1.5862,3.1757,1.6109,46.2881,1.9219,2.8115,52968.0000,6000.0000,1642
openrainer,main,vgfit,add_b_ok,0-2 km,67,0.8001,1.3758,2.9067,1.3741,19.5586,2.0917,2.5008,147869.0000,19545.0000,4008
openrainer,main,vgfit,add_b_ok,2-5 km,67,0.7496,1.5412,3.2206,1.5596,22.5209,2.0676,2.5333,147869.0000,15572.0000,4010
openrainer,main,vgfit,add_b_ok,5-10 km,88,0.7538,1.6826,3.3324,1.6542,38.2863,1.9311,2.6705,194216.0000,11242.0000,6072
openrainer,main,vgfit,add_b_ok,10-20 km,73,0.7221,1.8065,3.2371,1.6273,48.5780,1.7304,2.5711,161111.0000,13928.0000,4608
openrainer,main,vgfit,add_b_ok,>20 km,24,0.7961,1.5505,3.1831,1.6206,45.5116,1.9699,2.8665,52968.0000,6000.0000,1602
openrainer,main,c0within,add_b_ok,0-2 km,67,0.8031,1.3620,2.8715,1.3434,17.9639,2.0902,2.4656,147869.0000,19545.0000,4011
openrainer,main,c0within,add_b_ok,2-5 km,67,0.7532,1.5300,3.1801,1.5367,21.4113,2.0584,2.4991,147869.0000,15572.0000,4028
openrainer,main,c0within,add_b_ok,5-10 km,88,0.7531,1.6833,3.3405,1.6556,38.2136,1.9353,2.6748,194216.0000,11242.0000,6059
openrainer,main,c0within,add_b_ok,10-20 km,73,0.7182,1.8290,3.2922,1.6617,51.0186,1.7338,2.6184,161111.0000,13928.0000,4599
openrainer,main,c0within,add_b_ok,>20 km,24,0.7960,1.5911,3.1812,1.6231,49.5009,1.9091,2.8542,52968.0000,6000.0000,1653
