network,version,checks,product,pcc,cv,rmse,mae,pbias,ref_mean,est_mean,n_all,n_nan,n_pairs
openmrg,pinned,default,radar,0.5524,1.2746,1.4401,0.8357,-18.8146,1.1177,0.9074,24277.0000,0.0000,2394
openmrg,pinned,default,add_b_ok,0.6952,1.0035,1.2666,0.6692,-12.7171,1.2521,1.0929,24277.0000,0.0000,2137
openmrg,pinned,default,add_p_idw,0.6932,1.0136,1.2774,0.6800,-10.7019,1.2533,1.1192,24277.0000,0.0000,2135
openmrg,pinned,default,add_p_ok,0.6960,1.0105,1.2666,0.6755,-10.3134,1.2469,1.1183,24277.0000,0.0000,2146
openmrg,pinned,default,ked_b,0.6861,1.0135,1.2891,0.6777,-13.3831,1.2610,1.0922,24277.0000,0.0000,2122
openmrg,pinned,default,ked_p,0.6869,1.0184,1.2902,0.6833,-11.2771,1.2592,1.1172,24277.0000,0.0000,2125
openmrg,pinned,default,mul_b_ok,0.6904,1.0306,1.2795,0.6727,-9.2444,1.2365,1.1222,24277.0000,0.0000,2164
openmrg,pinned,default,mul_p_idw,0.6914,1.0431,1.2794,0.6809,-7.2870,1.2235,1.1343,24277.0000,0.0000,2187
openmrg,pinned,default,mul_p_ok,0.6918,1.0424,1.2830,0.6819,-6.2038,1.2286,1.1523,24277.0000,0.0000,2178
openmrg,pinned,cc,radar,0.5524,1.2746,1.4401,0.8357,-18.8146,1.1177,0.9074,24277.0000,0.0000,2394
openmrg,pinned,cc,add_b_ok,0.6773,1.0245,1.2951,0.6746,-14.2526,1.2521,1.0737,24277.0000,0.0000,2137
openmrg,pinned,cc,add_p_idw,0.6695,1.0389,1.3115,0.6858,-12.5730,1.2533,1.0957,24277.0000,0.0000,2135
openmrg,pinned,cc,add_p_ok,0.6765,1.0323,1.2961,0.6796,-12.2172,1.2469,1.0945,24277.0000,0.0000,2146
openmrg,pinned,cc,ked_b,0.6746,1.0230,1.3042,0.6742,-15.2192,1.2610,1.0691,24277.0000,0.0000,2122
openmrg,pinned,cc,ked_p,0.6736,1.0286,1.3062,0.6792,-13.4460,1.2592,1.0899,24277.0000,0.0000,2125
openmrg,pinned,cc,mul_b_ok,0.7046,1.0278,1.2340,0.6587,-8.8319,1.1962,1.0905,24277.0000,0.0000,2237
openmrg,pinned,cc,mul_p_idw,0.6928,1.0645,1.2631,0.6755,-6.4246,1.1845,1.1084,24277.0000,0.0000,2259
openmrg,pinned,cc,mul_p_ok,0.7047,1.0381,1.2395,0.6689,-6.0965,1.1919,1.1192,24277.0000,0.0000,2245
openmrg,pinned,nc,radar,0.5524,1.2746,1.4401,0.8357,-18.8146,1.1177,0.9074,24277.0000,0.0000,2394
openmrg,pinned,nc,add_b_ok,0.6971,1.0070,1.2696,0.6721,-11.8226,1.2521,1.1041,24277.0000,0.0000,2137
openmrg,pinned,nc,add_p_idw,0.6956,1.0161,1.2797,0.6826,-10.0318,1.2533,1.1276,24277.0000,0.0000,2135
openmrg,pinned,nc,add_p_ok,0.6979,1.0167,1.2729,0.6809,-9.1996,1.2469,1.1322,24277.0000,0.0000,2146
openmrg,pinned,nc,ked_b,0.6863,1.0213,1.2972,0.6827,-12.3576,1.2610,1.1052,24277.0000,0.0000,2122
openmrg,pinned,nc,ked_p,0.6874,1.0283,1.3010,0.6899,-10.0681,1.2592,1.1324,24277.0000,0.0000,2125
openmrg,pinned,nc,mul_b_ok,0.6932,1.0045,1.2841,0.6796,-12.3605,1.2688,1.1119,24277.0000,0.0000,2109
openmrg,pinned,nc,mul_p_idw,0.6921,1.0169,1.2912,0.6882,-10.2417,1.2634,1.1340,24277.0000,0.0000,2118
openmrg,pinned,nc,mul_p_ok,0.6937,1.0195,1.2884,0.6890,-9.2373,1.2586,1.1423,24277.0000,0.0000,2126
openmrg,main,default,radar,0.5524,1.2746,1.4401,0.8357,-18.8146,1.1177,0.9074,24277.0000,0.0000,2394
openmrg,main,default,add_b_ok,0.6966,1.0092,1.2662,0.6743,-10.3887,1.2480,1.1184,24277.0000,0.0000,2144
openmrg,main,default,add_p_idw,0.6826,1.0310,1.3057,0.7011,-10.1787,1.2604,1.1321,24277.0000,0.0000,2123
openmrg,main,default,add_p_ok,0.6960,1.0105,1.2666,0.6755,-10.3134,1.2469,1.1183,24277.0000,0.0000,2146
openmrg,main,default,ked_b,0.6873,1.0170,1.2903,0.6828,-11.3506,1.2610,1.1179,24277.0000,0.0000,2122
openmrg,main,default,ked_p,0.6869,1.0184,1.2902,0.6833,-11.2771,1.2592,1.1172,24277.0000,0.0000,2125
openmrg,main,default,mul_b_ok,0.6924,1.0412,1.2822,0.6809,-6.3230,1.2291,1.1514,24277.0000,0.0000,2177
openmrg,main,default,mul_p_idw,0.6775,1.0667,1.3180,0.7012,-6.6838,1.2331,1.1507,24277.0000,0.0000,2170
openmrg,main,default,mul_p_ok,0.6918,1.0424,1.2830,0.6819,-6.2038,1.2286,1.1523,24277.0000,0.0000,2178
openmrg,main,cc,radar,0.5524,1.2746,1.4401,0.8357,-18.8146,1.1177,0.9074,24277.0000,0.0000,2394
openmrg,main,cc,add_b_ok,0.6772,1.0305,1.2952,0.6784,-12.2929,1.2480,1.0946,24277.0000,0.0000,2144
openmrg,main,cc,add_p_idw,0.6662,1.0451,1.3254,0.7034,-11.6860,1.2604,1.1131,24277.0000,0.0000,2123
openmrg,main,cc,add_p_ok,0.6765,1.0323,1.2961,0.6796,-12.2172,1.2469,1.0945,24277.0000,0.0000,2146
openmrg,main,cc,ked_b,0.6741,1.0269,1.3061,0.6787,-13.5147,1.2610,1.0906,24277.0000,0.0000,2122
openmrg,main,cc,ked_p,0.6736,1.0286,1.3062,0.6792,-13.4460,1.2592,1.0899,24277.0000,0.0000,2125
openmrg,main,cc,mul_b_ok,0.7053,1.0376,1.2383,0.6672,-6.1895,1.1914,1.1176,24277.0000,0.0000,2246
openmrg,main,cc,mul_p_idw,0.6927,1.0604,1.2677,0.6846,-6.2352,1.1935,1.1191,24277.0000,0.0000,2242
openmrg,main,cc,mul_p_ok,0.7047,1.0381,1.2395,0.6689,-6.0965,1.1919,1.1192,24277.0000,0.0000,2245
openmrg,main,nc,radar,0.5524,1.2746,1.4401,0.8357,-18.8146,1.1177,0.9074,24277.0000,0.0000,2394
openmrg,main,nc,add_b_ok,0.6987,1.0149,1.2719,0.6793,-9.2996,1.2480,1.1320,24277.0000,0.0000,2144
openmrg,main,nc,add_p_idw,0.6856,1.0332,1.3079,0.7028,-9.6125,1.2604,1.1392,24277.0000,0.0000,2123
openmrg,main,nc,add_p_ok,0.6979,1.0167,1.2729,0.6809,-9.1996,1.2469,1.1322,24277.0000,0.0000,2146
openmrg,main,nc,ked_b,0.6879,1.0265,1.3008,0.6891,-10.1562,1.2610,1.1329,24277.0000,0.0000,2122
openmrg,main,nc,ked_p,0.6874,1.0283,1.3010,0.6899,-10.0681,1.2592,1.1324,24277.0000,0.0000,2125
openmrg,main,nc,mul_b_ok,0.6942,1.0173,1.2882,0.6881,-9.3684,1.2610,1.1428,24277.0000,0.0000,2122
openmrg,main,nc,mul_p_idw,0.6836,1.0352,1.3137,0.7058,-9.8285,1.2634,1.1392,24277.0000,0.0000,2118
openmrg,main,nc,mul_p_ok,0.6937,1.0195,1.2884,0.6890,-9.2373,1.2586,1.1423,24277.0000,0.0000,2126
openmrg,main,mapping,idw_map,0.6977,1.0038,1.2747,0.6649,-10.6928,1.2628,1.1277,24277.0000,0.0000,2119
openmrg,main,mapping,idw_map@cml+pws,0.7063,0.9852,1.2567,0.6586,-11.0642,1.2676,1.1273,24277.0000,0.0000,2111
openmrg,main,mapping,idw_map@pws,0.8193,0.7936,1.0080,0.5329,-13.7481,1.2515,1.0795,24277.0000,0.0000,2138
openmrg,main,mapping,okb_map,0.7013,0.9977,1.2676,0.6615,-10.1297,1.2640,1.1359,24277.0000,0.0000,2117
openmrg,main,mapping,okb_map@cml+pws,0.7105,0.9784,1.2470,0.6520,-10.7058,1.2670,1.1313,24277.0000,0.0000,2112
openmrg,main,mapping,okb_map@pws,0.8056,0.8333,1.0296,0.5456,-11.7254,1.2235,1.0800,24277.0000,0.0000,2187
openmrg,main,mapping,okp_map,0.7003,0.9999,1.2689,0.6631,-10.0316,1.2628,1.1361,24277.0000,0.0000,2119
openmrg,main,mapping,okp_map@cml+pws,0.7098,0.9793,1.2475,0.6530,-10.6991,1.2664,1.1309,24277.0000,0.0000,2113
openmrg,main,mapping,okp_map@pws,0.8056,0.8333,1.0296,0.5456,-11.7254,1.2235,1.0800,24277.0000,0.0000,2187
openmrg,main,mapping,radolan,0.7170,1.0598,1.1867,0.6011,-9.8699,1.1149,1.0049,24277.0000,0.0000,2400
openmrg,main,stations,add_b_ok@cml+pws,0.7022,0.9973,1.2561,0.6689,-10.8120,1.2521,1.1167,24277.0000,0.0000,2137
openmrg,main,stations,add_b_ok@pws,0.7176,0.9538,1.2278,0.6570,-16.1008,1.2694,1.0650,24277.0000,0.0000,2108
openmrg,main,stations,add_p_idw@cml+pws,0.6881,1.0197,1.2949,0.6956,-10.3244,1.2634,1.1329,24277.0000,0.0000,2118
openmrg,main,stations,add_p_idw@pws,0.7257,0.9352,1.2180,0.6466,-16.4084,1.2827,1.0723,24277.0000,0.0000,2086
openmrg,main,stations,ked_b@cml+pws,0.6953,1.0001,1.2752,0.6717,-11.7782,1.2664,1.1172,24277.0000,0.0000,2113
openmrg,main,stations,ked_b@pws,0.7270,0.9365,1.2139,0.6377,-18.8882,1.2706,1.0306,24277.0000,0.0000,2106
openmrg,main,stations,mul_b_ok@cml+pws,0.7049,1.0188,1.2504,0.6644,-6.1218,1.2252,1.1502,24277.0000,0.0000,2184
openmrg,main,stations,mul_b_ok@pws,0.6096,1.3597,1.5400,0.7417,5.0303,1.1319,1.1888,24277.0000,0.0000,2364
openmrg,main,stations,radolan@cml+pws,0.7217,1.0470,1.1768,0.6005,-10.1727,1.1186,1.0048,24277.0000,0.0000,2392
openmrg,main,stations,radolan@pws,0.7112,1.0013,1.2236,0.6362,-21.3805,1.1951,0.9396,24277.0000,0.0000,2239
openmrg,main,vg5km,add_b_ok,0.6798,1.0362,1.3163,0.7118,-11.3407,1.2628,1.1196,24277.0000,0.0000,2119
openmrg,main,vgfit,add_b_ok,0.6962,1.0093,1.2675,0.6751,-10.3761,1.2492,1.1196,24277.0000,0.0000,2142
openmrg,main,c0within,add_b_ok,0.6965,1.0101,1.2669,0.6758,-10.0610,1.2480,1.1225,24277.0000,0.0000,2144
openrainer,pinned,default,radar,0.7489,2.1466,3.5764,2.0198,107.1053,1.4908,3.0875,704033.0000,66287.0000,26516
openrainer,pinned,default,add_b_ok,0.7502,1.6259,3.1888,1.5565,29.1484,1.9305,2.4932,704033.0000,66287.0000,20477
openrainer,pinned,default,add_p_idw,0.7581,1.6215,3.1433,1.5389,31.6360,1.9026,2.5045,704033.0000,66287.0000,20777
openrainer,pinned,default,add_p_ok,0.7583,1.6083,3.1965,1.5689,33.5085,1.9457,2.5976,704033.0000,66287.0000,20317
openrainer,pinned,default,ked_b,0.7307,1.5184,3.1110,1.2645,-11.0078,2.0435,1.8186,704033.0000,66287.0000,19344
openrainer,pinned,default,ked_p,0.7343,1.5193,3.0818,1.2598,-6.2247,2.0268,1.9006,704033.0000,66287.0000,19504
openrainer,pinned,default,mul_b_ok,0.6349,2.0107,3.3743,1.3407,9.1169,1.6764,1.8293,704033.0000,66287.0000,23580
openrainer,pinned,default,mul_p_idw,0.5736,2.5275,4.2694,1.4015,24.0888,1.6816,2.0866,704033.0000,66287.0000,23508
openrainer,pinned,default,mul_p_ok,0.6451,2.1611,3.5724,1.3612,27.4975,1.6398,2.0907,704033.0000,66287.0000,24107
openrainer,pinned,cc,radar,0.7489,2.1466,3.5764,2.0198,107.1053,1.4908,3.0875,704033.0000,66287.0000,26516
openrainer,pinned,cc,add_p_ok,0.7507,1.7160,3.4192,1.7086,48.0789,1.9187,2.8411,704033.0000,66287.0000,20603
openrainer,pinned,cc,ked_p,0.7045,1.6059,3.2678,1.3325,-2.0127,2.0347,1.9938,704033.0000,66287.0000,19428
openrainer,pinned,cc,mul_p_ok,0.6692,2.1816,3.4286,1.4214,42.7184,1.5423,2.2012,704033.0000,66287.0000,25630
openrainer,pinned,nc,radar,0.7489,2.1466,3.5764,2.0198,107.1053,1.4908,3.0875,704033.0000,66287.0000,26516
openrainer,pinned,nc,add_p_ok,0.6802,2.0241,4.0164,1.7072,40.6208,1.9455,2.7358,704033.0000,66287.0000,20319
openrainer,pinned,nc,ked_p,0.5104,2.6292,5.3176,1.5281,10.6822,2.0209,2.2367,704033.0000,66287.0000,19561
openrainer,pinned,nc,mul_p_ok,0.1805,7.9290,16.0277,2.1270,38.7082,2.0190,2.8005,704033.0000,66287.0000,19579
openrainer,main,default,radar,0.7489,2.1466,3.5764,2.0198,107.1053,1.4908,3.0875,704033.0000,66287.0000,26516
openrainer,main,default,add_b_ok,0.7576,1.6075,3.1859,1.5604,32.4688,1.9426,2.5734,704033.0000,66287.0000,20349
openrainer,main,default,add_p_idw,0.7581,1.6136,3.1891,1.5603,32.9302,1.9365,2.5742,704033.0000,66287.0000,20413
openrainer,main,default,add_p_ok,0.7583,1.6083,3.1965,1.5689,33.5085,1.9457,2.5976,704033.0000,66287.0000,20317
openrainer,main,default,ked_b,0.7349,1.5149,3.0803,1.2581,-7.0203,2.0312,1.8886,704033.0000,66287.0000,19462
openrainer,main,default,ked_p,0.7343,1.5193,3.0818,1.2598,-6.2247,2.0268,1.9006,704033.0000,66287.0000,19504
openrainer,main,default,mul_b_ok,0.6485,2.1147,3.5049,1.3432,24.4738,1.6464,2.0493,704033.0000,66287.0000,24010
openrainer,main,default,mul_p_idw,0.6451,2.1474,3.5813,1.3428,24.7045,1.6568,2.0661,704033.0000,66287.0000,23859
openrainer,main,default,mul_p_ok,0.6451,2.1611,3.5724,1.3612,27.4975,1.6398,2.0907,704033.0000,66287.0000,24107
openrainer,main,cc,radar,0.7489,2.1466,3.5764,2.0198,107.1053,1.4908,3.0875,704033.0000,66287.0000,26516
openrainer,main,cc,add_b_ok,0.7505,1.7146,3.4082,1.6993,47.2441,1.9163,2.8217,704033.0000,66287.0000,20628
openrainer,main,cc,add_p_idw,0.7512,1.7207,3.4120,1.7023,48.2519,1.9093,2.8306,704033.0000,66287.0000,20704
openrainer,main,cc,add_p_ok,0.7507,1.7160,3.4192,1.7086,48.0789,1.9187,2.8411,704033.0000,66287.0000,20603
openrainer,main,cc,ked_b,0.7043,1.6034,3.2679,1.3299,-2.6629,2.0377,1.9835,704033.0000,66287.0000,19399
openrainer,main,cc,ked_p,0.7045,1.6059,3.2678,1.3325,-2.0127,2.0347,1.9938,704033.0000,66287.0000,19428
openrainer,main,cc,mul_b_ok,0.6671,2.1662,3.4073,1.4083,40.1940,1.5466,2.1682,704033.0000,66287.0000,25560
openrainer,main,cc,mul_p_idw,0.6637,2.2035,3.4697,1.3985,39.7282,1.5496,2.1652,704033.0000,66287.0000,25510
openrainer,main,cc,mul_p_ok,0.6692,2.1816,3.4286,1.4214,42.7184,1.5423,2.2012,704033.0000,66287.0000,25630
openrainer,main,nc,radar,0.7489,2.1466,3.5764,2.0198,107.1053,1.4908,3.0875,704033.0000,66287.0000,26516
openrainer,main,nc,add_b_ok,0.6868,1.9735,3.9044,1.6814,38.3117,1.9421,2.6862,704033.0000,66287.0000,20354
openrainer,main,nc,add_p_idw,0.6826,2.0071,3.9565,1.6597,37.3376,1.9380,2.6617,704033.0000,66287.0000,20397
openrainer,main,nc,add_p_ok,0.6802,2.0241,4.0164,1.7072,40.6208,1.9455,2.7358,704033.0000,66287.0000,20319
openrainer,main,nc,ked_b,0.5213,2.5172,5.1012,1.5003,8.1968,2.0254,2.1914,704033.0000,66287.0000,19517
openrainer,main,nc,ked_p,0.5104,2.6292,5.3176,1.5281,10.6822,2.0209,2.2367,704033.0000,66287.0000,19561
openrainer,main,nc,mul_b_ok,0.1789,7.8525,15.9252,2.0993,35.5766,2.0259,2.7467,704033.0000,66287.0000,19512
openrainer,main,nc,mul_p_idw,0.2206,7.6374,15.4531,2.1075,38.4660,2.0208,2.7981,704033.0000,66287.0000,19562
openrainer,main,nc,mul_p_ok,0.1805,7.9290,16.0277,2.1270,38.7082,2.0190,2.8005,704033.0000,66287.0000,19579
openrainer,main,mapping,idw_map,0.3659,2.9130,5.1452,1.7445,1.2821,1.7663,1.7889,704033.0000,66746.0000,22272
openrainer,main,mapping,okb_map,0.4254,2.5028,4.1407,1.6228,-1.9968,1.6544,1.6214,704033.0000,66746.0000,23778
openrainer,main,mapping,okp_map,0.4124,2.5813,4.2279,1.6415,0.4725,1.6379,1.6456,704033.0000,66746.0000,24018
openrainer,main,mapping,radolan,0.7359,1.8745,2.9741,1.2984,32.7273,1.5630,2.0745,704033.0000,66287.0000,25292
openrainer,main,vg5km,add_b_ok,0.7492,1.6492,3.2954,1.6365,36.1763,1.9517,2.6578,704033.0000,66287.0000,20254
openrainer,main,vgfit,add_b_ok,0.7588,1.6065,3.1964,1.5714,33.6606,1.9473,2.6028,704033.0000,66287.0000,20300
openrainer,main,c0within,add_b_ok,0.7585,1.6106,3.1970,1.5693,33.8789,1.9425,2.6006,704033.0000,66287.0000,20350
