event_id,start,end,duration_h,wet_hours,total_mm,max_cell_mm,peak_hour,peak_hourly_mm,max_cell_hourly_mm,ptype,snow_fraction,cool_rain_fraction,flag_samples,asos,asos_precip_mm,min_temp_c,rank,in_openmesh,selected
20231029T08,2023-10-29 08:00:00,2023-10-30 13:00:00,29,20,18.89,35.7,2023-10-30 11:00:00,4.72,9.9,rain,0.0,,0,"{""rain"": 72}","{""EWR"": 24.1, ""JFK"": 14.5, ""LGA"": 24.9, ""NYC"": 26.9}",10.6,16,True,False
20231121T18,2023-11-21 18:00:00,2023-11-22 11:00:00,17,17,42.14,59.5,2023-11-22 08:00:00,6.18,12.6,rain,0.0,,0,"{""rain"": 66}","{""EWR"": 56.4, ""JFK"": 30.2, ""LGA"": 60.2, ""NYC"": 62.5}",6.1,5,True,True
20231126T20,2023-11-26 20:00:00,2023-11-27 06:00:00,10,10,13.65,28.8,2023-11-27 04:00:00,4.74,13.4,rain,0.0,,0,"{""rain"": 36}","{""EWR"": 17.0, ""JFK"": 9.1, ""LGA"": 8.4, ""NYC"": 9.1}",8.9,25,True,False
20231201T17,2023-12-01 17:00:00,2023-12-02 03:00:00,10,8,10.55,16.0,2023-12-02 00:00:00,3.01,4.9,rain,0.0,,0,"{""rain"": 27}","{""EWR"": 9.6, ""JFK"": 13.2, ""LGA"": 11.7, ""NYC"": 10.4}",6.7,29,True,False
20231203T08,2023-12-03 08:00:00,2023-12-04 03:00:00,19,14,16.83,23.2,2023-12-03 15:00:00,3.37,5.3,rain,0.0,,0,"{""rain"": 63}","{""EWR"": 19.0, ""JFK"": 18.8, ""LGA"": 16.0, ""NYC"": 13.7}",8.0,17,True,False
20231210T16,2023-12-10 16:00:00,2023-12-11 15:00:00,23,22,50.8,97.5,2023-12-11 02:00:00,6.48,13.3,rain,0.0,0.0101070315390465,132,"{""rain"": 83}","{""EWR"": 34.5, ""JFK"": 75.5, ""LGA"": 47.0, ""NYC"": 42.4}",3.0,4,True,True
20231217T18,2023-12-17 18:00:00,2023-12-18 19:00:00,25,21,68.01,102.1,2023-12-18 08:00:00,11.19,19.3,rain,0.0,,0,"{""rain"": 80}","{""EWR"": 80.8, ""JFK"": 40.4, ""LGA"": 59.9, ""NYC"": 62.8}",9.4,2,True,True
20231224T05,2023-12-24 05:00:00,2023-12-24 11:00:00,6,4,1.71,5.9,2023-12-24 11:00:00,0.84,4.5,rain,0.0,0.711001139294674,24,"{""rain"": 10}","{""EWR"": 0.3, ""JFK"": 0.0, ""LGA"": 0.0, ""NYC"": 0.3}",4.4,43,True,False
20231227T15,2023-12-27 15:00:00,2023-12-28 13:00:00,22,16,40.33,64.2,2023-12-28 08:00:00,8.92,14.5,rain,0.0,,0,"{""rain"": 66}","{""EWR"": 42.7, ""JFK"": 43.2, ""LGA"": 33.3, ""NYC"": 37.3}",6.7,8,True,False
20240106T19,2024-01-06 19:00:00,2024-01-07 18:00:00,23,18,18.4,37.0,2024-01-07 03:00:00,2.48,10.6,mix,0.0447952458639507,0.898558446961242,108,"{""rain"": 56, ""snow"": 18, ""mix"": 15}","{""EWR"": 16.0, ""JFK"": 20.8, ""LGA"": 12.9, ""NYC"": 16.5}",0.6,1,True,True
20240109T16,2024-01-09 16:00:00,2024-01-10 11:00:00,19,17,60.38,84.5,2024-01-10 05:00:00,9.19,21.1,rain,0.0,,0,"{""rain"": 62}","{""EWR"": 56.4, ""JFK"": 47.5, ""LGA"": 57.6, ""NYC"": 49.5}",6.1,3,True,True
20240113T03,2024-01-13 03:00:00,2024-01-13 18:00:00,15,10,24.26,33.2,2024-01-13 08:00:00,7.15,11.0,rain,0.0,,0,"{""rain"": 32}","{""EWR"": 23.4, ""JFK"": 30.2, ""LGA"": 27.7, ""NYC"": 22.6}",7.8,11,True,False
20240116T03,2024-01-16 03:00:00,2024-01-16 21:00:00,18,17,12.63,19.2,2024-01-16 16:00:00,2.21,4.2,mix,0.968789908047488,0.0312100919525121,102,"{""snow"": 43, ""freezing"": 27, ""mix"": 2}","{""EWR"": 6.8, ""JFK"": 9.6, ""LGA"": 9.4, ""NYC"": 7.9}",-4.0,3,True,True
20240119T15,2024-01-19 15:00:00,2024-01-19 20:00:00,5,5,1.73,4.3,2024-01-19 18:00:00,0.45,1.3,snow,1.0,0.0,30,"{""snow"": 20}","{""EWR"": 0.3, ""JFK"": 0.3, ""LGA"": 0.8, ""NYC"": 1.0}",-2.2,2,True,True
20240124T19,2024-01-24 19:00:00,2024-01-25 19:00:00,24,16,6.85,18.4,2024-01-25 11:00:00,1.02,2.2,rain,0.0,0.163541018967697,96,"{""rain"": 74}","{""EWR"": 5.8, ""JFK"": 8.1, ""LGA"": 6.8, ""NYC"": 7.1}",4.4,34,True,False
20240126T05,2024-01-26 05:00:00,2024-01-26 13:00:00,8,8,4.3,8.8,2024-01-26 10:00:00,0.86,2.2,rain,0.0,0.2409929695207492,48,"{""rain"": 29}","{""EWR"": 5.6, ""JFK"": 4.3, ""LGA"": 5.1, ""NYC"": 4.3}",4.4,38,True,False
20240128T06,2024-01-28 06:00:00,2024-01-28 23:00:00,17,15,23.76,33.0,2024-01-28 14:00:00,4.13,5.9,rain,0.0,0.8773127721758509,90,"{""rain"": 65}","{""EWR"": 23.4, ""JFK"": 22.6, ""LGA"": 23.1, ""NYC"": 20.3}",3.0,12,True,False
20240129T07,2024-01-29 07:00:00,2024-01-29 12:00:00,5,5,3.55,10.7,2024-01-29 09:00:00,1.15,4.0,rain,0.0,1.0,30,"{""rain"": 16, ""mix"": 1}","{""EWR"": 0.5, ""JFK"": 0.8, ""LGA"": 1.5, ""NYC"": 0.8}",1.7,39,True,False
20240202T05,2024-02-02 05:00:00,2024-02-02 19:00:00,14,10,5.83,14.2,2024-02-02 08:00:00,1.33,5.2,rain,0.0,0.3647948017681162,60,"{""rain"": 38}","{""EWR"": 5.1, ""JFK"": 4.8, ""LGA"": 5.9, ""NYC"": 8.1}",3.9,35,True,False
20240213T03,2024-02-13 03:00:00,2024-02-13 18:00:00,15,15,17.19,29.7,2024-02-13 14:00:00,2.52,5.2,mix,0.2355563101579637,0.7481846312051739,90,"{""snow"": 37, ""mix"": 12, ""rain"": 5}","{""EWR"": 14.7, ""JFK"": 16.5, ""LGA"": 16.3, ""NYC"": 19.5}",0.0,2,True,True
20240217T05,2024-02-17 05:00:00,2024-02-17 14:00:00,9,9,7.5,18.4,2024-02-17 08:00:00,1.73,4.0,snow,0.7971217675468754,0.2028782324531246,54,"{""snow"": 36}","{""EWR"": 8.4, ""JFK"": 8.1, ""LGA"": 5.6, ""NYC"": 4.6}",-2.0,1,True,True
20240222T21,2024-02-22 21:00:00,2024-02-23 07:00:00,10,9,3.39,6.1,2024-02-23 06:00:00,0.84,2.3,rain,0.0,0.9635650048923536,54,"{""rain"": 27}","{""EWR"": 1.5, ""JFK"": 2.5, ""LGA"": 2.0, ""NYC"": 1.8}",3.9,40,True,False
20240227T22,2024-02-27 22:00:00,2024-02-29 04:00:00,30,16,16.55,25.6,2024-02-28 01:00:00,4.66,10.4,rain,0.0,,0,"{""rain"": 62}","{""EWR"": 14.5, ""JFK"": 10.4, ""LGA"": 17.3, ""NYC"": 17.5}",8.3,18,True,False
20240302T12,2024-03-02 12:00:00,2024-03-03 00:00:00,12,12,31.02,42.0,2024-03-02 22:00:00,5.35,10.7,rain,0.0,0.0395234996853023,72,"{""rain"": 48}","{""EWR"": 33.0, ""JFK"": 36.8, ""LGA"": 34.8, ""NYC"": 28.4}",5.0,10,True,False
20240305T10,2024-03-05 10:00:00,2024-03-05 22:00:00,12,10,12.01,19.4,2024-03-05 14:00:00,3.19,6.3,rain,0.0,0.0482628241603224,60,"{""rain"": 47}","{""EWR"": 13.4, ""JFK"": 10.4, ""LGA"": 11.7, ""NYC"": 10.6}",5.0,27,True,False
20240306T17,2024-03-06 17:00:00,2024-03-07 12:00:00,19,17,38.53,59.2,2024-03-07 00:00:00,6.7,12.0,rain,0.0,,0,"{""rain"": 65}","{""EWR"": 26.4, ""JFK"": 51.6, ""LGA"": 43.4, ""NYC"": 33.3}",6.7,9,True,False
20240309T18,2024-03-09 18:00:00,2024-03-10 11:00:00,17,13,40.96,61.9,2024-03-10 02:00:00,9.07,12.9,rain,0.0,0.0135977983839501,78,"{""rain"": 50}","{""EWR"": 36.8, ""JFK"": 43.9, ""LGA"": 43.2, ""NYC"": 39.4}",5.6,7,True,False
20240310T19,2024-03-10 19:00:00,2024-03-10 22:00:00,3,3,1.14,5.0,2024-03-10 21:00:00,0.56,2.7,rain,0.0,0.0269785213585384,18,"{""rain"": 3}","{""EWR"": 0.0, ""JFK"": 0.0, ""LGA"": 0.0, ""NYC"": 0.3}",3.9,46,True,False
20240323T06,2024-03-23 06:00:00,2024-03-23 22:00:00,16,16,72.04,96.6,2024-03-23 19:00:00,13.32,20.2,rain,0.0,0.2501912045183202,96,"{""rain"": 63}","{""EWR"": 72.9, ""JFK"": 79.5, ""LGA"": 88.1, ""NYC"": 93.0}",3.3,1,True,True
20240327T21,2024-03-27 21:00:00,2024-03-29 03:00:00,30,24,22.48,45.1,2024-03-28 07:00:00,3.83,8.4,rain,0.0,,0,"{""rain"": 89}","{""EWR"": 13.2, ""JFK"": 27.2, ""LGA"": 20.3, ""NYC"": 19.3}",7.2,14,True,False
20240402T10,2024-04-02 10:00:00,2024-04-03 01:00:00,15,14,23.6,28.3,2024-04-02 19:00:00,5.72,7.5,rain,0.0,,0,"{""rain"": 60}","{""EWR"": 25.6, ""JFK"": 25.4, ""LGA"": 22.9, ""NYC"": 21.8}",7.0,13,True,False
20240403T07,2024-04-03 07:00:00,2024-04-04 09:00:00,26,26,41.9,60.3,2024-04-03 22:00:00,5.49,14.8,rain,0.0,0.3209095188646221,156,"{""rain"": 100, ""mix"": 1}","{""EWR"": 49.5, ""JFK"": 35.6, ""LGA"": 48.0, ""NYC"": 43.9}",2.8,6,True,False
20240411T19,2024-04-11 19:00:00,2024-04-12 18:00:00,23,17,14.86,26.7,2024-04-12 17:00:00,2.8,11.1,rain,0.0,,0,"{""rain"": 55}","{""EWR"": 12.4, ""JFK"": 5.9, ""LGA"": 14.0, ""NYC"": 13.9}",11.7,22,True,False
20240415T00,2024-04-15 00:00:00,2024-04-15 03:00:00,3,3,1.46,5.0,2024-04-15 02:00:00,0.99,3.7,rain,0.0,,0,"{""rain"": 6}","{""EWR"": 1.0, ""JFK"": 0.3, ""LGA"": 1.5, ""NYC"": 2.3}",12.2,44,True,False
20240420T10,2024-04-20 10:00:00,2024-04-20 14:00:00,4,4,2.68,6.4,2024-04-20 12:00:00,1.11,3.9,rain,0.0,,0,"{""rain"": 7}","{""EWR"": 1.3, ""JFK"": 4.3, ""LGA"": 1.8, ""NYC"": 1.3}",9.4,42,True,False
20240429T19,2024-04-29 19:00:00,2024-04-29 23:00:00,4,4,1.11,14.9,2024-04-29 21:00:00,0.46,14.5,rain,0.0,,0,"{""rain"": 2}","{""EWR"": 0.5, ""JFK"": 0.0, ""LGA"": 0.0, ""NYC"": 0.5}",19.4,47,True,False
20240505T17,2024-05-05 17:00:00,2024-05-06 06:00:00,13,13,8.32,13.8,2024-05-05 20:00:00,1.89,5.4,rain,0.0,,0,"{""rain"": 39}","{""EWR"": 7.6, ""JFK"": 5.8, ""LGA"": 9.4, ""NYC"": 7.9}",10.6,31,True,False
20240508T11,2024-05-08 11:00:00,2024-05-08 13:00:00,2,2,4.78,12.2,2024-05-08 12:00:00,2.48,12.2,rain,0.0,,0,"{""rain"": 6}","{""EWR"": 1.3, ""JFK"": 1.3, ""LGA"": 5.3, ""NYC"": 5.3}",15.6,37,True,False
20240510T05,2024-05-10 05:00:00,2024-05-11 02:00:00,21,19,11.35,19.6,2024-05-10 09:00:00,2.14,5.5,rain,0.0,,0,"{""rain"": 58}","{""EWR"": 8.4, ""JFK"": 7.3, ""LGA"": 5.3, ""NYC"": 5.8}",9.4,28,True,False
20240512T09,2024-05-12 09:00:00,2024-05-12 17:00:00,8,8,5.46,16.2,2024-05-12 15:00:00,1.23,7.6,rain,0.0,,0,"{""rain"": 28}","{""EWR"": 9.7, ""JFK"": 1.3, ""LGA"": 2.5, ""NYC"": 3.8}",8.9,36,True,False
20240514T22,2024-05-14 22:00:00,2024-05-16 10:00:00,36,26,9.38,21.0,2024-05-15 07:00:00,1.33,3.7,rain,0.0,,0,"{""rain"": 103}","{""EWR"": 10.6, ""JFK"": 8.6, ""LGA"": 8.9, ""NYC"": 13.2}",14.0,30,True,False
20240518T19,2024-05-18 19:00:00,2024-05-19 01:00:00,6,6,1.34,2.9,2024-05-18 22:00:00,0.31,0.9,rain,0.0,,0,"{""rain"": 22}","{""EWR"": 1.0, ""JFK"": 0.5, ""LGA"": 0.5, ""NYC"": 0.8}",15.0,45,True,False
20240523T13,2024-05-23 13:00:00,2024-05-23 15:00:00,2,2,12.28,28.1,2024-05-23 14:00:00,7.66,23.1,rain,0.0,,0,"{""rain"": 8}","{""EWR"": 16.0, ""JFK"": 14.0, ""LGA"": 10.4, ""NYC"": 19.8}",18.3,26,True,False
20240527T10,2024-05-27 10:00:00,2024-05-28 00:00:00,14,9,16.37,33.2,2024-05-27 19:00:00,8.49,19.6,rain,0.0,,0,"{""rain"": 21}","{""EWR"": 8.4, ""JFK"": 14.7, ""LGA"": 18.8, ""NYC"": 24.4}",18.9,20,True,False
20240530T00,2024-05-30 00:00:00,2024-05-30 10:00:00,10,10,16.53,45.4,2024-05-30 02:00:00,6.76,38.8,rain,0.0,,0,"{""rain"": 30}","{""EWR"": 7.4, ""JFK"": 11.4, ""LGA"": 10.4, ""NYC"": 21.1}",14.0,19,True,False
20240606T04,2024-06-06 04:00:00,2024-06-06 10:00:00,6,6,14.99,31.7,2024-06-06 09:00:00,5.97,25.2,rain,0.0,,0,"{""rain"": 19}","{""EWR"": 7.9, ""JFK"": 14.5, ""LGA"": 9.1, ""NYC"": 9.7}",20.6,21,True,False
20240606T18,2024-06-06 18:00:00,2024-06-07 02:00:00,8,5,8.26,33.5,2024-06-06 20:00:00,4.01,22.2,rain,0.0,,0,"{""rain"": 10}","{""EWR"": 6.1, ""JFK"": 0.3, ""LGA"": 5.3, ""NYC"": 9.9}",20.6,32,True,False
20240614T17,2024-06-14 17:00:00,2024-06-15 02:00:00,9,6,14.05,45.4,2024-06-15 00:00:00,7.29,35.5,rain,0.0,,0,"{""rain"": 10}","{""EWR"": 5.3, ""JFK"": 21.6, ""LGA"": 6.4, ""NYC"": 7.1}",18.3,24,True,False
20240622T17,2024-06-22 17:00:00,2024-06-23 04:00:00,11,8,8.2,49.0,2024-06-22 20:00:00,1.98,32.6,rain,0.0,,0,"{""rain"": 17}","{""EWR"": 1.0, ""JFK"": 1.0, ""LGA"": 4.8, ""NYC"": 2.5}",23.3,33,True,False
20240627T00,2024-06-27 00:00:00,2024-06-27 09:00:00,9,9,20.37,39.7,2024-06-27 06:00:00,9.31,29.9,rain,0.0,,0,"{""rain"": 21}","{""EWR"": 14.2, ""JFK"": 20.8, ""LGA"": 11.4, ""NYC"": 7.9}",20.0,15,True,False
20240630T01,2024-06-30 01:00:00,2024-06-30 12:00:00,11,7,3.11,7.6,2024-06-30 03:00:00,1.09,4.1,rain,0.0,,0,"{""rain"": 17}","{""EWR"": 2.3, ""JFK"": 1.3, ""LGA"": 1.5, ""NYC"": 2.0}",21.0,41,True,False
20240630T19,2024-06-30 19:00:00,2024-06-30 23:00:00,4,4,14.66,46.5,2024-06-30 22:00:00,7.69,38.8,rain,0.0,,0,"{""rain"": 9}","{""EWR"": 7.6, ""JFK"": 13.7, ""LGA"": 2.8, ""NYC"": 4.1}",21.1,23,True,False
20201216T20,2020-12-16 20:00:00,2020-12-17 17:00:00,21,21,24.9,33.5,2020-12-17 00:00:00,2.66,5.4,snow,0.8461261843402864,0.1520628655459618,42,"{""snow"": 72, ""mix"": 11}","{""EWR"": 14.7, ""JFK"": 3.0, ""LGA"": 17.5, ""NYC"": 38.6}",-4.4,5,False,True
20210103T14,2021-01-03 14:00:00,2021-01-04 08:00:00,18,14,7.28,14.1,2021-01-03 16:00:00,1.09,4.1,mix,0.0374132838639425,0.9537142820753596,28,"{""rain"": 39, ""mix"": 9, ""snow"": 2, ""unknown"": 1}","{""EWR"": 6.4, ""JFK"": 3.3, ""LGA"": 4.3, ""NYC"": 6.1}",0.6,28,False,False
20210126T16,2021-01-26 16:00:00,2021-01-26 19:00:00,3,3,1.12,3.4,2021-01-26 18:00:00,0.53,1.9,mix,0.6695046998049885,0.3304953001950115,6,"{""snow"": 11, ""mix"": 1}","{""EWR"": 2.0, ""JFK"": 1.5, ""LGA"": 0.5, ""NYC"": 1.0}",-0.6,46,False,False
20210131T19,2021-01-31 19:00:00,2021-02-02 21:00:00,50,41,52.87,76.6,2021-02-01 16:00:00,3.91,9.0,snow,0.9390345888434624,0.0609654111565375,82,"{""snow"": 159, ""mix"": 15, ""freezing"": 5, ""rain"": 2}","{""EWR"": 41.4, ""JFK"": 19.8, ""LGA"": 24.1, ""NYC"": 52.8}",-6.0,3,False,True
20210207T14,2021-02-07 14:00:00,2021-02-07 22:00:00,8,8,9.4,13.0,2021-02-07 16:00:00,1.85,3.5,mix,0.6988756619381584,0.3011243380618416,16,"{""snow"": 31, ""mix"": 1}","{""EWR"": 7.6, ""JFK"": 11.7, ""LGA"": 9.9, ""NYC"": 9.9}",-1.1,24,False,False
20210211T05,2021-02-11 05:00:00,2021-02-11 09:00:00,4,4,2.42,4.0,2021-02-11 07:00:00,0.97,1.6,snow,0.9563808053520328,0.0436191946479672,8,"{""snow"": 16}","{""EWR"": 3.0, ""JFK"": 4.3, ""LGA"": 2.5, ""NYC"": 1.8}",-3.9,11,False,False
20210218T12,2021-02-18 12:00:00,2021-02-18 22:00:00,10,9,14.4,29.3,2021-02-18 18:00:00,4.97,16.1,mix,1.0,0.0,18,"{""snow"": 24, ""mix"": 8, ""freezing"": 8}","{""EWR"": 11.9, ""JFK"": 16.8, ""LGA"": 8.1, ""NYC"": 11.2}",-4.4,15,False,False
20210219T10,2021-02-19 10:00:00,2021-02-20 01:00:00,15,12,5.55,7.9,2021-02-20 00:00:00,0.93,1.5,snow,0.96496311767852,0.0350368823214799,24,"{""snow"": 56, ""freezing"": 4}","{""EWR"": 1.8, ""JFK"": 1.5, ""LGA"": 2.0, ""NYC"": 2.8}",-2.2,9,False,False
20210222T16,2021-02-22 16:00:00,2021-02-22 23:00:00,7,7,12.01,21.0,2021-02-22 19:00:00,3.37,8.0,mix,0.0435306167379985,0.9564693832620016,14,"{""rain"": 16, ""snow"": 5, ""mix"": 4}","{""EWR"": 13.7, ""JFK"": 14.7, ""LGA"": 14.2, ""NYC"": 13.2}",0.6,20,False,False
20210318T14,2021-03-18 14:00:00,2021-03-19 08:00:00,18,16,18.03,25.1,2021-03-18 17:00:00,2.8,4.0,mix,0.0,0.0372903354382824,32,"{""rain"": 61, ""snow"": 5}","{""EWR"": 18.3, ""JFK"": 18.3, ""LGA"": 16.5, ""NYC"": 16.8}",1.7,13,False,False
20220105T10,2022-01-05 10:00:00,2022-01-05 18:00:00,8,8,5.59,10.6,2022-01-05 17:00:00,1.05,4.0,mix,0.4345084568805088,0.5522439693626893,16,"{""rain"": 21, ""mix"": 3, ""freezing"": 2}","{""EWR"": 3.6, ""JFK"": 7.4, ""LGA"": 6.1, ""NYC"": 5.8}",-1.1,33,False,False
20220107T06,2022-01-07 06:00:00,2022-01-07 14:00:00,8,8,12.01,16.4,2022-01-07 09:00:00,2.61,4.0,snow,0.9593536343911664,0.0406463656088335,16,"{""snow"": 32}","{""EWR"": 6.9, ""JFK"": 7.9, ""LGA"": 8.4, ""NYC"": 9.7}",-2.8,8,False,False
20220116T23,2022-01-16 23:00:00,2022-01-17 15:00:00,16,16,42.54,65.3,2022-01-17 09:00:00,8.27,25.0,mix,0.121794363838096,0.5223626689823788,32,"{""rain"": 40, ""snow"": 12, ""mix"": 2}","{""EWR"": 46.7, ""JFK"": 36.8, ""LGA"": 36.1, ""NYC"": 38.6}",-2.2,4,False,True
20220120T08,2022-01-20 08:00:00,2022-01-20 17:00:00,9,9,6.46,9.8,2022-01-20 10:00:00,1.42,3.3,mix,0.0023807462992626,0.6122515856033892,18,"{""rain"": 23, ""snow"": 9, ""mix"": 4}","{""EWR"": 6.4, ""JFK"": 6.4, ""LGA"": 6.4, ""NYC"": 7.6}",0.0,31,False,False
20220129T00,2022-01-29 00:00:00,2022-01-29 21:00:00,21,21,16.62,25.8,2022-01-29 09:00:00,1.35,2.0,snow,0.9980736608733384,0.0019263391266616,42,"{""snow"": 82}","{""EWR"": 7.6, ""JFK"": 6.9, ""LGA"": 8.9, ""NYC"": 22.4}",-9.4,6,False,False
20220203T11,2022-02-03 11:00:00,2022-02-05 05:00:00,42,37,25.73,38.1,2022-02-04 21:00:00,2.25,4.8,mix,0.0910803871557913,0.3713883126165985,74,"{""rain"": 119, ""freezing"": 18, ""snow"": 11, ""mix"": 2, ""unknown"": 2}","{""EWR"": 24.4, ""JFK"": 22.6, ""LGA"": 29.5, ""NYC"": 28.9}",-2.8,10,False,False
20220207T13,2022-02-07 13:00:00,2022-02-07 17:00:00,4,4,1.24,3.3,2022-02-07 15:00:00,0.44,1.2,mix,0.7345290509094783,0.2654709490905217,8,"{""rain"": 9, ""freezing"": 3, ""mix"": 3, ""unknown"": 1}","{""EWR"": 1.5, ""JFK"": 1.5, ""LGA"": 1.3, ""NYC"": 1.5}",-1.1,45,False,False
20220213T06,2022-02-13 06:00:00,2022-02-14 00:00:00,18,16,9.95,13.7,2022-02-13 12:00:00,1.18,2.2,mix,0.662382314734304,0.3082955609441177,32,"{""snow"": 54, ""mix"": 8}","{""EWR"": 4.3, ""JFK"": 6.3, ""LGA"": 4.8, ""NYC"": 5.8}",-1.7,23,False,False
20220225T05,2022-02-25 05:00:00,2022-02-25 16:00:00,11,11,17.56,24.3,2022-02-25 15:00:00,3.3,5.1,mix,0.7920595718838918,0.2079404281161082,22,"{""freezing"": 33, ""rain"": 5, ""unknown"": 2, ""mix"": 1}","{""EWR"": 21.3, ""JFK"": 19.8, ""LGA"": 20.6, ""NYC"": 18.6}",-1.1,14,False,False
20220309T09,2022-03-09 09:00:00,2022-03-10 00:00:00,15,14,12.62,22.8,2022-03-09 16:00:00,2.05,4.0,mix,0.0007017543676538,0.948634629489739,28,"{""mix"": 27, ""rain"": 18, ""snow"": 7}","{""EWR"": 15.2, ""JFK"": 15.5, ""LGA"": 14.7, ""NYC"": 13.2}",0.6,18,False,False
20220312T12,2022-03-12 12:00:00,2022-03-12 23:00:00,11,8,12.54,27.3,2022-03-12 15:00:00,3.79,10.3,mix,0.0889383458475328,0.076683415988532,16,"{""snow"": 15, ""rain"": 11, ""mix"": 11}","{""EWR"": 7.6, ""JFK"": 12.4, ""LGA"": 11.9, ""NYC"": 12.5}",-4.4,19,False,False
20221211T17,2022-12-11 17:00:00,2022-12-12 06:00:00,13,13,6.76,15.7,2022-12-11 23:00:00,1.0,4.7,mix,0.0041086997558178,0.8905806059640067,26,"{""rain"": 30, ""snow"": 15, ""mix"": 5}","{""EWR"": 7.6, ""JFK"": 4.6, ""LGA"": 6.3, ""NYC"": 8.4}",0.6,30,False,False
20221222T16,2022-12-22 16:00:00,2022-12-23 20:00:00,28,22,31.64,54.3,2022-12-23 09:00:00,7.07,22.7,mix,0.0,0.0634338094091531,44,"{""rain"": 67, ""mix"": 4, ""snow"": 4}","{""EWR"": 39.1, ""JFK"": 10.9, ""LGA"": 29.5, ""NYC"": 51.8}",-1.1,8,False,False
20230125T18,2023-01-25 18:00:00,2023-01-26 09:00:00,15,14,35.47,56.3,2023-01-26 03:00:00,5.51,14.8,mix,0.0,0.2589669014413601,28,"{""rain"": 53, ""mix"": 5}","{""EWR"": 33.8, ""JFK"": 30.5, ""LGA"": 37.3, ""NYC"": 33.8}",1.7,5,False,True
20230131T10,2023-01-31 10:00:00,2023-01-31 19:00:00,9,5,1.36,2.8,2023-01-31 12:00:00,0.3,1.6,mix,0.0,0.9998924806703468,10,"{""mix"": 10, ""rain"": 7, ""snow"": 6}","{""EWR"": 1.5, ""JFK"": 0.8, ""LGA"": 1.3, ""NYC"": 1.5}",1.0,44,False,False
20230222T17,2023-02-22 17:00:00,2023-02-22 22:00:00,5,5,4.69,9.4,2023-02-22 21:00:00,1.91,5.3,mix,0.0,0.5430408782769716,10,"{""mix"": 8, ""rain"": 8}","{""EWR"": 4.8, ""JFK"": 4.1, ""LGA"": 4.8, ""NYC"": 3.6}",2.8,36,False,False
20230227T23,2023-02-27 23:00:00,2023-02-28 10:00:00,11,11,13.26,22.2,2023-02-28 06:00:00,2.97,8.7,mix,0.1589189851799004,0.8394668537320585,20,"{""snow"": 26, ""mix"": 16}","{""EWR"": 15.5, ""JFK"": 14.7, ""LGA"": 13.2, ""NYC"": 11.4}",0.0,17,False,False
20230228T18,2023-02-28 18:00:00,2023-02-28 20:00:00,2,2,1.47,3.4,2023-02-28 20:00:00,0.76,1.9,mix,0.0132414580883369,0.986758541911663,2,"{""rain"": 4, ""mix"": 2, ""snow"": 1}","{""EWR"": 0.0, ""JFK"": 0.3, ""LGA"": 0.3, ""NYC"": 0.3}",1.1,43,False,False
20230304T01,2023-03-04 01:00:00,2023-03-04 11:00:00,10,10,30.45,49.5,2023-03-04 07:00:00,8.16,21.6,mix,0.0,0.3700854215158815,20,"{""rain"": 37, ""mix"": 2}","{""EWR"": 37.8, ""JFK"": 23.9, ""LGA"": 32.0, ""NYC"": 28.2}",4.0,9,False,False
20230307T04,2023-03-07 04:00:00,2023-03-07 12:00:00,8,7,3.96,7.2,2023-03-07 08:00:00,1.15,5.2,mix,0.0509879154366982,0.3656474303635704,14,"{""snow"": 19, ""rain"": 3, ""mix"": 3}","{""EWR"": 3.3, ""JFK"": 2.0, ""LGA"": 1.3, ""NYC"": 1.5}",0.0,38,False,False
20230310T21,2023-03-10 21:00:00,2023-03-11 16:00:00,19,18,21.16,36.7,2023-03-11 03:00:00,2.53,4.7,mix,0.0,0.5061677282898329,36,"{""rain"": 61, ""mix"": 5, ""snow"": 2}","{""EWR"": 16.5, ""JFK"": 21.1, ""LGA"": 16.5, ""NYC"": 19.3}",1.7,12,False,False
20230313T08,2023-03-13 08:00:00,2023-03-15 00:00:00,40,32,23.46,33.2,2023-03-14 04:00:00,2.94,8.5,mix,0.0121729819858104,0.597875647450274,64,"{""rain"": 97, ""snow"": 46, ""mix"": 4}","{""EWR"": 15.7, ""JFK"": 29.7, ""LGA"": 17.2, ""NYC"": 20.3}",0.6,11,False,False
20241205T01,2024-12-05 01:00:00,2024-12-05 12:00:00,11,10,5.14,15.6,2024-12-05 06:00:00,1.32,4.1,mix,0.0,0.7513826985390691,20,"{""mix"": 15, ""rain"": 11, ""snow"": 3}","{""EWR"": 1.8, ""JFK"": 5.9, ""LGA"": 3.3, ""NYC"": 2.5}",1.0,34,False,False
20241220T16,2024-12-20 16:00:00,2024-12-21 13:00:00,21,16,7.14,9.5,2024-12-21 11:00:00,1.17,1.7,mix,0.6127420692509257,0.3872579307490743,32,"{""snow"": 65, ""mix"": 5, ""rain"": 1}","{""EWR"": 3.3, ""JFK"": 4.1, ""LGA"": 3.6, ""NYC"": 4.8}",-2.0,29,False,False
20250106T15,2025-01-06 15:00:00,2025-01-06 19:00:00,4,4,1.75,2.9,2025-01-06 18:00:00,0.68,1.5,snow,1.0,0.0,8,"{""snow"": 16}","{""EWR"": 1.5, ""JFK"": 1.5, ""LGA"": 1.0, ""NYC"": 2.0}",-2.2,12,False,False
20250119T17,2025-01-19 17:00:00,2025-01-20 03:00:00,10,10,8.47,13.2,2025-01-20 01:00:00,2.2,3.4,mix,0.5452986926277867,0.4547013073722132,20,"{""snow"": 25, ""mix"": 10, ""rain"": 1}","{""EWR"": 5.6, ""JFK"": 6.1, ""LGA"": 4.6, ""NYC"": 6.6}",-2.2,26,False,False
20250203T01,2025-02-03 01:00:00,2025-02-03 05:00:00,4,4,2.23,4.3,2025-02-03 03:00:00,0.76,2.1,mix,0.6862571236816792,0.3137428763183207,8,"{""snow"": 9, ""mix"": 5, ""freezing"": 2}","{""EWR"": 1.5, ""JFK"": 2.0, ""LGA"": 2.3, ""NYC"": 2.3}",-1.7,42,False,False
20250206T09,2025-02-06 09:00:00,2025-02-06 19:00:00,10,9,8.99,13.3,2025-02-06 12:00:00,1.49,3.4,mix,0.6327463930002204,0.3672536069997796,18,"{""rain"": 17, ""mix"": 13, ""snow"": 6, ""freezing"": 1}","{""EWR"": 9.7, ""JFK"": 6.3, ""LGA"": 8.1, ""NYC"": 8.6}",-2.0,25,False,False
20250209T01,2025-02-09 01:00:00,2025-02-09 06:00:00,5,5,11.32,15.0,2025-02-09 05:00:00,3.44,7.5,mix,0.9063592741203742,0.0936407258796257,10,"{""snow"": 13, ""mix"": 7}","{""EWR"": 15.2, ""JFK"": 17.8, ""LGA"": 15.2, ""NYC"": 15.7}",-1.7,22,False,False
20250212T01,2025-02-12 01:00:00,2025-02-12 08:00:00,7,7,2.71,5.0,2025-02-12 04:00:00,0.63,1.0,snow,0.8805851416941148,0.1194148583058851,14,"{""snow"": 28}","{""EWR"": 3.6, ""JFK"": 5.1, ""LGA"": 4.3, ""NYC"": 4.6}",-1.1,10,False,False
20250213T02,2025-02-13 02:00:00,2025-02-13 08:00:00,6,6,2.81,8.5,2025-02-13 07:00:00,0.77,2.0,mix,0.0922907002905731,0.9077092997094268,12,"{""mix"": 11, ""rain"": 11, ""snow"": 2}","{""EWR"": 3.6, ""JFK"": 4.1, ""LGA"": 3.0, ""NYC"": 2.5}",1.0,40,False,False
20250215T19,2025-02-15 19:00:00,2025-02-16 23:00:00,28,25,34.57,47.4,2025-02-16 18:00:00,4.69,8.3,mix,0.1566644641946279,0.8337203341919603,50,"{""rain"": 82, ""snow"": 15, ""mix"": 3, ""freezing"": 1}","{""EWR"": 34.3, ""JFK"": 41.1, ""LGA"": 29.2, ""NYC"": 27.2}",0.0,7,False,False
20251213T23,2025-12-13 23:00:00,2025-12-14 17:00:00,18,17,14.27,20.9,2025-12-14 11:00:00,1.64,3.1,mix,0.3091637105031959,0.6892676802058466,34,"{""snow"": 63}","{""EWR"": 13.2, ""JFK"": 14.0, ""LGA"": 14.2, ""NYC"": 13.2}",-2.8,16,False,False
20251223T09,2025-12-23 09:00:00,2025-12-23 19:00:00,10,10,6.36,17.6,2025-12-23 14:00:00,1.02,3.8,mix,0.1380315104947211,0.8454495790826125,20,"{""mix"": 17, ""rain"": 15, ""snow"": 5}","{""EWR"": 3.0, ""JFK"": 4.6, ""LGA"": 4.8, ""NYC"": 5.6}",1.1,32,False,False
20251226T22,2025-12-26 22:00:00,2025-12-27 10:00:00,12,11,12.18,17.8,2025-12-27 00:00:00,2.44,4.1,snow,0.8958943438290133,0.1041056561709867,22,"{""snow"": 38, ""mix"": 7, ""freezing"": 2}","{""EWR"": 11.7, ""JFK"": 11.7, ""LGA"": 10.1, ""NYC"": 11.9}",-4.4,7,False,False
20260117T15,2026-01-17 15:00:00,2026-01-17 19:00:00,4,4,4.54,9.5,2026-01-17 19:00:00,1.93,6.3,mix,0.3367968532586777,0.6604463539378901,8,"{""snow"": 16}","{""EWR"": 3.8, ""JFK"": 2.3, ""LGA"": 4.1, ""NYC"": 4.1}",0.0,37,False,False
20260118T08,2026-01-18 08:00:00,2026-01-19 02:00:00,18,12,7.54,10.2,2026-01-18 14:00:00,0.93,2.6,mix,0.4821519717515167,0.5178480282484833,24,"{""snow"": 56, ""mix"": 3, ""rain"": 2}","{""EWR"": 6.3, ""JFK"": 7.4, ""LGA"": 6.4, ""NYC"": 7.1}",-0.6,27,False,False
20260125T10,2026-01-25 10:00:00,2026-01-26 03:00:00,17,17,34.91,46.7,2026-01-25 20:00:00,3.93,5.7,mix,1.0,0.0,34,"{""snow"": 37, ""mix"": 26, ""unknown"": 4}","{""EWR"": 34.3, ""JFK"": 28.5, ""LGA"": 29.2, ""NYC"": 45.5}",-12.0,6,False,False
20260216T01,2026-02-16 01:00:00,2026-02-16 09:00:00,8,8,4.96,9.8,2026-02-16 06:00:00,0.89,2.7,mix,0.5046434174316448,0.4953565825683552,16,"{""snow"": 30}","{""EWR"": 1.8, ""JFK"": 2.8, ""LGA"": 1.8, ""NYC"": 2.0}",-1.7,35,False,False
20260222T11,2026-02-22 11:00:00,2026-02-23 20:00:00,33,32,51.63,66.0,2026-02-23 12:00:00,3.08,5.3,snow,0.922692609836349,0.0773073901636509,64,"{""snow"": 116, ""rain"": 11, ""mix"": 4}","{""EWR"": 24.9, ""JFK"": 14.7, ""LGA"": 17.2, ""NYC"": 47.0}",-2.2,4,False,True
20260225T11,2026-02-25 11:00:00,2026-02-25 14:00:00,3,3,2.49,4.1,2026-02-25 12:00:00,1.41,2.1,mix,0.6533342599937152,0.3466657400062847,6,"{""snow"": 11}","{""EWR"": 1.8, ""JFK"": 2.8, ""LGA"": 2.3, ""NYC"": 2.3}",-1.1,41,False,False
20260303T13,2026-03-03 13:00:00,2026-03-04 08:00:00,19,18,11.52,34.0,2026-03-03 21:00:00,1.88,5.5,mix,0.2181901510128763,0.7818098489871237,36,"{""rain"": 62, ""mix"": 7}","{""EWR"": 10.7, ""JFK"": 11.7, ""LGA"": 8.4, ""NYC"": 9.2}",0.0,21,False,False
20260312T11,2026-03-12 11:00:00,2026-03-13 00:00:00,13,11,3.71,16.1,2026-03-12 21:00:00,0.65,2.8,mix,0.0,0.6257298742566001,22,"{""rain"": 20, ""mix"": 13, ""snow"": 5}","{""EWR"": 0.8, ""JFK"": 2.0, ""LGA"": 1.0, ""NYC"": 2.0}",1.1,39,False,False
