network,event,issue,seconds
openrainer,20220817T10,2022-08-17 12:00:00,69.5
openrainer,20220817T10,2022-08-17 13:00:00,16.4
openrainer,20220817T10,2022-08-17 14:00:00,15.8
openrainer,20220817T10,2022-08-17 15:00:00,32.3
openrainer,20220817T10,2022-08-17 16:00:00,15.9
openrainer,20220817T10,2022-08-17 17:00:00,24.8
openrainer,20220817T10,2022-08-17 18:00:00,55.3
openrainer,20220817T10,2022-08-17 19:00:00,15.1
openrainer,20220817T10,2022-08-18 01:00:00,18.4
openrainer,20220817T10,2022-08-18 02:00:00,50.8
openrainer,20220817T10,2022-08-18 03:00:00,16.4
openrainer,20220817T10,2022-08-18 05:00:00,21.7
openrainer,20220817T10,2022-08-18 06:00:00,89.7
openrainer,20220817T10,2022-08-18 07:00:00,16.5
openrainer,20220817T10,2022-08-18 08:00:00,24.7
openrainer,20220817T10,2022-08-18 09:00:00,50.4
openrainer,20220817T10,2022-08-18 10:00:00,24.9
openrainer,20220817T10,2022-08-18 11:00:00,24.2
openrainer,20220817T10,2022-08-18 12:00:00,70.6
openrainer,20220817T10,2022-08-18 13:00:00,16.9
openrainer,20220817T10,2022-08-18 16:00:00,16.1
openrainer,20220817T10,2022-08-18 17:00:00,59.8
openrainer,20220817T10,2022-08-18 18:00:00,28.1
openrainer,20220817T10,2022-08-18 19:00:00,24.7
openrainer,20220817T10,2022-08-18 20:00:00,89.2
openrainer,20220817T10,2022-08-18 21:00:00,23.0
openrainer,20220817T10,2022-08-18 22:00:00,24.4
openrainer,20220817T10,2022-08-18 23:00:00,67.7
openrainer,20220817T10,2022-08-19 00:00:00,31.6
openrainer,20220817T10,2022-08-19 01:00:00,36.0
openrainer,20220817T10,2022-08-19 02:00:00,93.2
openrainer,20220817T10,2022-08-19 03:00:00,31.1
openrainer,20220817T10,2022-08-19 04:00:00,32.2
openrainer,20220817T10,2022-08-19 05:00:00,62.2
openrainer,20220817T10,2022-08-19 06:00:00,35.2
openrainer,20220817T10,2022-08-19 07:00:00,32.5
openrainer,20220817T10,2022-08-19 08:00:00,97.9
openrainer,20220817T10,2022-08-19 09:00:00,33.6
openrainer,20220817T10,2022-08-19 10:00:00,31.4
openrainer,20220817T10,2022-08-19 11:00:00,57.7
openrainer,20220817T10,2022-08-19 12:00:00,40.2
openrainer,20220817T10,2022-08-19 13:00:00,39.4
openrainer,20220817T10,2022-08-19 14:00:00,82.7
openrainer,20220817T10,2022-08-19 15:00:00,28.3
openrainer,20220806T09,2022-08-06 11:00:00,68.6
openrainer,20220806T09,2022-08-06 12:00:00,36.0
openrainer,20220806T09,2022-08-06 13:00:00,26.8
openrainer,20220806T09,2022-08-06 14:00:00,42.3
openrainer,20220806T09,2022-08-06 18:00:00,30.5
openrainer,20220806T09,2022-08-06 19:00:00,29.9
openrainer,20220806T09,2022-08-06 20:00:00,65.5
openrainer,20220806T09,2022-08-06 21:00:00,26.5
openrainer,20220806T09,2022-08-06 22:00:00,16.9
openrainer,20220806T09,2022-08-07 00:00:00,21.6
openrainer,20220806T09,2022-08-07 01:00:00,35.2
openrainer,20220806T09,2022-08-07 02:00:00,31.0
openrainer,20220806T09,2022-08-07 03:00:00,97.9
openrainer,20220806T09,2022-08-07 04:00:00,39.2
openrainer,20220806T09,2022-08-07 05:00:00,33.3
openrainer,20220806T09,2022-08-07 06:00:00,52.5
openrainer,20220806T09,2022-08-07 07:00:00,24.5
openrainer,20220806T09,2022-08-07 08:00:00,23.0
openrainer,20220806T09,2022-08-07 09:00:00,45.8
openrainer,20220806T09,2022-08-07 10:00:00,34.3
openrainer,20220806T09,2022-08-07 12:00:00,26.2
openrainer,20220806T09,2022-08-07 15:00:00,32.0
openrainer,20220806T09,2022-08-07 16:00:00,24.5
openrainer,20220806T09,2022-08-07 20:00:00,22.3
openrainer,20220806T09,2022-08-07 21:00:00,38.8
openrainer,20220806T09,2022-08-07 22:00:00,23.2
openrainer,20220806T09,2022-08-07 23:00:00,30.7
openrainer,20220806T09,2022-08-08 00:00:00,41.2
openrainer,20220806T09,2022-08-08 01:00:00,34.4
openrainer,20220806T09,2022-08-08 02:00:00,24.3
openrainer,20220806T09,2022-08-08 03:00:00,56.0
openrainer,20220806T09,2022-08-08 04:00:00,26.2
openrainer,20220806T09,2022-08-08 05:00:00,26.2
openrainer,20220806T09,2022-08-08 06:00:00,30.6
openrainer,20220806T09,2022-08-08 07:00:00,31.7
openrainer,20220806T09,2022-08-08 11:00:00,33.5
openrainer,20220806T09,2022-08-08 12:00:00,66.2
openrainer,20220806T09,2022-08-08 13:00:00,32.0
openrainer,20220806T09,2022-08-08 14:00:00,24.9
openrainer,20220806T09,2022-08-08 15:00:00,33.2
openrainer,20220806T09,2022-08-08 20:00:00,22.6
openrainer,20220806T09,2022-08-08 21:00:00,22.7
openrainer,20220806T09,2022-08-08 22:00:00,49.0
openrainer,20220806T09,2022-08-08 23:00:00,24.7
openrainer,20220806T09,2022-08-09 00:00:00,34.7
openrainer,20220806T09,2022-08-09 01:00:00,52.7
openrainer,20220806T09,2022-08-09 02:00:00,33.3
openrainer,20220806T09,2022-08-09 03:00:00,25.9
openrainer,20220806T09,2022-08-09 04:00:00,58.2
openrainer,20220806T09,2022-08-09 05:00:00,32.6
openrainer,20220830T11,2022-08-30 13:00:00,157.2
openrainer,20220830T11,2022-08-30 14:00:00,39.4
openrainer,20220830T11,2022-08-30 15:00:00,39.3
openrainer,20220830T11,2022-08-30 16:00:00,58.2
openrainer,20220830T11,2022-08-30 17:00:00,40.3
openrainer,20220830T11,2022-08-30 18:00:00,28.5
openrainer,20220830T11,2022-08-30 19:00:00,91.8
openrainer,20220830T11,2022-08-30 20:00:00,31.0
openrainer,20220830T11,2022-08-30 23:00:00,29.5
openrainer,20220830T11,2022-08-31 00:00:00,34.2
openrainer,20220830T11,2022-08-31 01:00:00,25.8
openrainer,20220830T11,2022-08-31 02:00:00,27.8
openrainer,20220830T11,2022-08-31 03:00:00,61.3
openrainer,20220830T11,2022-08-31 04:00:00,39.2
openrainer,20220830T11,2022-08-31 05:00:00,29.2
openrainer,20220830T11,2022-08-31 06:00:00,51.5
openrainer,20220830T11,2022-08-31 07:00:00,29.6
openrainer,20220830T11,2022-08-31 08:00:00,40.1
openrainer,20220830T11,2022-08-31 12:00:00,99.7
openrainer,20220830T11,2022-08-31 13:00:00,40.3
openrainer,20220830T11,2022-08-31 14:00:00,28.4
openrainer,20220830T11,2022-08-31 15:00:00,56.5
openrainer,20220830T11,2022-08-31 16:00:00,39.7
openrainer,20220830T11,2022-08-31 17:00:00,39.6
openrainer,20220830T11,2022-08-31 23:00:00,93.6
openrainer,20220811T22,2022-08-12 00:00:00,103.8
openrainer,20220811T22,2022-08-12 01:00:00,36.4
openrainer,20220811T22,2022-08-12 03:00:00,26.2
openrainer,20220811T22,2022-08-12 04:00:00,58.8
openrainer,20220811T22,2022-08-12 05:00:00,34.4
openrainer,20220811T22,2022-08-12 06:00:00,43.4
openrainer,20220811T22,2022-08-12 07:00:00,139.7
openrainer,20220811T22,2022-08-12 08:00:00,29.3
openrainer,20220811T22,2022-08-12 09:00:00,27.2
openrainer,20220811T22,2022-08-12 10:00:00,58.4
openrainer,20220811T22,2022-08-12 11:00:00,28.8
openrainer,20220811T22,2022-08-12 12:00:00,30.2
openrainer,20220811T22,2022-08-12 17:00:00,91.6
openrainer,20220811T22,2022-08-12 18:00:00,38.5
openrainer,20220811T22,2022-08-12 19:00:00,49.2
openrainer,20220811T22,2022-08-12 20:00:00,64.9
openrainer,20220811T22,2022-08-12 21:00:00,42.4
openrainer,20220811T22,2022-08-12 22:00:00,39.9
openrainer,20220811T22,2022-08-12 23:00:00,158.6
openrainer,20220811T22,2022-08-13 00:00:00,39.2
openrainer,20220811T22,2022-08-13 01:00:00,28.9
openrainer,20220811T22,2022-08-13 02:00:00,49.1
openrainer,20220811T22,2022-08-13 03:00:00,30.9
openrainer,20220811T22,2022-08-13 04:00:00,29.6
openmrg,20150827T01,2015-08-27 02:00:00,28.4
openmrg,20150827T01,2015-08-27 03:00:00,10.7
openmrg,20150827T01,2015-08-27 04:00:00,8.2
openmrg,20150827T01,2015-08-27 05:00:00,14.3
openmrg,20150827T01,2015-08-27 06:00:00,9.7
openmrg,20150827T01,2015-08-27 07:00:00,9.7
openmrg,20150827T01,2015-08-27 08:00:00,31.3
openmrg,20150827T01,2015-08-27 09:00:00,10.5
openmrg,20150827T01,2015-08-27 10:00:00,9.9
openmrg,20150827T01,2015-08-27 11:00:00,15.6
openmrg,20150827T01,2015-08-27 12:00:00,10.6
openmrg,20150827T01,2015-08-27 13:00:00,9.9
openmrg,20150827T01,2015-08-27 16:00:00,19.6
openmrg,20150827T01,2015-08-27 18:00:00,7.4
openmrg,20150827T01,2015-08-27 19:00:00,9.7
openmrg,20150827T01,2015-08-27 20:00:00,12.0
openmrg,20150827T01,2015-08-27 21:00:00,8.1
openmrg,20150827T01,2015-08-27 22:00:00,8.3
openmrg,20150827T01,2015-08-27 23:00:00,12.2
openmrg,20150827T01,2015-08-28 00:00:00,7.4
openmrg,20150827T01,2015-08-28 01:00:00,7.3
openmrg,20150825T02,2015-08-25 03:00:00,19.8
openmrg,20150825T02,2015-08-25 04:00:00,11.6
openmrg,20150825T02,2015-08-25 05:00:00,10.0
openmrg,20150825T02,2015-08-25 06:00:00,16.6
openmrg,20150825T02,2015-08-25 07:00:00,12.5
openmrg,20150825T02,2015-08-25 08:00:00,10.8
openmrg,20150825T02,2015-08-25 09:00:00,27.2
openmrg,20150825T02,2015-08-25 10:00:00,10.2
openmrg,20150825T02,2015-08-25 11:00:00,11.3
openmrg,20150825T02,2015-08-25 12:00:00,10.7
openmrg,20150825T02,2015-08-25 14:00:00,7.8
openmrg,20150825T02,2015-08-25 15:00:00,15.6
openmrg,20150825T02,2015-08-25 17:00:00,24.8
openmrg,20150825T02,2015-08-25 18:00:00,8.5
openmrg,20150825T02,2015-08-25 19:00:00,8.4
openmrg,20150825T02,2015-08-25 20:00:00,10.8
openmrg,20150825T02,2015-08-25 21:00:00,10.6
openmrg,20150825T02,2015-08-25 22:00:00,7.9
openmrg,20150825T02,2015-08-25 23:00:00,11.2
openmrg,20150728T03,2015-07-28 04:00:00,19.9
openmrg,20150728T03,2015-07-28 05:00:00,7.0
openmrg,20150728T03,2015-07-28 06:00:00,10.7
openmrg,20150728T03,2015-07-28 07:00:00,17.0
openmrg,20150728T03,2015-07-28 08:00:00,7.7
openmrg,20150728T03,2015-07-28 09:00:00,8.0
openmrg,20150728T03,2015-07-28 10:00:00,16.1
openmrg,20150728T03,2015-07-28 11:00:00,11.1
openmrg,20150728T03,2015-07-28 12:00:00,9.5
openmrg,20150728T03,2015-07-28 13:00:00,19.5
openmrg,20150728T03,2015-07-28 14:00:00,9.0
openmrg,20150728T03,2015-07-28 15:00:00,11.5
openmrg,20150728T03,2015-07-28 16:00:00,31.3
openmrg,20150728T03,2015-07-28 17:00:00,10.4
openmrg,20150728T03,2015-07-28 18:00:00,8.6
openmrg,20150728T03,2015-07-28 19:00:00,7.6
openmrg,20150728T03,2015-07-28 21:00:00,7.0
openmrg,20150728T03,2015-07-28 23:00:00,7.2
openmrg,20150728T03,2015-07-29 00:00:00,26.2
openmrg,20150728T03,2015-07-29 01:00:00,14.0
openmrg,20150728T03,2015-07-29 02:00:00,12.2
openmrg,20150728T03,2015-07-29 03:00:00,19.5
openmrg,20150728T03,2015-07-29 04:00:00,12.5
openmrg,20150728T03,2015-07-29 05:00:00,10.5
openmrg,20150728T03,2015-07-29 06:00:00,39.6
openmrg,20150728T03,2015-07-29 07:00:00,17.9
openmrg,20150728T03,2015-07-29 08:00:00,15.6
openmrg,20150728T03,2015-07-29 09:00:00,22.7
openmrg,20150728T03,2015-07-29 10:00:00,15.9
openmrg,20150728T03,2015-07-29 11:00:00,11.0
openmrg,20150707T17,2015-07-07 18:00:00,31.3
openmrg,20150707T17,2015-07-07 19:00:00,13.1
openmrg,20150707T17,2015-07-07 20:00:00,16.8
openmrg,20150707T17,2015-07-07 21:00:00,14.9
openmrg,20150707T17,2015-07-07 22:00:00,7.5
openmrg,20150707T17,2015-07-07 23:00:00,14.3
openmrg,20150707T17,2015-07-08 00:00:00,24.6
openmrg,20150707T17,2015-07-08 01:00:00,9.3
openmrg,20150707T17,2015-07-08 02:00:00,9.9
openmrg,20150707T17,2015-07-08 03:00:00,12.6
openmrg,20150707T17,2015-07-08 04:00:00,12.6
openmrg,20150707T17,2015-07-08 05:00:00,16.4
openmrg,20150707T17,2015-07-08 06:00:00,22.2
openmrg,20150707T17,2015-07-08 07:00:00,9.8
openmrg,20150707T17,2015-07-08 12:00:00,10.0
openmrg,20150707T17,2015-07-08 13:00:00,18.5
openmrg,20150707T17,2015-07-08 14:00:00,11.9
openmrg,20150707T17,2015-07-08 15:00:00,12.6
openmrg,20150707T17,2015-07-08 16:00:00,49.5
openmrg,20150707T17,2015-07-08 17:00:00,14.3
openmrg,20150707T17,2015-07-08 18:00:00,13.4
openmrg,20150707T17,2015-07-08 19:00:00,25.3
openmrg,20150707T17,2015-07-08 20:00:00,16.0
openmrg,20150707T17,2015-07-08 21:00:00,13.5
openmrg,20150707T17,2015-07-08 22:00:00,23.9
openmrg,20150707T17,2015-07-09 03:00:00,10.3
openmrg,20150707T17,2015-07-09 04:00:00,11.6
openmrg,20150707T17,2015-07-09 05:00:00,12.2
openmrg,20150707T17,2015-07-09 06:00:00,18.2
openmrg,20150707T17,2015-07-09 07:00:00,17.3
openmrg,20150707T17,2015-07-09 08:00:00,56.0
openmrg,20150707T17,2015-07-09 09:00:00,11.8
openmrg,20150602T04,2015-06-02 05:00:00,29.6
openmrg,20150602T04,2015-06-02 06:00:00,7.5
openmrg,20150602T04,2015-06-02 07:00:00,8.9
openmrg,20150602T04,2015-06-02 08:00:00,17.3
openmrg,20150602T04,2015-06-02 09:00:00,12.1
openmrg,20150602T04,2015-06-02 10:00:00,14.4
openmrg,20150602T04,2015-06-02 11:00:00,33.8
openmrg,20150602T04,2015-06-02 12:00:00,11.9
openmrg,20150602T04,2015-06-02 13:00:00,9.4
openmrg,20150602T04,2015-06-02 14:00:00,20.3
openmrg,20150602T04,2015-06-02 15:00:00,7.8
openmrg,20150602T04,2015-06-02 16:00:00,8.5
openmrg,20150602T04,2015-06-02 17:00:00,28.5
openmrg,20150602T04,2015-06-02 18:00:00,7.9
openmrg,20150602T04,2015-06-02 19:00:00,17.5
openmrg,20150602T04,2015-06-02 20:00:00,18.3
openmrg,20150602T04,2015-06-02 21:00:00,8.2
openmrg,20150602T04,2015-06-02 22:00:00,9.3
openmrg,20150602T04,2015-06-02 23:00:00,26.2
openmrg,20150602T04,2015-06-03 00:00:00,26.4
openmrg,20150602T04,2015-06-03 01:00:00,18.5
openmrg,20150602T04,2015-06-03 02:00:00,16.5
openmrg,20150602T04,2015-06-03 05:00:00,9.2
openmrg,20150602T04,2015-06-03 06:00:00,13.3
openmrg,20150602T04,2015-06-03 07:00:00,21.0
openmrg,20150602T04,2015-06-03 10:00:00,11.6
