network,motion,lead_min,n_forecasts,POD_0.5,FAR_0.5,CSI_0.5,ETS_0.5,BIAS_0.5,POD_1,FAR_1,CSI_1,ETS_1,BIAS_1,POD_5,FAR_5,CSI_5,ETS_5,BIAS_5,ME,MAE,RMSE,corr,FSS_2km,FSS_10km,FSS_30km,FSS_50km
openrainer,LK,15,143,0.8371,0.1437,0.7340,0.6997,0.9776,0.8255,0.1563,0.7160,0.6860,0.9785,0.7322,0.2453,0.5915,0.5748,0.9702,-0.0217,0.4511,2.0106,0.8075,0.8345,0.9314,0.9727,0.9835
openrainer,LK,30,143,0.7301,0.2483,0.5882,0.5403,0.9713,0.7103,0.2712,0.5618,0.5204,0.9746,0.5768,0.3986,0.4173,0.3964,0.9591,-0.0245,0.6959,2.9278,0.5924,0.7195,0.8340,0.9172,0.9459
openrainer,LK,45,143,0.6312,0.3279,0.4826,0.4265,0.9392,0.6016,0.3553,0.4518,0.4035,0.9331,0.4597,0.4934,0.3175,0.2946,0.9075,-0.0465,0.8597,3.3944,0.4509,0.6224,0.7351,0.8401,0.8818
openrainer,LK,60,143,0.5910,0.3952,0.4264,0.3687,0.9773,0.5609,0.4213,0.3983,0.3489,0.9693,0.3943,0.5751,0.2571,0.2339,0.9279,-0.0378,0.9494,3.6724,0.3567,0.5697,0.6788,0.7965,0.8497
openrainer,LK,75,143,0.5406,0.4483,0.3756,0.3160,0.9799,0.5099,0.4775,0.3478,0.2972,0.9758,0.3418,0.6385,0.2132,0.1899,0.9456,-0.0135,1.0056,3.8001,0.2927,0.5161,0.6189,0.7430,0.8054
openrainer,LK,90,143,0.4906,0.5015,0.3285,0.2679,0.9841,0.4549,0.5365,0.2980,0.2467,0.9814,0.2935,0.6912,0.1771,0.1540,0.9505,-0.0028,1.0477,3.8894,0.2380,0.4592,0.5562,0.6824,0.7512
openrainer,LK (no dB),15,143,0.8281,0.1501,0.7225,0.6870,0.9744,0.8172,0.1616,0.7060,0.6752,0.9747,0.7297,0.2462,0.5892,0.5725,0.9680,-0.0247,0.4532,2.0014,0.8089,0.8277,0.9266,0.9708,0.9825
openrainer,LK (no dB),30,143,0.7207,0.2551,0.5780,0.5294,0.9675,0.7020,0.2780,0.5526,0.5106,0.9723,0.5716,0.4031,0.4124,0.3915,0.9576,-0.0264,0.7019,2.9416,0.5886,0.7118,0.8275,0.9143,0.9443
openrainer,LK (no dB),45,143,0.6225,0.3334,0.4747,0.4183,0.9339,0.5947,0.3595,0.4459,0.3974,0.9284,0.4524,0.5018,0.3108,0.2878,0.9082,-0.0483,0.8668,3.4125,0.4446,0.6168,0.7296,0.8370,0.8796
openrainer,LK (no dB),60,143,0.5848,0.3983,0.4216,0.3639,0.9718,0.5554,0.4246,0.3940,0.3446,0.9652,0.3835,0.5860,0.2486,0.2253,0.9264,-0.0413,0.9557,3.6888,0.3496,0.5652,0.6736,0.7922,0.8461
openrainer,LK (no dB),75,143,0.5337,0.4496,0.3717,0.3122,0.9697,0.5058,0.4775,0.3459,0.2954,0.9681,0.3316,0.6473,0.2061,0.1828,0.9402,-0.0208,1.0078,3.8022,0.2866,0.5140,0.6165,0.7405,0.8028
openrainer,LK (no dB),90,143,0.4852,0.5005,0.3264,0.2662,0.9714,0.4530,0.5343,0.2981,0.2471,0.9727,0.2892,0.6953,0.1742,0.1511,0.9492,-0.0041,1.0488,3.8863,0.2397,0.4593,0.5563,0.6811,0.7496
openrainer,VET,15,143,0.8409,0.1376,0.7414,0.7079,0.9750,0.8297,0.1505,0.7234,0.6940,0.9767,0.7391,0.2383,0.6003,0.5839,0.9704,-0.0227,0.4397,1.9592,0.8169,0.8395,0.9335,0.9734,0.9839
openrainer,VET,30,143,0.7358,0.2409,0.5965,0.5494,0.9694,0.7166,0.2647,0.5696,0.5287,0.9745,0.5861,0.3931,0.4249,0.4040,0.9657,-0.0207,0.6882,2.9013,0.6013,0.7258,0.8393,0.9201,0.9477
openrainer,VET,45,143,0.6366,0.3220,0.4888,0.4331,0.9391,0.6083,0.3489,0.4588,0.4108,0.9344,0.4666,0.4921,0.3213,0.2984,0.9187,-0.0381,0.8614,3.4081,0.4511,0.6290,0.7420,0.8444,0.8842
openrainer,VET,60,143,0.5989,0.3882,0.4340,0.3767,0.9789,0.5702,0.4143,0.4063,0.3572,0.9735,0.3967,0.5786,0.2568,0.2334,0.9414,-0.0260,0.9563,3.7029,0.3542,0.5778,0.6868,0.8012,0.8521
openrainer,VET,75,143,0.5471,0.4427,0.3814,0.3219,0.9816,0.5184,0.4722,0.3542,0.3036,0.9823,0.3428,0.6442,0.2115,0.1880,0.9636,0.0000,1.0170,3.8351,0.2889,0.5231,0.6264,0.7475,0.8074
openrainer,VET,90,143,0.4946,0.4999,0.3310,0.2704,0.9890,0.4612,0.5350,0.3013,0.2499,0.9918,0.2983,0.6947,0.1777,0.1542,0.9769,0.0171,1.0648,3.9415,0.2326,0.4631,0.5603,0.6851,0.7529
openrainer,DARTS,15,143,0.7860,0.1964,0.6593,0.6175,0.9780,0.7724,0.2138,0.6383,0.6019,0.9825,0.6627,0.3253,0.5022,0.4830,0.9822,-0.0169,0.5776,2.4481,0.7149,0.7792,0.8815,0.9466,0.9678
openrainer,DARTS,30,143,0.6456,0.3350,0.4871,0.4317,0.9708,0.6219,0.3651,0.4581,0.4105,0.9796,0.4639,0.5260,0.3063,0.2832,0.9787,-0.0164,0.8762,3.4650,0.4313,0.6284,0.7396,0.8489,0.8965
openrainer,DARTS,45,143,0.5384,0.4252,0.3850,0.3233,0.9366,0.5073,0.4592,0.3546,0.3017,0.9381,0.3493,0.6268,0.2201,0.1956,0.9358,-0.0388,1.0310,3.8265,0.3018,0.5235,0.6252,0.7450,0.8049
openrainer,DARTS,60,143,0.4914,0.4949,0.3317,0.2696,0.9730,0.4596,0.5272,0.3039,0.2509,0.9721,0.2927,0.6944,0.1758,0.1514,0.9578,-0.0327,1.0991,4.0079,0.2307,0.4661,0.5593,0.6808,0.7495
openrainer,DARTS,75,143,0.4424,0.5449,0.2892,0.2262,0.9723,0.4076,0.5832,0.2596,0.2060,0.9780,0.2526,0.7413,0.1465,0.1223,0.9766,-0.0126,1.1296,4.0474,0.1878,0.4121,0.4996,0.6201,0.6933
openrainer,DARTS,90,143,0.3973,0.5920,0.2520,0.1891,0.9738,0.3639,0.6292,0.2250,0.1718,0.9812,0.2262,0.7708,0.1285,0.1045,0.9870,-0.0000,1.1452,4.0620,0.1608,0.3673,0.4471,0.5634,0.6378
openrainer,proesmans,15,143,0.8310,0.1425,0.7302,0.6956,0.9692,0.8226,0.1563,0.7138,0.6837,0.9749,0.7409,0.2476,0.5957,0.5790,0.9848,-0.0034,0.4528,2.0255,0.8102,0.8330,0.9295,0.9704,0.9816
openrainer,proesmans,30,143,0.7255,0.2431,0.5884,0.5409,0.9584,0.7100,0.2654,0.5651,0.5241,0.9665,0.5842,0.3985,0.4212,0.4002,0.9711,-0.0044,0.6980,2.9298,0.6060,0.7221,0.8404,0.9216,0.9490
openrainer,proesmans,45,143,0.6291,0.3210,0.4849,0.4294,0.9264,0.6048,0.3464,0.4580,0.4102,0.9254,0.4650,0.4988,0.3179,0.2948,0.9279,-0.0216,0.8733,3.4585,0.4533,0.6282,0.7462,0.8488,0.8886
openrainer,proesmans,60,143,0.5927,0.3886,0.4305,0.3734,0.9694,0.5648,0.4146,0.4034,0.3544,0.9649,0.3906,0.5932,0.2488,0.2251,0.9602,-0.0035,0.9805,3.7961,0.3489,0.5749,0.6915,0.8097,0.8612
openrainer,proesmans,75,143,0.5422,0.4465,0.3772,0.3177,0.9795,0.5134,0.4761,0.3501,0.2994,0.9798,0.3317,0.6653,0.1999,0.1759,0.9910,0.0262,1.0489,3.9468,0.2794,0.5186,0.6302,0.7574,0.8186
openrainer,proesmans,90,143,0.4931,0.5027,0.3291,0.2683,0.9916,0.4615,0.5363,0.3009,0.2493,0.9953,0.2884,0.7157,0.1671,0.1430,1.0145,0.0521,1.1044,4.0826,0.2217,0.4626,0.5671,0.6964,0.7647
openmrg,LK,5,128,0.8465,0.1383,0.7453,0.6841,0.9823,0.7987,0.1487,0.7009,0.6535,0.9383,0.6526,0.2764,0.5223,0.5077,0.9019,-0.0649,0.3825,1.6162,0.7706,0.8242,0.9723,0.9900,0.9924
openmrg,LK,10,127,0.8038,0.1754,0.6865,0.6146,0.9748,0.7516,0.1941,0.6364,0.5815,0.9326,0.5903,0.3594,0.4434,0.4273,0.9215,-0.0603,0.4716,1.8074,0.7136,0.7778,0.9514,0.9819,0.9871
openmrg,LK,15,127,0.7702,0.2049,0.6427,0.5631,0.9686,0.7134,0.2304,0.5879,0.5273,0.9270,0.5534,0.4146,0.3976,0.3804,0.9454,-0.0547,0.5439,1.9746,0.6531,0.7405,0.9285,0.9710,0.9793
openmrg,LK,20,126,0.7346,0.2194,0.6089,0.5252,0.9410,0.6789,0.2476,0.5549,0.4923,0.9024,0.5122,0.4372,0.3664,0.3484,0.9101,-0.0716,0.5947,2.0852,0.6098,0.7138,0.9112,0.9621,0.9737
openmrg,LK,25,124,0.7003,0.2451,0.5706,0.4829,0.9276,0.6445,0.2839,0.5133,0.4479,0.9000,0.4817,0.4783,0.3341,0.3157,0.9234,-0.0760,0.6511,2.2891,0.5531,0.6784,0.8821,0.9469,0.9629
openmrg,LK,30,124,0.6698,0.2810,0.5308,0.4402,0.9315,0.6207,0.3191,0.4809,0.4144,0.9116,0.4571,0.5090,0.3102,0.2913,0.9310,-0.0567,0.6812,2.3499,0.5209,0.6495,0.8551,0.9320,0.9511
openmrg,LK,35,123,0.6461,0.3081,0.5018,0.4114,0.9339,0.5882,0.3379,0.4524,0.3862,0.8883,0.4457,0.5389,0.2930,0.2748,0.9665,-0.0508,0.6872,2.3718,0.4951,0.6230,0.8359,0.9240,0.9456
openmrg,LK,40,120,0.6168,0.3356,0.4703,0.3788,0.9284,0.5663,0.3607,0.4292,0.3632,0.8859,0.4412,0.5194,0.2987,0.2802,0.9180,-0.0555,0.7183,2.5626,0.4480,0.6006,0.8159,0.9131,0.9381
openmrg,LK,45,117,0.5929,0.3616,0.4439,0.3527,0.9287,0.5403,0.3876,0.4026,0.3371,0.8822,0.4193,0.5442,0.2794,0.2607,0.9200,-0.0602,0.7383,2.8107,0.3974,0.5741,0.7947,0.9044,0.9316
openmrg,LK,50,109,0.5625,0.3871,0.4151,0.3242,0.9178,0.5169,0.4008,0.3841,0.3195,0.8626,0.3961,0.5599,0.2634,0.2448,0.9001,-0.0633,0.7517,2.6606,0.3987,0.5550,0.7822,0.9008,0.9282
openmrg,LK,55,106,0.5426,0.4040,0.3967,0.3060,0.9103,0.4897,0.4278,0.3585,0.2933,0.8559,0.3589,0.5897,0.2368,0.2182,0.8748,-0.0680,0.7711,2.6923,0.3783,0.5278,0.7584,0.8862,0.9173
openmrg,LK,60,103,0.5163,0.4138,0.3784,0.2898,0.8807,0.4681,0.4366,0.3435,0.2792,0.8309,0.3210,0.6126,0.2129,0.1950,0.8286,-0.0926,0.7798,2.7359,0.3407,0.5114,0.7436,0.8733,0.9049
openmrg,LK,65,94,0.4960,0.4394,0.3572,0.2696,0.8849,0.4535,0.4603,0.3270,0.2630,0.8402,0.2506,0.7095,0.1555,0.1379,0.8627,-0.0712,0.7851,2.6257,0.3162,0.4928,0.7282,0.8627,0.8988
openmrg,LK,70,92,0.4656,0.4661,0.3311,0.2435,0.8721,0.4181,0.4862,0.2996,0.2368,0.8137,0.1782,0.7960,0.1051,0.0887,0.8732,-0.0934,0.7893,2.6225,0.2681,0.4610,0.6904,0.8271,0.8659
openmrg,LK,75,91,0.4353,0.4955,0.3049,0.2196,0.8627,0.3804,0.5327,0.2653,0.2040,0.8140,0.1388,0.8273,0.0834,0.0687,0.8037,-0.0954,0.7620,2.4191,0.2392,0.4194,0.6408,0.7874,0.8359
openmrg,LK,80,88,0.4073,0.5240,0.2812,0.1947,0.8556,0.3463,0.5648,0.2389,0.1779,0.7956,0.1091,0.8473,0.0679,0.0540,0.7143,-0.1368,0.7514,2.2920,0.2157,0.3857,0.6051,0.7683,0.8229
openmrg,LK,85,75,0.3788,0.5471,0.2599,0.1721,0.8362,0.3063,0.6095,0.2072,0.1461,0.7845,0.0902,0.8694,0.0564,0.0429,0.6909,-0.1667,0.7709,2.3338,0.1793,0.3433,0.5661,0.7315,0.7970
openmrg,LK,90,67,0.3648,0.5625,0.2483,0.1596,0.8337,0.2893,0.6225,0.1959,0.1336,0.7664,0.0689,0.8870,0.0447,0.0315,0.6098,-0.1880,0.7922,2.4453,0.1475,0.3276,0.5312,0.6928,0.7605
openmrg,LK (no dB),5,128,0.8369,0.1432,0.7342,0.6711,0.9767,0.7898,0.1538,0.6907,0.6422,0.9334,0.6444,0.2747,0.5180,0.5034,0.8885,-0.0726,0.3890,1.6315,0.7651,0.8170,0.9686,0.9882,0.9913
openmrg,LK (no dB),10,127,0.7898,0.1837,0.6706,0.5963,0.9675,0.7362,0.2055,0.6184,0.5618,0.9267,0.5849,0.3618,0.4393,0.4231,0.9165,-0.0633,0.4848,1.8617,0.6992,0.7642,0.9436,0.9779,0.9843
openmrg,LK (no dB),15,127,0.7495,0.2147,0.6221,0.5399,0.9544,0.6934,0.2430,0.5672,0.5049,0.9161,0.5442,0.4205,0.3901,0.3729,0.9391,-0.0613,0.5560,1.9982,0.6470,0.7238,0.9196,0.9667,0.9766
openmrg,LK (no dB),20,126,0.7134,0.2348,0.5853,0.4987,0.9323,0.6608,0.2642,0.5341,0.4696,0.8980,0.4995,0.4494,0.3549,0.3367,0.9072,-0.0731,0.6119,2.1311,0.6001,0.6963,0.9031,0.9607,0.9733
openmrg,LK (no dB),25,124,0.6792,0.2587,0.5490,0.4592,0.9162,0.6268,0.2988,0.4947,0.4280,0.8938,0.4732,0.4820,0.3285,0.3102,0.9136,-0.0879,0.6594,2.2901,0.5457,0.6619,0.8735,0.9443,0.9609
openmrg,LK (no dB),30,124,0.6496,0.2909,0.5129,0.4211,0.9160,0.6033,0.3293,0.4654,0.3983,0.8995,0.4406,0.5137,0.3007,0.2820,0.9062,-0.0698,0.6943,2.4003,0.5014,0.6352,0.8468,0.9294,0.9488
openmrg,LK (no dB),35,123,0.6217,0.3211,0.4805,0.3889,0.9157,0.5756,0.3450,0.4417,0.3752,0.8788,0.4399,0.5344,0.2923,0.2743,0.9448,-0.0626,0.6954,2.4070,0.4749,0.6128,0.8268,0.9195,0.9415
openmrg,LK (no dB),40,120,0.5925,0.3428,0.4526,0.3611,0.9016,0.5538,0.3679,0.4188,0.3526,0.8760,0.4310,0.5178,0.2946,0.2762,0.8938,-0.0728,0.7196,2.5797,0.4375,0.5904,0.8054,0.9086,0.9342
openmrg,LK (no dB),45,117,0.5665,0.3685,0.4258,0.3349,0.8971,0.5227,0.3947,0.3899,0.3245,0.8636,0.4137,0.5256,0.2837,0.2656,0.8719,-0.0902,0.7353,2.8084,0.3841,0.5610,0.7819,0.8962,0.9245
openmrg,LK (no dB),50,109,0.5350,0.3962,0.3960,0.3055,0.8861,0.5026,0.4091,0.3728,0.3082,0.8506,0.3973,0.5484,0.2680,0.2497,0.8799,-0.0833,0.7464,2.6632,0.3925,0.5432,0.7661,0.8899,0.9203
openmrg,LK (no dB),55,106,0.5108,0.4238,0.3713,0.2803,0.8865,0.4777,0.4353,0.3491,0.2840,0.8460,0.3692,0.5766,0.2457,0.2272,0.8721,-0.0831,0.7678,2.6531,0.3813,0.5176,0.7468,0.8784,0.9114
openmrg,LK (no dB),60,103,0.4858,0.4302,0.3554,0.2671,0.8526,0.4488,0.4482,0.3289,0.2648,0.8134,0.3210,0.6149,0.2122,0.1943,0.8337,-0.1003,0.7899,2.7347,0.3374,0.4950,0.7257,0.8621,0.8976
openmrg,LK (no dB),65,94,0.4621,0.4634,0.3303,0.2425,0.8613,0.4234,0.4796,0.3046,0.2409,0.8137,0.2536,0.6936,0.1611,0.1440,0.8277,-0.0971,0.7829,2.6043,0.3074,0.4669,0.6957,0.8403,0.8797
openmrg,LK (no dB),70,92,0.4406,0.4829,0.3122,0.2248,0.8522,0.3994,0.5099,0.2821,0.2187,0.8149,0.2023,0.7675,0.1213,0.1050,0.8702,-0.1032,0.7944,2.5806,0.2636,0.4401,0.6659,0.8162,0.8588
openmrg,LK (no dB),75,91,0.4051,0.5263,0.2794,0.1933,0.8550,0.3554,0.5608,0.2445,0.1827,0.8093,0.1424,0.8217,0.0860,0.0713,0.7984,-0.1033,0.7770,2.4034,0.2265,0.3929,0.6043,0.7685,0.8223
openmrg,LK (no dB),80,88,0.3824,0.5448,0.2623,0.1760,0.8401,0.3285,0.5903,0.2230,0.1612,0.8018,0.1187,0.8409,0.0730,0.0586,0.7461,-0.1259,0.7767,2.3590,0.2026,0.3647,0.5844,0.7614,0.8201
openmrg,LK (no dB),85,75,0.3475,0.5733,0.2369,0.1497,0.8145,0.2888,0.6299,0.1936,0.1324,0.7803,0.1089,0.8438,0.0686,0.0550,0.6975,-0.1604,0.7880,2.3597,0.1883,0.3244,0.5377,0.7143,0.7813
openmrg,LK (no dB),90,67,0.3408,0.5800,0.2317,0.1439,0.8112,0.2760,0.6414,0.1848,0.1221,0.7696,0.0713,0.8820,0.0465,0.0334,0.6040,-0.1859,0.8052,2.4279,0.1707,0.3119,0.5102,0.6821,0.7521
openmrg,VET,5,128,0.8268,0.1570,0.7165,0.6499,0.9809,0.7782,0.1625,0.6761,0.6260,0.9291,0.6230,0.2814,0.5008,0.4861,0.8669,-0.0821,0.4026,1.6483,0.7578,0.8068,0.9630,0.9870,0.9909
openmrg,VET,10,127,0.7829,0.2031,0.6526,0.5746,0.9824,0.7308,0.2235,0.6038,0.5450,0.9411,0.5682,0.3775,0.4226,0.4062,0.9127,-0.0581,0.5010,1.8648,0.6961,0.7529,0.9354,0.9758,0.9838
openmrg,VET,15,127,0.7477,0.2271,0.6130,0.5287,0.9674,0.6886,0.2538,0.5579,0.4945,0.9228,0.5220,0.4351,0.3723,0.3550,0.9239,-0.0573,0.5751,2.0717,0.6242,0.7162,0.9094,0.9622,0.9746
openmrg,VET,20,126,0.7153,0.2431,0.5817,0.4938,0.9450,0.6584,0.2744,0.5272,0.4617,0.9074,0.4808,0.4591,0.3415,0.3234,0.8889,-0.0719,0.6206,2.1328,0.5957,0.6904,0.8901,0.9530,0.9687
openmrg,VET,25,124,0.6831,0.2727,0.5438,0.4519,0.9392,0.6220,0.3138,0.4843,0.4162,0.9064,0.4615,0.4909,0.3194,0.3010,0.9064,-0.0807,0.6700,2.2999,0.5429,0.6526,0.8590,0.9361,0.9564
openmrg,VET,30,124,0.6544,0.3086,0.5064,0.4120,0.9464,0.5943,0.3536,0.4485,0.3793,0.9195,0.4310,0.5351,0.2881,0.2691,0.9271,-0.0522,0.7140,2.4594,0.4867,0.6193,0.8264,0.9179,0.9418
openmrg,VET,35,123,0.6269,0.3412,0.4732,0.3788,0.9515,0.5619,0.3760,0.4198,0.3509,0.9005,0.4095,0.5583,0.2699,0.2518,0.9272,-0.0512,0.7216,2.4527,0.4629,0.5913,0.8049,0.9063,0.9330
openmrg,VET,40,120,0.6011,0.3639,0.4473,0.3526,0.9450,0.5399,0.3965,0.3986,0.3303,0.8946,0.3981,0.5469,0.2689,0.2505,0.8786,-0.0677,0.7484,2.6374,0.4109,0.5700,0.7867,0.8955,0.9227
openmrg,VET,45,117,0.5708,0.3908,0.4178,0.3239,0.9369,0.5112,0.4267,0.3703,0.3026,0.8917,0.3709,0.5603,0.2518,0.2338,0.8435,-0.0732,0.7701,2.8825,0.3675,0.5405,0.7609,0.8793,0.9095
openmrg,VET,50,109,0.5500,0.4166,0.3949,0.3009,0.9426,0.4864,0.4505,0.3478,0.2803,0.8852,0.3501,0.5833,0.2350,0.2168,0.8402,-0.0699,0.7834,2.7283,0.3716,0.5161,0.7430,0.8740,0.9059
openmrg,VET,55,106,0.5208,0.4424,0.3685,0.2744,0.9339,0.4655,0.4698,0.3296,0.2621,0.8780,0.3266,0.6107,0.2160,0.1977,0.8389,-0.0656,0.8153,2.7816,0.3465,0.4958,0.7248,0.8649,0.8987
openmrg,VET,60,103,0.4879,0.4595,0.3449,0.2527,0.9026,0.4367,0.4895,0.3078,0.2408,0.8553,0.2963,0.6472,0.1919,0.1737,0.8397,-0.0742,0.8389,2.8673,0.3113,0.4707,0.6963,0.8430,0.8802
openmrg,VET,65,94,0.4734,0.4878,0.3263,0.2346,0.9243,0.4230,0.5113,0.2932,0.2267,0.8656,0.2181,0.7444,0.1334,0.1159,0.8530,-0.0584,0.8354,2.7376,0.2822,0.4534,0.6785,0.8316,0.8729
openmrg,VET,70,92,0.4460,0.5151,0.3026,0.2107,0.9197,0.3910,0.5505,0.2644,0.1978,0.8700,0.1628,0.8136,0.0952,0.0787,0.8732,-0.0690,0.8455,2.7145,0.2400,0.4182,0.6378,0.7981,0.8450
openmrg,VET,75,91,0.4142,0.5552,0.2730,0.1822,0.9311,0.3582,0.5975,0.2339,0.1683,0.8898,0.1034,0.8817,0.0584,0.0430,0.8744,-0.0601,0.8267,2.4981,0.2017,0.3791,0.5862,0.7608,0.8195
openmrg,VET,80,88,0.3766,0.5860,0.2457,0.1544,0.9096,0.3190,0.6366,0.2046,0.1390,0.8780,0.0985,0.8811,0.0569,0.0417,0.8282,-0.0855,0.8268,2.4298,0.1712,0.3398,0.5511,0.7461,0.8136
openmrg,VET,85,75,0.3572,0.6018,0.2320,0.1393,0.8971,0.2936,0.6665,0.1850,0.1191,0.8802,0.0891,0.8901,0.0518,0.0370,0.8108,-0.1102,0.8404,2.4651,0.1456,0.3123,0.5191,0.7134,0.7894
openmrg,VET,90,67,0.3511,0.6102,0.2266,0.1329,0.9008,0.2760,0.6794,0.1741,0.1070,0.8607,0.0654,0.9134,0.0387,0.0237,0.7558,-0.1183,0.8731,2.6171,0.1070,0.2966,0.4910,0.6736,0.7513
openmrg,DARTS,5,128,0.7918,0.2068,0.6563,0.5782,0.9982,0.7357,0.2297,0.6034,0.5441,0.9551,0.5647,0.3635,0.4270,0.4108,0.8872,-0.0618,0.5016,1.9485,0.6660,0.7526,0.9443,0.9836,0.9896
openmrg,DARTS,10,127,0.7243,0.2778,0.5665,0.4740,1.0029,0.6694,0.3065,0.5166,0.4483,0.9653,0.4623,0.4918,0.3194,0.3015,0.9097,-0.0594,0.6300,2.2404,0.5522,0.6812,0.8867,0.9588,0.9749
openmrg,DARTS,15,127,0.6775,0.3228,0.5121,0.4118,1.0005,0.6092,0.3669,0.4503,0.3758,0.9622,0.3944,0.5653,0.2607,0.2422,0.9071,-0.0628,0.7119,2.3514,0.4915,0.6209,0.8327,0.9286,0.9559
openmrg,DARTS,20,126,0.6380,0.3513,0.4741,0.3701,0.9835,0.5758,0.3976,0.4172,0.3409,0.9558,0.3620,0.5871,0.2390,0.2198,0.8768,-0.0717,0.7691,2.4641,0.4435,0.5888,0.8015,0.9094,0.9433
openmrg,DARTS,25,124,0.6059,0.3817,0.4410,0.3345,0.9799,0.5450,0.4343,0.3842,0.3063,0.9634,0.3350,0.6229,0.2157,0.1964,0.8883,-0.0818,0.8149,2.6036,0.3934,0.5551,0.7643,0.8848,0.9247
openmrg,DARTS,30,124,0.5824,0.4148,0.4122,0.3049,0.9952,0.5255,0.4676,0.3595,0.2816,0.9871,0.3039,0.6550,0.1927,0.1733,0.8810,-0.0668,0.8426,2.6398,0.3562,0.5289,0.7373,0.8691,0.9120
openmrg,DARTS,35,123,0.5619,0.4396,0.3900,0.2846,1.0026,0.5057,0.4849,0.3426,0.2655,0.9819,0.2769,0.6937,0.1702,0.1515,0.9040,-0.0601,0.8384,2.6196,0.3299,0.5103,0.7248,0.8641,0.9071
openmrg,DARTS,40,120,0.5427,0.4556,0.3732,0.2690,0.9968,0.4959,0.4977,0.3325,0.2565,0.9874,0.2514,0.7060,0.1568,0.1377,0.8551,-0.0755,0.8601,2.7722,0.2896,0.4991,0.7128,0.8528,0.8937
openmrg,DARTS,45,117,0.5170,0.4743,0.3526,0.2508,0.9835,0.4824,0.5161,0.3185,0.2437,0.9967,0.2389,0.7193,0.1482,0.1293,0.8512,-0.0851,0.8729,2.9988,0.2466,0.4831,0.6960,0.8368,0.8778
openmrg,DARTS,50,109,0.4962,0.4915,0.3354,0.2352,0.9758,0.4692,0.5253,0.3088,0.2351,0.9885,0.2105,0.7521,0.1285,0.1095,0.8493,-0.0830,0.8784,2.7915,0.2561,0.4719,0.6812,0.8232,0.8625
openmrg,DARTS,55,106,0.4681,0.5158,0.3123,0.2126,0.9667,0.4477,0.5430,0.2922,0.2187,0.9798,0.1812,0.7844,0.1092,0.0903,0.8407,-0.0837,0.8904,2.7814,0.2479,0.4523,0.6647,0.8148,0.8566
openmrg,DARTS,60,103,0.4431,0.5314,0.2949,0.1973,0.9455,0.4206,0.5545,0.2761,0.2038,0.9441,0.1709,0.7983,0.1019,0.0832,0.8473,-0.0908,0.8970,2.8379,0.2165,0.4327,0.6384,0.7962,0.8422
openmrg,DARTS,65,94,0.4150,0.5633,0.2703,0.1741,0.9503,0.3851,0.5861,0.2492,0.1783,0.9305,0.1428,0.8382,0.0821,0.0640,0.8825,-0.0715,0.8946,2.7253,0.1923,0.3990,0.6023,0.7760,0.8297
openmrg,DARTS,70,92,0.3811,0.5895,0.2463,0.1512,0.9282,0.3483,0.6184,0.2227,0.1529,0.9128,0.1114,0.8766,0.0622,0.0454,0.9032,-0.0790,0.8950,2.6875,0.1659,0.3642,0.5611,0.7527,0.8132
openmrg,DARTS,75,91,0.3531,0.6214,0.2236,0.1307,0.9325,0.3049,0.6620,0.1909,0.1237,0.9022,0.0787,0.9129,0.0431,0.0274,0.9036,-0.0662,0.8680,2.5530,0.1313,0.3206,0.5085,0.7104,0.7761
openmrg,DARTS,80,88,0.3256,0.6416,0.2057,0.1132,0.9085,0.2738,0.6888,0.1705,0.1040,0.8799,0.0714,0.9121,0.0410,0.0259,0.8127,-0.0849,0.8644,2.4896,0.1248,0.2913,0.4839,0.7079,0.7824
openmrg,DARTS,85,75,0.3030,0.6575,0.1915,0.0983,0.8847,0.2489,0.7117,0.1542,0.0885,0.8634,0.0759,0.9047,0.0441,0.0295,0.7965,-0.1043,0.8752,2.5433,0.1204,0.2672,0.4557,0.6855,0.7666
openmrg,DARTS,90,67,0.2822,0.6739,0.1782,0.0853,0.8653,0.2205,0.7316,0.1377,0.0717,0.8218,0.0666,0.9111,0.0396,0.0246,0.7488,-0.1274,0.9001,2.6546,0.0958,0.2421,0.4106,0.6329,0.7141
openmrg,proesmans,5,128,0.8449,0.1531,0.7329,0.6688,0.9976,0.8032,0.1626,0.6948,0.6461,0.9591,0.6481,0.2937,0.5105,0.4955,0.9175,-0.0515,0.3985,1.6623,0.7592,0.8199,0.9719,0.9903,0.9930
openmrg,proesmans,10,127,0.8007,0.2006,0.6667,0.5901,1.0016,0.7543,0.2173,0.6237,0.5663,0.9637,0.6008,0.3771,0.4406,0.4240,0.9645,-0.0328,0.4942,1.8747,0.6983,0.7682,0.9481,0.9816,0.9874
openmrg,proesmans,15,127,0.7665,0.2263,0.6261,0.5427,0.9908,0.7095,0.2555,0.5706,0.5072,0.9530,0.5512,0.4475,0.3811,0.3632,0.9977,-0.0201,0.5782,2.0831,0.6329,0.7266,0.9223,0.9703,0.9799
openmrg,proesmans,20,126,0.7305,0.2439,0.5912,0.5035,0.9662,0.6750,0.2778,0.5359,0.4701,0.9346,0.5101,0.4735,0.3497,0.3308,0.9688,-0.0257,0.6364,2.2241,0.5871,0.6978,0.9025,0.9608,0.9738
openmrg,proesmans,25,124,0.6955,0.2774,0.5489,0.4563,0.9625,0.6396,0.3172,0.4931,0.4244,0.9367,0.4795,0.5086,0.3205,0.3014,0.9758,-0.0325,0.6914,2.3898,0.5371,0.6605,0.8705,0.9440,0.9621
openmrg,proesmans,30,124,0.6656,0.3120,0.5113,0.4162,0.9675,0.6148,0.3557,0.4590,0.3891,0.9543,0.4616,0.5335,0.3021,0.2826,0.9894,-0.0063,0.7361,2.5167,0.4904,0.6292,0.8411,0.9287,0.9502
openmrg,proesmans,35,123,0.6356,0.3436,0.4769,0.3818,0.9682,0.5883,0.3739,0.4353,0.3657,0.9397,0.4558,0.5651,0.2863,0.2672,1.0480,0.0034,0.7460,2.5349,0.4627,0.6066,0.8222,0.9218,0.9459
openmrg,proesmans,40,120,0.6076,0.3719,0.4469,0.3508,0.9674,0.5613,0.4028,0.4071,0.3374,0.9397,0.4433,0.5587,0.2840,0.2643,1.0046,-0.0009,0.7772,2.7258,0.4206,0.5787,0.7971,0.9071,0.9355
openmrg,proesmans,45,117,0.5718,0.4024,0.4129,0.3173,0.9568,0.5340,0.4289,0.3811,0.3122,0.9351,0.4347,0.5695,0.2760,0.2564,1.0098,-0.0055,0.7937,2.9428,0.3790,0.5519,0.7733,0.8955,0.9267
openmrg,proesmans,50,109,0.5425,0.4296,0.3851,0.2899,0.9512,0.5086,0.4480,0.3600,0.2916,0.9213,0.4167,0.5824,0.2635,0.2440,0.9980,-0.0055,0.8085,2.8057,0.3797,0.5294,0.7584,0.8894,0.9204
openmrg,proesmans,55,106,0.5120,0.4581,0.3573,0.2618,0.9449,0.4857,0.4698,0.3396,0.2709,0.9160,0.3737,0.6186,0.2327,0.2129,0.9798,-0.0119,0.8315,2.8106,0.3641,0.5070,0.7406,0.8792,0.9117
openmrg,proesmans,60,103,0.4867,0.4701,0.3399,0.2465,0.9185,0.4597,0.4699,0.3266,0.2599,0.8672,0.3150,0.6623,0.1947,0.1754,0.9328,-0.0463,0.8406,2.8450,0.3084,0.4924,0.7250,0.8615,0.8934
openmrg,proesmans,65,94,0.4590,0.5034,0.3133,0.2208,0.9242,0.4392,0.5002,0.3051,0.2385,0.8788,0.2596,0.7241,0.1544,0.1361,0.9410,-0.0410,0.8280,2.6505,0.2960,0.4676,0.6974,0.8396,0.8761
openmrg,proesmans,70,92,0.4188,0.5423,0.2799,0.1871,0.9150,0.4003,0.5386,0.2728,0.2066,0.8676,0.2089,0.7851,0.1185,0.1012,0.9721,-0.0579,0.8369,2.5869,0.2576,0.4287,0.6553,0.8062,0.8495
openmrg,proesmans,75,91,0.4055,0.5661,0.2652,0.1739,0.9346,0.3742,0.5835,0.2455,0.1799,0.8984,0.1397,0.8558,0.0764,0.0601,0.9691,-0.0400,0.8263,2.4356,0.2206,0.3942,0.6121,0.7707,0.8230
openmrg,proesmans,80,88,0.3724,0.5920,0.2417,0.1502,0.9127,0.3408,0.6145,0.2208,0.1554,0.8842,0.1081,0.8761,0.0613,0.0456,0.8726,-0.0699,0.8300,2.3898,0.1883,0.3618,0.5747,0.7469,0.8073
openmrg,proesmans,85,75,0.3600,0.5990,0.2341,0.1415,0.8977,0.3071,0.6538,0.1944,0.1284,0.8871,0.0990,0.8868,0.0558,0.0404,0.8746,-0.0869,0.8533,2.4701,0.1616,0.3255,0.5253,0.7063,0.7828
openmrg,proesmans,90,67,0.3514,0.6168,0.2244,0.1297,0.9170,0.2925,0.6720,0.1829,0.1145,0.8918,0.0771,0.9090,0.0436,0.0276,0.8470,-0.0942,0.8859,2.5782,0.1267,0.3092,0.4987,0.6744,0.7534
