product,coverage,n,mean_ref,mean_est,bias,rel_bias,mae,rmse,nrmse,corr,pod,far,csi,family,radar,retrieval,interp,source,method,package,uses_gauges,variogram,median_event_nrmse,event_wins
radar add [gauges],1.0,162,2.6888,2.6632,-0.0257,-0.0096,0.5255,0.9136,0.3398,0.9672,0.9925,0.0435,0.9496,R+G,radar,,,gauges,add,pcpn_maps,True,,0.3388,1
radar mul [gauges],1.0,162,2.6888,2.6442,-0.0447,-0.0166,0.5483,0.9554,0.3553,0.9646,0.9323,0.0462,0.8921,R+G,radar,,,gauges,mul,pcpn_maps,True,,0.3281,1
radar idw_add [gauges],1.0,162,2.6888,2.5069,-0.1819,-0.0676,0.549,0.9673,0.3597,0.9661,0.9323,0.0312,0.9051,R+G,radar,,,gauges,idw_add,mergeplg,True,,0.3595,0
radar add [pycomlink + gauges],1.0,162,2.6888,2.521,-0.1679,-0.0624,0.5526,0.9692,0.3604,0.9662,0.9925,0.0365,0.9565,R+L+G,radar,pycomlink,,pycomlink + gauges,add,pcpn_maps,True,,0.3638,0
radar add [nearby + gauges],1.0,162,2.6888,2.5779,-0.1109,-0.0413,0.5673,0.9855,0.3665,0.9648,0.9925,0.0365,0.9565,R+L+G,radar,nearby,,nearby + gauges,add,pcpn_maps,True,,0.3595,1
radar add [constant + gauges],1.0,162,2.6888,2.6282,-0.0606,-0.0225,0.5684,0.9891,0.3678,0.9629,0.9925,0.0704,0.9231,R+L+G,radar,constant,,constant + gauges,add,pcpn_maps,True,,0.3495,0
radar idw_add [pycomlink + gauges],1.0,162,2.6888,2.475,-0.2138,-0.0795,0.5713,0.9948,0.37,0.9642,0.9323,0.0312,0.9051,R+L+G,radar,pycomlink,,pycomlink + gauges,idw_add,mergeplg,True,,0.3832,0
radar idw_mul [gauges],1.0,162,2.6888,2.4926,-0.1962,-0.073,0.5561,1.0026,0.3729,0.964,0.9323,0.0312,0.9051,R+G,radar,,,gauges,idw_mul,mergeplg,True,,0.3565,0
radar only add [gauges],1.0,162,2.6888,2.6151,-0.0738,-0.0274,0.5874,1.0052,0.3738,0.9618,0.9925,0.0365,0.9565,R+G,radar only,,,gauges,add,pcpn_maps,True,,0.3597,0
radar idw_add [nearby + gauges],1.0,162,2.6888,2.4829,-0.2059,-0.0766,0.5691,1.0137,0.377,0.9635,0.9398,0.0385,0.9058,R+L+G,radar,nearby,,nearby + gauges,idw_add,mergeplg,True,,0.3724,0
gauges,1.0,162,2.6888,2.6089,-0.08,-0.0297,0.5898,1.0167,0.3781,0.9609,0.9925,0.0435,0.9496,G,,,,,,,True,,0.3609,0
radar mul [pycomlink + gauges],1.0,162,2.6888,2.5158,-0.1731,-0.0644,0.5779,1.0262,0.3817,0.9629,0.9323,0.0462,0.8921,R+L+G,radar,pycomlink,,pycomlink + gauges,mul,pcpn_maps,True,,0.3513,0
radar idw_mul [pycomlink + gauges],1.0,162,2.6888,2.4563,-0.2326,-0.0865,0.5818,1.0334,0.3843,0.9619,0.9323,0.0312,0.9051,R+L+G,radar,pycomlink,,pycomlink + gauges,idw_mul,mergeplg,True,,0.3803,0
radar mul [nearby + gauges],1.0,162,2.6888,2.5593,-0.1295,-0.0482,0.5908,1.0389,0.3864,0.9618,0.9323,0.0462,0.8921,R+L+G,radar,nearby,,nearby + gauges,mul,pcpn_maps,True,,0.3606,0
radar add [rnn + gauges],1.0,162,2.6888,2.6251,-0.0637,-0.0237,0.6085,1.051,0.3909,0.9598,0.9925,0.0571,0.9362,R+L+G,radar,rnn,,rnn + gauges,add,pcpn_maps,True,,0.3601,0
radar mul [constant + gauges],1.0,162,2.6888,2.6033,-0.0856,-0.0318,0.5923,1.0512,0.391,0.9585,0.9323,0.0462,0.8921,R+L+G,radar,constant,,constant + gauges,mul,pcpn_maps,True,,0.3717,0
radar idw_mul [nearby + gauges],1.0,162,2.6888,2.4607,-0.2282,-0.0849,0.5832,1.0565,0.3929,0.9611,0.9323,0.0312,0.9051,R+L+G,radar,nearby,,nearby + gauges,idw_mul,mergeplg,True,,0.3717,0
radar idw_add [rnn + gauges],1.0,162,2.6888,2.4556,-0.2332,-0.0867,0.6065,1.0686,0.3974,0.9617,0.9323,0.0462,0.8921,R+L+G,radar,rnn,,rnn + gauges,idw_add,mergeplg,True,,0.3734,0
radar idw_add [constant + gauges],1.0,162,2.6888,2.4278,-0.261,-0.0971,0.6051,1.0688,0.3975,0.9604,0.9248,0.0465,0.8849,R+L+G,radar,constant,,constant + gauges,idw_add,mergeplg,True,,0.3956,0
radar only idw_add [gauges],1.0,162,2.6888,2.4569,-0.232,-0.0863,0.6047,1.0734,0.3992,0.9614,0.9549,0.0379,0.9203,R+G,radar only,,,gauges,idw_add,mergeplg,True,,0.3863,0
radar only add [constant + gauges],1.0,162,2.6888,2.5707,-0.1181,-0.0439,0.6103,1.0755,0.4,0.9594,0.985,0.0709,0.9161,R+L+G,radar only,constant,,constant + gauges,add,pcpn_maps,True,,0.3706,0
links constant + gauges,1.0,162,2.6888,2.5647,-0.1241,-0.0462,0.6181,1.0868,0.4042,0.9588,0.9925,0.0833,0.9103,L+G,,constant,,,,,True,,0.3755,0
radar only add [pycomlink + gauges],1.0,162,2.6888,2.4639,-0.2249,-0.0836,0.6051,1.0871,0.4043,0.9606,0.985,0.0368,0.9493,R+L+G,radar only,pycomlink,,pycomlink + gauges,add,pcpn_maps,True,,0.3808,0
radar idw_mul [constant + gauges],1.0,162,2.6888,2.4001,-0.2887,-0.1074,0.6031,1.0978,0.4083,0.9591,0.9323,0.0312,0.9051,R+L+G,radar,constant,,constant + gauges,idw_mul,mergeplg,True,,0.3988,0
radar mul [rnn + gauges],1.0,162,2.6888,2.5971,-0.0917,-0.0341,0.6199,1.0996,0.4089,0.9568,0.9323,0.0462,0.8921,R+L+G,radar,rnn,,rnn + gauges,mul,pcpn_maps,True,,0.3865,0
radar idw_mul [rnn + gauges],1.0,162,2.6888,2.4371,-0.2518,-0.0936,0.6123,1.1,0.4091,0.9608,0.9323,0.0388,0.8986,R+L+G,radar,rnn,,rnn + gauges,idw_mul,mergeplg,True,,0.3727,0
links pycomlink + gauges,1.0,162,2.6888,2.4572,-0.2317,-0.0862,0.6194,1.1012,0.4095,0.9597,0.9925,0.0435,0.9496,L+G,,pycomlink,,,,,True,,0.3981,0
radar only idw_mul [gauges],1.0,162,2.6888,2.4533,-0.2356,-0.0876,0.6164,1.1028,0.4101,0.9594,0.9549,0.0379,0.9203,R+G,radar only,,,gauges,idw_mul,mergeplg,True,,0.3837,0
radar only add [nearby + gauges],1.0,162,2.6888,2.5227,-0.1661,-0.0618,0.63,1.1029,0.4102,0.9589,0.9925,0.0435,0.9496,R+L+G,radar only,nearby,,nearby + gauges,add,pcpn_maps,True,,0.3917,0
radar only idw_add [pycomlink + gauges],1.0,162,2.6888,2.4207,-0.2681,-0.0997,0.6269,1.1049,0.4109,0.959,0.9549,0.0231,0.9338,R+L+G,radar only,pycomlink,,pycomlink + gauges,idw_add,mergeplg,True,,0.3954,0
radar okrig_add [gauges] (5 km variogram),1.0,162,2.6888,2.7332,0.0444,0.0165,0.6748,1.1101,0.4128,0.9508,0.9173,0.0317,0.8905,R+G,radar,,,gauges,okrig_add,mergeplg,True,mergeplg default,0.4022,0
links nearby + gauges,1.0,162,2.6888,2.517,-0.1718,-0.0639,0.641,1.1182,0.4159,0.9578,0.9925,0.0435,0.9496,L+G,,nearby,,,,,True,,0.3969,0
radar okrig_add [nearby + gauges] (5 km variogram),1.0,162,2.6888,2.7488,0.0599,0.0223,0.6759,1.12,0.4165,0.95,0.9173,0.0394,0.8841,R+L+G,radar,nearby,,nearby + gauges,okrig_add,mergeplg,True,mergeplg default,0.4022,0
radar okrig_add [rnn + gauges] (5 km variogram),1.0,162,2.6888,2.7356,0.0467,0.0174,0.6803,1.1256,0.4186,0.9494,0.9173,0.0543,0.8714,R+L+G,radar,rnn,,rnn + gauges,okrig_add,mergeplg,True,mergeplg default,0.3839,0
radar only idw_add [nearby + gauges],1.0,162,2.6888,2.4288,-0.26,-0.0967,0.6253,1.1261,0.4188,0.9582,0.9624,0.0303,0.9343,R+L+G,radar only,nearby,,nearby + gauges,idw_add,mergeplg,True,,0.3863,0
radar okrig_add [pycomlink + gauges] (5 km variogram),1.0,162,2.6888,2.7293,0.0405,0.0151,0.6758,1.1261,0.4188,0.9491,0.9173,0.0317,0.8905,R+L+G,radar,pycomlink,,pycomlink + gauges,okrig_add,mergeplg,True,mergeplg default,0.3838,0
radar okrig_add [constant + gauges] (5 km variogram),1.0,162,2.6888,2.8166,0.1278,0.0475,0.6927,1.1276,0.4194,0.9498,0.9248,0.0465,0.8849,R+L+G,radar,constant,,constant + gauges,okrig_add,mergeplg,True,mergeplg default,0.4046,0
radar okrig_add [constant + gauges],1.0,162,2.6888,2.6203,-0.0685,-0.0255,0.6768,1.1277,0.4194,0.9491,0.9173,0.0469,0.8777,R+L+G,radar,constant,,constant + gauges,okrig_add,mergeplg,True,radar fit,0.3844,0
radar okrig_add [rnn + gauges],1.0,162,2.6888,2.6378,-0.0511,-0.019,0.6675,1.1307,0.4205,0.9487,0.9173,0.0394,0.8841,R+L+G,radar,rnn,,rnn + gauges,okrig_add,mergeplg,True,radar fit,0.3699,0
radar only idw_mul [pycomlink + gauges],1.0,162,2.6888,2.4165,-0.2723,-0.1013,0.6364,1.1313,0.4207,0.957,0.9549,0.0451,0.9137,R+L+G,radar only,pycomlink,,pycomlink + gauges,idw_mul,mergeplg,True,,0.3998,0
radar okrig_add [pycomlink + gauges],1.0,162,2.6888,2.6064,-0.0825,-0.0307,0.669,1.1374,0.423,0.9483,0.9173,0.0317,0.8905,R+L+G,radar,pycomlink,,pycomlink + gauges,okrig_add,mergeplg,True,radar fit,0.3787,0
radar idw_add [dynamic + gauges],1.0,162,2.6888,2.8849,0.1961,0.0729,0.7352,1.1388,0.4235,0.9494,0.9474,0.0803,0.875,R+L+G,radar,dynamic,,dynamic + gauges,idw_add,mergeplg,True,,0.4286,0
radar okrig_add [nearby + gauges],1.0,162,2.6888,2.6406,-0.0482,-0.0179,0.6659,1.1412,0.4244,0.9477,0.9173,0.0317,0.8905,R+L+G,radar,nearby,,nearby + gauges,okrig_add,mergeplg,True,radar fit,0.3688,0
radar only mul [gauges],1.0,162,2.6888,2.5064,-0.1824,-0.0678,0.6596,1.1437,0.4253,0.9555,0.9699,0.0719,0.9021,R+G,radar only,,,gauges,mul,pcpn_maps,True,,0.3654,0
radar idw_mul [dynamic + gauges],1.0,162,2.6888,2.8356,0.1468,0.0546,0.7234,1.1459,0.4262,0.948,0.9323,0.0462,0.8921,R+L+G,radar,dynamic,,dynamic + gauges,idw_mul,mergeplg,True,,0.4275,0
radar only idw_mul [nearby + gauges],1.0,162,2.6888,2.4251,-0.2637,-0.0981,0.637,1.1491,0.4274,0.9567,0.9624,0.0376,0.9275,R+L+G,radar only,nearby,,nearby + gauges,idw_mul,mergeplg,True,,0.3837,0
radar mul [dynamic + gauges],1.0,162,2.6888,2.9966,0.3078,0.1145,0.7461,1.1503,0.4278,0.9506,0.9323,0.0462,0.8921,R+L+G,radar,dynamic,,dynamic + gauges,mul,pcpn_maps,True,,0.4026,0
radar okrig_add [gauges],1.0,162,2.6888,2.6105,-0.0783,-0.0291,0.6842,1.1546,0.4294,0.9467,0.9173,0.0317,0.8905,R+G,radar,,,gauges,okrig_add,mergeplg,True,radar fit,0.3711,0
radar only add [rnn + gauges],1.0,162,2.6888,2.5662,-0.1226,-0.0456,0.6586,1.1596,0.4313,0.9548,0.9925,0.0571,0.9362,R+L+G,radar only,rnn,,rnn + gauges,add,pcpn_maps,True,,0.3717,0
radar only idw_add [dynamic + gauges],1.0,162,2.6888,2.8135,0.1246,0.0463,0.7632,1.1634,0.4327,0.9472,0.9774,0.1096,0.8725,R+L+G,radar only,dynamic,,dynamic + gauges,idw_add,mergeplg,True,,0.5153,0
radar mfb [gauges],1.0,162,2.6888,2.6695,-0.0194,-0.0072,0.6626,1.1659,0.4336,0.946,0.9323,0.0312,0.9051,R+G,radar,,,gauges,mfb,pcpn_maps,True,,0.3804,1
radar only idw_add [constant + gauges],1.0,162,2.6888,2.3674,-0.3214,-0.1195,0.6514,1.1709,0.4355,0.9565,0.9549,0.0305,0.927,R+L+G,radar only,constant,,constant + gauges,idw_add,mergeplg,True,,0.3895,0
links rnn + gauges,1.0,162,2.6888,2.5597,-0.1292,-0.048,0.6715,1.1746,0.4368,0.9537,0.9925,0.0638,0.9296,L+G,,rnn,,,,,True,,0.3793,0
radar only idw_add [rnn + gauges],1.0,162,2.6888,2.3975,-0.2913,-0.1083,0.654,1.1785,0.4383,0.9578,0.9549,0.0451,0.9137,R+L+G,radar only,rnn,,rnn + gauges,idw_add,mergeplg,True,,0.4008,0
radar only idw_mul [dynamic + gauges],1.0,162,2.6888,2.7828,0.0939,0.0349,0.7492,1.1807,0.4391,0.9451,0.9699,0.0915,0.8836,R+L+G,radar only,dynamic,,dynamic + gauges,idw_mul,mergeplg,True,,0.5049,0
radar add [dynamic + gauges],1.0,162,2.6888,3.2143,0.5255,0.1954,0.8875,1.184,0.4403,0.9553,1.0,0.179,0.821,R+L+G,radar,dynamic,,dynamic + gauges,add,pcpn_maps,True,,0.472,0
radar only idw_mul [constant + gauges],1.0,162,2.6888,2.3656,-0.3232,-0.1202,0.6565,1.187,0.4415,0.9554,0.9549,0.0451,0.9137,R+L+G,radar only,constant,,constant + gauges,idw_mul,mergeplg,True,,0.3957,0
radar only idw_mul [rnn + gauges],1.0,162,2.6888,2.3966,-0.2922,-0.1087,0.6581,1.1991,0.446,0.9563,0.9549,0.0451,0.9137,R+L+G,radar only,rnn,,rnn + gauges,idw_mul,mergeplg,True,,0.4003,0
radar only mfb [gauges],1.0,162,2.6888,2.613,-0.0758,-0.0282,0.6752,1.2149,0.4518,0.945,0.9699,0.0515,0.9214,R+G,radar only,,,gauges,mfb,pcpn_maps,True,,0.3713,1
radar okrig_add [dynamic + gauges] (5 km variogram),1.0,162,2.6888,2.615,-0.0738,-0.0274,0.709,1.2293,0.4572,0.9395,0.9023,0.0625,0.8511,R+L+G,radar,dynamic,,dynamic + gauges,okrig_add,mergeplg,True,mergeplg default,0.3776,0
radar only add [dynamic + gauges],1.0,162,2.6888,3.1559,0.4671,0.1737,0.9331,1.2305,0.4576,0.9501,1.0,0.179,0.821,R+L+G,radar only,dynamic,,dynamic + gauges,add,pcpn_maps,True,,0.4852,0
radar okrig_add [dynamic + gauges],1.0,162,2.6888,2.5678,-0.1211,-0.045,0.6946,1.2307,0.4577,0.9396,0.9098,0.0397,0.8768,R+L+G,radar,dynamic,,dynamic + gauges,okrig_add,mergeplg,True,radar fit,0.3474,1
radar only mul [constant + gauges],1.0,162,2.6888,2.4614,-0.2274,-0.0846,0.6858,1.237,0.4601,0.9512,0.9624,0.0725,0.8951,R+L+G,radar only,constant,,constant + gauges,mul,pcpn_maps,True,,0.4064,0
links dynamic + gauges,1.0,162,2.6888,3.1512,0.4623,0.1719,0.937,1.2397,0.4611,0.9491,1.0,0.179,0.821,L+G,,dynamic,,,,,True,,0.5172,0
radar only okrig_add [gauges] (5 km variogram),1.0,162,2.6888,2.7046,0.0157,0.0059,0.7427,1.2403,0.4613,0.9378,0.9549,0.0451,0.9137,R+G,radar only,,,gauges,okrig_add,mergeplg,True,mergeplg default,0.3849,0
radar only okrig_add [constant + gauges] (5 km variogram),1.0,162,2.6888,2.7784,0.0896,0.0333,0.757,1.244,0.4626,0.9378,0.9549,0.0522,0.9071,R+L+G,radar only,constant,,constant + gauges,okrig_add,mergeplg,True,mergeplg default,0.3912,0
radar only mul [pycomlink + gauges],1.0,162,2.6888,2.3771,-0.3117,-0.1159,0.6778,1.2454,0.4632,0.9542,0.9624,0.0657,0.9014,R+L+G,radar only,pycomlink,,pycomlink + gauges,mul,pcpn_maps,True,,0.3999,0
radar only mul [dynamic + gauges],1.0,162,2.6888,2.8457,0.1569,0.0583,0.8281,1.2459,0.4634,0.942,0.9699,0.0915,0.8836,R+L+G,radar only,dynamic,,dynamic + gauges,mul,pcpn_maps,True,,0.4261,0
radar only okrig_add [nearby + gauges] (5 km variogram),1.0,162,2.6888,2.7174,0.0286,0.0106,0.7459,1.2483,0.4643,0.937,0.9549,0.0451,0.9137,R+L+G,radar only,nearby,,nearby + gauges,okrig_add,mergeplg,True,mergeplg default,0.3777,0
radar only okrig_add [rnn + gauges] (5 km variogram),1.0,162,2.6888,2.7022,0.0134,0.005,0.7451,1.2553,0.4669,0.9363,0.9549,0.0451,0.9137,R+L+G,radar only,rnn,,rnn + gauges,okrig_add,mergeplg,True,mergeplg default,0.3869,0
radar only mul [nearby + gauges],1.0,162,2.6888,2.4223,-0.2665,-0.0991,0.7039,1.2563,0.4672,0.9525,0.9699,0.0652,0.9085,R+L+G,radar only,nearby,,nearby + gauges,mul,pcpn_maps,True,,0.4163,0
radar only okrig_add [pycomlink + gauges] (5 km variogram),1.0,162,2.6888,2.6988,0.01,0.0037,0.7496,1.2569,0.4675,0.9361,0.9549,0.0451,0.9137,R+L+G,radar only,pycomlink,,pycomlink + gauges,okrig_add,mergeplg,True,mergeplg default,0.3877,0
radar only okrig_add [constant + gauges],1.0,162,2.6888,2.5712,-0.1177,-0.0438,0.7294,1.2662,0.4709,0.9359,0.9474,0.0526,0.9,R+L+G,radar only,constant,,constant + gauges,okrig_add,mergeplg,True,radar fit,0.416,1
radar only okrig_add [rnn + gauges],1.0,162,2.6888,2.5999,-0.0889,-0.0331,0.7378,1.2714,0.4728,0.9349,0.9549,0.0451,0.9137,R+L+G,radar only,rnn,,rnn + gauges,okrig_add,mergeplg,True,radar fit,0.3763,0
radar only okrig_add [nearby + gauges],1.0,162,2.6888,2.6029,-0.086,-0.032,0.7361,1.2796,0.4759,0.934,0.9549,0.0522,0.9071,R+L+G,radar only,nearby,,nearby + gauges,okrig_add,mergeplg,True,radar fit,0.3601,0
radar only okrig_add [pycomlink + gauges],1.0,162,2.6888,2.5695,-0.1193,-0.0444,0.737,1.2822,0.4769,0.9344,0.9549,0.0522,0.9071,R+L+G,radar only,pycomlink,,pycomlink + gauges,okrig_add,mergeplg,True,radar fit,0.3956,0
radar only okrig_add [dynamic + gauges],1.0,162,2.6888,2.4983,-0.1905,-0.0708,0.726,1.2827,0.477,0.9359,0.9248,0.0538,0.8786,R+L+G,radar only,dynamic,,dynamic + gauges,okrig_add,mergeplg,True,radar fit,0.4317,0
radar only okrig_add [dynamic + gauges] (5 km variogram),1.0,162,2.6888,2.5442,-0.1446,-0.0538,0.7277,1.2911,0.4802,0.9345,0.9474,0.0308,0.9197,R+L+G,radar only,dynamic,,dynamic + gauges,okrig_add,mergeplg,True,mergeplg default,0.3929,0
radar only okrig_add [gauges],1.0,162,2.6888,2.5731,-0.1158,-0.0431,0.7503,1.2963,0.4821,0.9328,0.9549,0.0451,0.9137,R+G,radar only,,,gauges,okrig_add,mergeplg,True,radar fit,0.3914,0
radar only mul [rnn + gauges],1.0,162,2.6888,2.4558,-0.2331,-0.0867,0.7201,1.3078,0.4864,0.9479,0.9699,0.0652,0.9085,R+L+G,radar only,rnn,,rnn + gauges,mul,pcpn_maps,True,,0.4296,0
radar only ked [rnn + gauges] (5 km variogram),1.0,162,2.6888,3.1875,0.4986,0.1854,0.8408,1.3277,0.4938,0.9487,0.9699,0.0786,0.8958,R+L+G,radar only,rnn,,rnn + gauges,ked,mergeplg,True,mergeplg default,0.4978,0
radar only ked [rnn + gauges],1.0,162,2.6888,3.1608,0.4719,0.1755,0.846,1.3459,0.5005,0.9453,0.9624,0.0791,0.8889,R+L+G,radar only,rnn,,rnn + gauges,ked,mergeplg,True,radar fit,0.4866,1
radar only ked [gauges],1.0,162,2.6888,3.1289,0.44,0.1636,0.8432,1.3639,0.5072,0.9437,0.9699,0.0915,0.8836,R+G,radar only,,,gauges,ked,mergeplg,True,radar fit,0.4772,0
radar only ked [gauges] (5 km variogram),1.0,162,2.6888,3.189,0.5001,0.186,0.8464,1.378,0.5125,0.9456,0.9699,0.0915,0.8836,R+G,radar only,,,gauges,ked,mergeplg,True,mergeplg default,0.4678,0
radar only ked [pycomlink + gauges] (5 km variogram),1.0,162,2.6888,3.161,0.4721,0.1756,0.8984,1.4131,0.5255,0.9358,0.9699,0.0851,0.8897,R+L+G,radar only,pycomlink,,pycomlink + gauges,ked,mergeplg,True,mergeplg default,0.5265,0
radar only ked [pycomlink + gauges],1.0,162,2.6888,3.1139,0.4251,0.1581,0.9087,1.4405,0.5357,0.9295,0.9699,0.0851,0.8897,R+L+G,radar only,pycomlink,,pycomlink + gauges,ked,mergeplg,True,radar fit,0.5066,0
radar mfb [nearby + gauges],1.0,162,2.6888,2.3069,-0.382,-0.1421,0.7196,1.4521,0.54,0.938,0.9323,0.0388,0.8986,R+L+G,radar,nearby,,nearby + gauges,mfb,pcpn_maps,True,,0.3974,1
radar mfb [pycomlink + gauges],1.0,162,2.6888,2.1464,-0.5425,-0.2017,0.7351,1.4663,0.5453,0.9422,0.9323,0.0312,0.9051,R+L+G,radar,pycomlink,,pycomlink + gauges,mfb,pcpn_maps,True,,0.4816,0
radar only ked [dynamic + gauges] (5 km variogram),1.0,162,2.6888,3.2211,0.5323,0.198,0.9906,1.471,0.5471,0.9298,0.9248,0.0889,0.8483,R+L+G,radar only,dynamic,,dynamic + gauges,ked,mergeplg,True,mergeplg default,0.547,0
radar only ked [nearby + gauges],1.0,162,2.6888,3.0906,0.4017,0.1494,0.9106,1.501,0.5582,0.9228,0.9549,0.0863,0.8759,R+L+G,radar only,nearby,,nearby + gauges,ked,mergeplg,True,radar fit,0.5594,0
radar only ked [nearby + gauges] (5 km variogram),1.0,162,2.6888,3.1099,0.4211,0.1566,0.9291,1.5048,0.5597,0.9248,0.9549,0.0863,0.8759,R+L+G,radar only,nearby,,nearby + gauges,ked,mergeplg,True,mergeplg default,0.5462,0
radar,1.0,162,2.6888,2.6963,0.0075,0.0028,0.7539,1.5279,0.5682,0.904,0.9323,0.0462,0.8921,R,radar,,,,,,False,,0.3983,0
radar ked [pycomlink + gauges] (5 km variogram),1.0,162,2.6888,3.0798,0.3909,0.1454,0.9238,1.5551,0.5783,0.9204,0.9248,0.0465,0.8849,R+L+G,radar,pycomlink,,pycomlink + gauges,ked,mergeplg,True,mergeplg default,0.6235,0
radar only mfb [nearby + gauges],1.0,162,2.6888,2.2557,-0.4331,-0.1611,0.7502,1.5562,0.5788,0.9359,0.9549,0.0522,0.9071,R+L+G,radar only,nearby,,nearby + gauges,mfb,pcpn_maps,True,,0.4356,0
radar mfb [constant + gauges],1.0,162,2.6888,2.274,-0.4148,-0.1543,0.7532,1.5638,0.5816,0.9162,0.9323,0.0388,0.8986,R+L+G,radar,constant,,constant + gauges,mfb,pcpn_maps,True,,0.4309,0
radar only mfb [pycomlink + gauges],1.0,162,2.6888,2.0984,-0.5904,-0.2196,0.7831,1.5741,0.5854,0.94,0.9398,0.053,0.8929,R+L+G,radar only,pycomlink,,pycomlink + gauges,mfb,pcpn_maps,True,,0.4689,0
radar ked [gauges],1.0,162,2.6888,3.2256,0.5367,0.1996,0.9333,1.5773,0.5866,0.929,0.9248,0.0465,0.8849,R+G,radar,,,gauges,ked,mergeplg,True,radar fit,0.5922,0
radar ked [rnn + gauges] (5 km variogram),1.0,162,2.6888,3.3046,0.6158,0.229,0.9339,1.5788,0.5872,0.9409,0.9248,0.0391,0.8913,R+L+G,radar,rnn,,rnn + gauges,ked,mergeplg,True,mergeplg default,0.5958,0
radar ked [pycomlink + gauges],1.0,162,2.6888,3.1324,0.4436,0.165,0.9138,1.5852,0.5896,0.9241,0.9248,0.0465,0.8849,R+L+G,radar,pycomlink,,pycomlink + gauges,ked,mergeplg,True,radar fit,0.5956,0
radar mfb [rnn + gauges],1.0,162,2.6888,2.5708,-0.118,-0.0439,0.8344,1.5903,0.5914,0.9051,0.9323,0.0388,0.8986,R+L+G,radar,rnn,,rnn + gauges,mfb,pcpn_maps,True,,0.4787,0
radar mfb [dynamic + gauges],1.0,162,2.6888,3.1403,0.4514,0.1679,1.0998,1.6185,0.6019,0.9006,0.9323,0.0462,0.8921,R+L+G,radar,dynamic,,dynamic + gauges,mfb,pcpn_maps,True,,0.5731,0
radar ked [gauges] (5 km variogram),1.0,162,2.6888,3.2424,0.5536,0.2059,0.9667,1.6202,0.6026,0.9304,0.9323,0.0462,0.8921,R+G,radar,,,gauges,ked,mergeplg,True,mergeplg default,0.5766,0
radar only ked [constant + gauges] (5 km variogram),1.0,162,2.6888,3.388,0.6992,0.26,1.0164,1.6266,0.6049,0.929,0.9549,0.0929,0.8699,R+L+G,radar only,constant,,constant + gauges,ked,mergeplg,True,mergeplg default,0.6527,0
radar only mfb [dynamic + gauges],1.0,162,2.6888,3.0918,0.403,0.1499,1.1203,1.6306,0.6064,0.9008,0.9699,0.0915,0.8836,R+L+G,radar only,dynamic,,dynamic + gauges,mfb,pcpn_maps,True,,0.5469,0
radar only mfb [constant + gauges],1.0,162,2.6888,2.2318,-0.4571,-0.17,0.7761,1.6372,0.6089,0.9167,0.9624,0.0725,0.8951,R+L+G,radar only,constant,,constant + gauges,mfb,pcpn_maps,True,,0.4286,0
radar only ked [dynamic + gauges],1.0,162,2.6888,3.3257,0.6369,0.2369,1.1049,1.641,0.6103,0.918,0.9398,0.0876,0.8621,R+L+G,radar only,dynamic,,dynamic + gauges,ked,mergeplg,True,radar fit,0.667,0
radar only ked [constant + gauges],1.0,162,2.6888,3.2957,0.6069,0.2257,1.0714,1.6464,0.6123,0.9174,0.9474,0.087,0.869,R+L+G,radar only,constant,,constant + gauges,ked,mergeplg,True,radar fit,0.6096,0
radar only mfb [rnn + gauges],1.0,162,2.6888,2.5188,-0.17,-0.0632,0.8424,1.656,0.6159,0.9052,0.9624,0.0519,0.9143,R+L+G,radar only,rnn,,rnn + gauges,mfb,pcpn_maps,True,,0.4893,0
radar ked [dynamic + gauges] (5 km variogram),1.0,162,2.6888,2.9483,0.2595,0.0965,0.9567,1.7018,0.6329,0.8933,0.8647,0.0496,0.8273,R+L+G,radar,dynamic,,dynamic + gauges,ked,mergeplg,True,mergeplg default,0.5438,0
radar ked [constant + gauges],1.0,162,2.6888,3.1648,0.4759,0.177,1.0208,1.7034,0.6335,0.9166,0.9173,0.0394,0.8841,R+L+G,radar,constant,,constant + gauges,ked,mergeplg,True,radar fit,0.6471,0
radar ked [rnn + gauges],1.0,162,2.6888,3.3953,0.7065,0.2627,0.9804,1.7086,0.6355,0.942,0.9248,0.0391,0.8913,R+L+G,radar,rnn,,rnn + gauges,ked,mergeplg,True,radar fit,0.5961,0
radar ked [nearby + gauges],1.0,162,2.6888,3.213,0.5241,0.1949,0.9788,1.7582,0.6539,0.9078,0.9248,0.0465,0.8849,R+L+G,radar,nearby,,nearby + gauges,ked,mergeplg,True,radar fit,0.5998,0
radar ked [constant + gauges] (5 km variogram),1.0,162,2.6888,3.2213,0.5325,0.198,1.075,1.8109,0.6735,0.9073,0.9173,0.0394,0.8841,R+L+G,radar,constant,,constant + gauges,ked,mergeplg,True,mergeplg default,0.6823,0
radar ked [nearby + gauges] (5 km variogram),1.0,162,2.6888,3.1826,0.4938,0.1836,1.0524,1.9185,0.7135,0.8893,0.9248,0.0465,0.8849,R+L+G,radar,nearby,,nearby + gauges,ked,mergeplg,True,mergeplg default,0.6413,0
radar okrig_add [pycomlink],1.0,162,2.6888,2.3004,-0.3885,-0.1445,1.1963,1.9634,0.7302,0.845,0.7744,0.019,0.763,R+L,radar,pycomlink,,pycomlink,okrig_add,mergeplg,False,radar fit,0.7332,0
radar ked [dynamic + gauges],1.0,162,2.6888,3.1815,0.4927,0.1832,1.0708,1.9886,0.7396,0.8838,0.8647,0.0496,0.8273,R+L+G,radar,dynamic,,dynamic + gauges,ked,mergeplg,True,radar fit,0.6589,0
radar add [pycomlink],1.0,162,2.6888,1.685,-1.0038,-0.3733,1.196,2.092,0.778,0.8863,0.7895,0.087,0.7343,R+L,radar,pycomlink,,pycomlink,add,pcpn_maps,False,,0.773,0
radar idw_add [pycomlink],1.0,162,2.6888,1.7402,-0.9487,-0.3528,1.18,2.1311,0.7926,0.8663,0.7669,0.0377,0.7445,R+L,radar,pycomlink,,pycomlink,idw_add,mergeplg,False,,0.7919,0
radar only okrig_add [pycomlink],1.0,162,2.6888,2.2075,-0.4814,-0.179,1.2302,2.1332,0.7933,0.8148,0.8045,0.0531,0.7698,R+L,radar only,pycomlink,,pycomlink,okrig_add,mergeplg,False,radar fit,0.8231,0
radar mul [pycomlink],1.0,162,2.6888,1.7524,-0.9365,-0.3483,1.1345,2.1503,0.7997,0.8753,0.9323,0.0462,0.8921,R+L,radar,pycomlink,,pycomlink,mul,pcpn_maps,False,,0.7544,0
radar okrig_add [pycomlink] (5 km variogram),1.0,162,2.6888,1.7209,-0.968,-0.36,1.2626,2.3064,0.8578,0.8267,0.7594,0.0381,0.7372,R+L,radar,pycomlink,,pycomlink,okrig_add,mergeplg,False,mergeplg default,0.8874,0
radar add [constant],1.0,162,2.6888,2.3423,-0.3466,-0.1289,1.2435,2.3087,0.8586,0.7693,0.8872,0.1387,0.7763,R+L,radar,constant,,constant,add,pcpn_maps,False,,0.6728,0
radar idw_add [constant],1.0,162,2.6888,2.4179,-0.271,-0.1008,1.2127,2.3227,0.8638,0.7644,0.8647,0.0574,0.8214,R+L,radar,constant,,constant,idw_add,mergeplg,False,,0.6777,0
radar only add [pycomlink],1.0,162,2.6888,1.5797,-1.1092,-0.4125,1.2561,2.3236,0.8642,0.8624,0.8045,0.0855,0.7483,R+L,radar only,pycomlink,,pycomlink,add,pcpn_maps,False,,0.7859,0
radar okrig_add [constant] (5 km variogram),1.0,162,2.6888,2.4654,-0.2234,-0.0831,1.2265,2.3346,0.8683,0.7594,0.8647,0.0496,0.8273,R+L,radar,constant,,constant,okrig_add,mergeplg,False,mergeplg default,0.7316,0
radar mul [constant],1.0,162,2.6888,2.2982,-0.3906,-0.1453,1.1702,2.3373,0.8693,0.7642,0.9323,0.0462,0.8921,R+L,radar,constant,,constant,mul,pcpn_maps,False,,0.6901,0
radar add [rnn],1.0,162,2.6888,2.4227,-0.2661,-0.099,1.3194,2.3433,0.8715,0.7721,0.9398,0.0809,0.8681,R+L,radar,rnn,,rnn,add,pcpn_maps,False,,0.7864,0
radar only idw_add [pycomlink],1.0,162,2.6888,1.6361,-1.0528,-0.3915,1.2289,2.3509,0.8743,0.8401,0.797,0.045,0.7681,R+L,radar only,pycomlink,,pycomlink,idw_add,mergeplg,False,,0.8178,0
radar idw_add [rnn],1.0,162,2.6888,2.4169,-0.2719,-0.1011,1.3246,2.3512,0.8744,0.7681,0.9098,0.0547,0.8643,R+L,radar,rnn,,rnn,idw_add,mergeplg,False,,0.7904,0
radar idw_mul [pycomlink],1.0,162,2.6888,1.709,-0.9798,-0.3644,1.297,2.3585,0.8771,0.815,0.7519,0.0291,0.7353,R+L,radar,pycomlink,,pycomlink,idw_mul,mergeplg,False,,0.8733,0
radar only mul [pycomlink],1.0,162,2.6888,1.6126,-1.0763,-0.4003,1.2255,2.3599,0.8777,0.8691,0.9624,0.0725,0.8951,R+L,radar only,pycomlink,,pycomlink,mul,pcpn_maps,False,,0.8696,0
radar mul [rnn],1.0,162,2.6888,2.3374,-0.3514,-0.1307,1.2275,2.3684,0.8808,0.7692,0.9323,0.0462,0.8921,R+L,radar,rnn,,rnn,mul,pcpn_maps,False,,0.7152,0
links pycomlink idw,1.0,162,2.6888,1.5576,-1.1313,-0.4207,1.2889,2.373,0.8825,0.852,0.7895,0.087,0.7343,L,,pycomlink,idw,,,,False,,0.7973,0
radar okrig_add [rnn],1.0,162,2.6888,2.302,-0.3868,-0.1439,1.3402,2.3911,0.8893,0.767,0.9023,0.0551,0.8571,R+L,radar,rnn,,rnn,okrig_add,mergeplg,False,radar fit,0.7755,0
links pycomlink line,1.0,162,2.6888,1.5533,-1.1355,-0.4223,1.2921,2.3939,0.8903,0.8485,0.7744,0.0885,0.7203,L,,pycomlink,line,,,,False,,0.801,0
radar only idw_mul [pycomlink],1.0,162,2.6888,1.6071,-1.0818,-0.4023,1.2715,2.4139,0.8978,0.8281,0.7594,0.0561,0.7266,R+L,radar only,pycomlink,,pycomlink,idw_mul,mergeplg,False,,0.8603,0
radar only mul [constant],1.0,162,2.6888,2.1351,-0.5538,-0.206,1.1369,2.4149,0.8981,0.7573,0.9549,0.0797,0.8819,R+L,radar only,constant,,constant,mul,pcpn_maps,False,,0.6792,0
radar okrig_add [rnn] (5 km variogram),1.0,162,2.6888,2.3045,-0.3844,-0.143,1.319,2.4309,0.9041,0.7545,0.8872,0.056,0.8429,R+L,radar,rnn,,rnn,okrig_add,mergeplg,False,mergeplg default,0.7991,0
radar only idw_add [constant],1.0,162,2.6888,2.32,-0.3689,-0.1372,1.2086,2.4419,0.9082,0.7371,0.8797,0.064,0.8298,R+L,radar only,constant,,constant,idw_add,mergeplg,False,,0.7207,0
radar only add [constant],1.0,162,2.6888,2.2353,-0.4536,-0.1687,1.2406,2.445,0.9093,0.7405,0.9023,0.1367,0.7895,R+L,radar only,constant,,constant,add,pcpn_maps,False,,0.7058,0
radar mfb [rnn],1.0,162,2.6888,2.419,-0.2699,-0.1004,1.3249,2.4566,0.9136,0.7344,0.9098,0.0397,0.8768,R+L,radar,rnn,,rnn,mfb,pcpn_maps,False,,0.7627,0
radar only okrig_add [constant] (5 km variogram),1.0,162,2.6888,2.3864,-0.3024,-0.1125,1.2373,2.4673,0.9176,0.7287,0.8872,0.0709,0.831,R+L,radar only,constant,,constant,okrig_add,mergeplg,False,mergeplg default,0.7407,0
radar only mfb [rnn],1.0,162,2.6888,2.3713,-0.3176,-0.1181,1.2904,2.4794,0.9221,0.7379,0.9474,0.0597,0.8936,R+L,radar only,rnn,,rnn,mfb,pcpn_maps,False,,0.7687,0
links constant idw,1.0,162,2.6888,2.2164,-0.4725,-0.1757,1.2606,2.4799,0.9223,0.7322,0.8797,0.1522,0.7597,L,,constant,idw,,,,False,,0.697,0
radar add [nearby],1.0,162,2.6888,1.8143,-0.8745,-0.3252,1.3667,2.4836,0.9237,0.7918,0.9023,0.0476,0.8633,R+L,radar,nearby,,nearby,add,pcpn_maps,False,,0.8263,0
links constant line,1.0,162,2.6888,2.2305,-0.4583,-0.1705,1.2613,2.491,0.9264,0.7284,0.8797,0.1522,0.7597,L,,constant,line,,,,False,,0.6965,0
radar idw_add [nearby],1.0,162,2.6888,1.8088,-0.88,-0.3273,1.3838,2.4956,0.9281,0.7912,0.9023,0.0323,0.8759,R+L,radar,nearby,,nearby,idw_add,mergeplg,False,,0.8201,0
radar only mul [rnn],1.0,162,2.6888,2.1873,-0.5016,-0.1865,1.267,2.5099,0.9335,0.7575,0.9624,0.0657,0.9014,R+L,radar only,rnn,,rnn,mul,pcpn_maps,False,,0.8042,0
radar only okrig_add [pycomlink] (5 km variogram),1.0,162,2.6888,1.6282,-1.0606,-0.3945,1.2838,2.5107,0.9337,0.7956,0.8195,0.0522,0.7842,R+L,radar only,pycomlink,,pycomlink,okrig_add,mergeplg,False,mergeplg default,0.9592,0
radar idw_mul [constant],1.0,162,2.6888,2.3925,-0.2963,-0.1102,1.3085,2.5124,0.9344,0.7198,0.8496,0.0342,0.8248,R+L,radar,constant,,constant,idw_mul,mergeplg,False,,0.7433,0
radar only mfb [dynamic],1.0,162,2.6888,3.6738,0.985,0.3663,1.8521,2.5155,0.9355,0.7649,0.9699,0.0915,0.8836,R+L,radar only,dynamic,,dynamic,mfb,pcpn_maps,False,,0.9195,0
radar only idw_add [rnn],1.0,162,2.6888,2.3129,-0.376,-0.1398,1.3442,2.5215,0.9378,0.7366,0.9248,0.0611,0.8723,R+L,radar only,rnn,,rnn,idw_add,mergeplg,False,,0.846,0
radar only add [rnn],1.0,162,2.6888,2.3192,-0.3696,-0.1375,1.3431,2.5243,0.9388,0.7381,0.9549,0.0797,0.8819,R+L,radar only,rnn,,rnn,add,pcpn_maps,False,,0.8445,0
radar only okrig_add [rnn],1.0,162,2.6888,2.2063,-0.4826,-0.1795,1.3678,2.53,0.9409,0.7487,0.9098,0.062,0.8582,R+L,radar only,rnn,,rnn,okrig_add,mergeplg,False,radar fit,0.826,0
radar mfb [nearby],1.0,162,2.6888,1.5877,-1.1012,-0.4095,1.2556,2.5338,0.9423,0.8536,0.9098,0.0397,0.8768,R+L,radar,nearby,,nearby,mfb,pcpn_maps,False,,0.8305,0
radar only idw_mul [constant],1.0,162,2.6888,2.316,-0.3728,-0.1387,1.2508,2.5357,0.943,0.7123,0.8797,0.0859,0.8125,R+L,radar only,constant,,constant,idw_mul,mergeplg,False,,0.7206,0
radar mfb [dynamic],1.0,162,2.6888,3.7173,1.0284,0.3825,1.8248,2.5376,0.9437,0.7729,0.9323,0.0462,0.8921,R+L,radar,dynamic,,dynamic,mfb,pcpn_maps,False,,0.9541,0
radar only idw_mul [rnn],1.0,162,2.6888,2.3204,-0.3684,-0.137,1.3593,2.5436,0.946,0.7268,0.9173,0.0615,0.8652,R+L,radar only,rnn,,rnn,idw_mul,mergeplg,False,,0.86,0
radar mfb [pycomlink],1.0,162,2.6888,1.3519,-1.3369,-0.4972,1.4226,2.5464,0.947,0.8731,0.8947,0.0325,0.8686,R+L,radar,pycomlink,,pycomlink,mfb,pcpn_maps,False,,0.9016,0
radar mul [nearby],1.0,162,2.6888,1.8147,-0.8741,-0.3251,1.3225,2.5536,0.9497,0.7798,0.9323,0.0462,0.8921,R+L,radar,nearby,,nearby,mul,pcpn_maps,False,,0.8113,0
links rnn idw,1.0,162,2.6888,2.3051,-0.3837,-0.1427,1.3667,2.563,0.9532,0.7259,0.9248,0.0889,0.8483,L,,rnn,idw,,,,False,,0.8782,0
links rnn line,1.0,162,2.6888,2.3342,-0.3546,-0.1319,1.3821,2.5806,0.9597,0.7168,0.9323,0.0882,0.8552,L,,rnn,line,,,,False,,0.8958,0
radar only okrig_add [rnn] (5 km variogram),1.0,162,2.6888,2.2112,-0.4776,-0.1776,1.3561,2.587,0.9621,0.7277,0.9098,0.062,0.8582,R+L,radar only,rnn,,rnn,okrig_add,mergeplg,False,mergeplg default,0.7936,0
radar only,1.0,162,2.6888,1.913,-0.7759,-0.2886,1.3304,2.5889,0.9628,0.7766,0.9699,0.0915,0.8836,R,radar only,,,,,,False,,0.7736,0
radar only mfb [nearby],1.0,162,2.6888,1.5385,-1.1503,-0.4278,1.2646,2.6034,0.9682,0.8559,0.9173,0.0615,0.8652,R+L,radar only,nearby,,nearby,mfb,pcpn_maps,False,,0.8816,0
radar okrig_add [nearby] (5 km variogram),1.0,162,2.6888,1.6748,-1.014,-0.3771,1.471,2.6291,0.9778,0.7785,0.8872,0.0328,0.8613,R+L,radar,nearby,,nearby,okrig_add,mergeplg,False,mergeplg default,0.8551,0
radar only mfb [pycomlink],1.0,162,2.6888,1.3062,-1.3826,-0.5142,1.4346,2.6376,0.9809,0.8708,0.8947,0.063,0.844,R+L,radar only,pycomlink,,pycomlink,mfb,pcpn_maps,False,,0.8426,0
radar mfb [constant],1.0,162,2.6888,1.6748,-1.014,-0.3771,1.2717,2.6377,0.981,0.7433,0.8947,0.0325,0.8686,R+L,radar,constant,,constant,mfb,pcpn_maps,False,,0.7771,0
radar okrig_add [constant],1.0,162,2.6888,3.1982,0.5093,0.1894,1.5903,2.6546,0.9873,0.7393,0.8797,0.041,0.8478,R+L,radar,constant,,constant,okrig_add,mergeplg,False,radar fit,0.9462,0
radar only okrig_add [constant],1.0,162,2.6888,3.0988,0.41,0.1525,1.5439,2.6687,0.9925,0.7173,0.8872,0.056,0.8429,R+L,radar only,constant,,constant,okrig_add,mergeplg,False,radar fit,0.9738,0
radar only mul [nearby],1.0,162,2.6888,1.6982,-0.9907,-0.3684,1.4115,2.7093,1.0076,0.7675,0.9699,0.0719,0.9021,R+L,radar only,nearby,,nearby,mul,pcpn_maps,False,,0.874,0
radar only mfb [constant],1.0,162,2.6888,1.6205,-1.0684,-0.3973,1.2688,2.7167,1.0104,0.7334,0.9098,0.0763,0.8462,R+L,radar only,constant,,constant,mfb,pcpn_maps,False,,0.7612,0
radar only add [nearby],1.0,162,2.6888,1.7103,-0.9785,-0.3639,1.455,2.7277,1.0144,0.7401,0.9323,0.0606,0.8794,R+L,radar only,nearby,,nearby,add,pcpn_maps,False,,0.9098,0
radar only idw_add [nearby],1.0,162,2.6888,1.7042,-0.9846,-0.3662,1.4775,2.7439,1.0205,0.736,0.9474,0.0597,0.8936,R+L,radar only,nearby,,nearby,idw_add,mergeplg,False,,0.9085,0
radar only ked [rnn] (5 km variogram),1.0,162,2.6888,2.3541,-0.3347,-0.1245,1.4851,2.7539,1.0242,0.6437,0.9549,0.0797,0.8819,R+L,radar only,rnn,,rnn,ked,mergeplg,False,mergeplg default,0.9072,0
radar only idw_mul [nearby],1.0,162,2.6888,1.6826,-1.0062,-0.3742,1.486,2.7589,1.0261,0.7357,0.9248,0.0538,0.8786,R+L,radar only,nearby,,nearby,idw_mul,mergeplg,False,,0.9306,0
radar idw_mul [nearby],1.0,162,2.6888,1.7848,-0.904,-0.3362,1.5223,2.7675,1.0293,0.6981,0.9173,0.0317,0.8905,R+L,radar,nearby,,nearby,idw_mul,mergeplg,False,,0.8976,0
links nearby line,1.0,162,2.6888,1.6933,-0.9955,-0.3702,1.4646,2.7751,1.0321,0.725,0.9248,0.0752,0.8601,L,,nearby,line,,,,False,,0.9227,0
links nearby idw,1.0,162,2.6888,1.693,-0.9958,-0.3704,1.4807,2.7825,1.0348,0.7198,0.9173,0.0758,0.8531,L,,nearby,idw,,,,False,,0.923,0
radar only ked [rnn],1.0,162,2.6888,2.4068,-0.2821,-0.1049,1.5303,2.8146,1.0468,0.624,0.9549,0.0797,0.8819,R+L,radar only,rnn,,rnn,ked,mergeplg,False,radar fit,0.9158,0
radar only okrig_add [nearby] (5 km variogram),1.0,162,2.6888,1.5756,-1.1132,-0.414,1.5534,2.8711,1.0678,0.7201,0.9398,0.0458,0.8993,R+L,radar only,nearby,,nearby,okrig_add,mergeplg,False,mergeplg default,0.9254,0
radar only mul [dynamic],1.0,162,2.6888,4.5475,1.8587,0.6913,2.3168,3.0449,1.1324,0.7897,0.9699,0.0915,0.8836,R+L,radar only,dynamic,,dynamic,mul,pcpn_maps,False,,1.4111,0
radar okrig_add [nearby],1.0,162,2.6888,1.7804,-0.9084,-0.3378,1.7972,3.0852,1.1474,0.5663,0.8647,0.0417,0.8333,R+L,radar,nearby,,nearby,okrig_add,mergeplg,False,radar fit,1.0382,0
radar ked [rnn] (5 km variogram),1.0,162,2.6888,2.3475,-0.3414,-0.127,1.698,3.1791,1.1823,0.5175,0.8947,0.0403,0.8623,R+L,radar,rnn,,rnn,ked,mergeplg,False,mergeplg default,1.008,0
radar only ked [pycomlink] (5 km variogram),1.0,162,2.6888,2.8553,0.1664,0.0619,1.8169,3.2605,1.2126,0.6508,0.9474,0.087,0.869,R+L,radar only,pycomlink,,pycomlink,ked,mergeplg,False,mergeplg default,1.0263,0
radar only ked [pycomlink],1.0,162,2.6888,3.2938,0.605,0.225,1.8711,3.2994,1.2271,0.7145,0.9248,0.0821,0.8542,R+L,radar only,pycomlink,,pycomlink,ked,mergeplg,False,radar fit,1.0371,0
radar only okrig_add [nearby],1.0,162,2.6888,1.6729,-1.016,-0.3778,1.8886,3.3126,1.232,0.4801,0.9173,0.0543,0.8714,R+L,radar only,nearby,,nearby,okrig_add,mergeplg,False,radar fit,1.1278,0
radar mul [dynamic],1.0,162,2.6888,4.7961,2.1072,0.7837,2.4112,3.3145,1.2327,0.8199,0.9323,0.0462,0.8921,R+L,radar,dynamic,,dynamic,mul,pcpn_maps,False,,1.4257,0
radar ked [rnn],1.0,162,2.6888,2.4263,-0.2625,-0.0976,1.8129,3.4141,1.2697,0.4808,0.8797,0.041,0.8478,R+L,radar,rnn,,rnn,ked,mergeplg,False,radar fit,1.0217,0
radar only ked [nearby] (5 km variogram),1.0,162,2.6888,2.0359,-0.6529,-0.2428,2.0244,3.5252,1.311,0.3954,0.9248,0.0821,0.8542,R+L,radar only,nearby,,nearby,ked,mergeplg,False,mergeplg default,1.1917,0
radar ked [pycomlink],1.0,162,2.6888,3.1346,0.4458,0.1658,2.0958,3.713,1.3809,0.6654,0.8722,0.0413,0.8406,R+L,radar,pycomlink,,pycomlink,ked,mergeplg,False,radar fit,1.1553,0
radar only ked [nearby],1.0,162,2.6888,2.0284,-0.6604,-0.2456,2.1919,3.7353,1.3892,0.3313,0.8872,0.0853,0.8194,R+L,radar only,nearby,,nearby,ked,mergeplg,False,radar fit,1.236,0
radar only ked [constant] (5 km variogram),1.0,162,2.6888,3.8858,1.197,0.4452,2.3767,3.8895,1.4465,0.612,0.9398,0.0809,0.8681,R+L,radar only,constant,,constant,ked,mergeplg,False,mergeplg default,1.3794,0
radar ked [pycomlink] (5 km variogram),1.0,162,2.6888,2.7052,0.0164,0.0061,2.1356,3.942,1.4661,0.544,0.8571,0.05,0.8201,R+L,radar,pycomlink,,pycomlink,ked,mergeplg,False,mergeplg default,1.2911,0
radar ked [nearby],1.0,162,2.6888,2.3168,-0.3721,-0.1384,2.3137,3.9822,1.481,0.3667,0.812,0.0526,0.777,R+L,radar,nearby,,nearby,ked,mergeplg,False,radar fit,1.1976,0
links dynamic line,1.0,162,2.6888,5.8121,3.1233,1.1616,3.4813,3.9859,1.4824,0.7514,1.0,0.179,0.821,L,,dynamic,line,,,,False,,1.6438,0
radar only add [dynamic],1.0,162,2.6888,5.9965,3.3077,1.2301,3.6209,4.1394,1.5395,0.7521,1.0,0.179,0.821,R+L,radar only,dynamic,,dynamic,add,pcpn_maps,False,,1.7,0
links dynamic idw,1.0,162,2.6888,5.9866,3.2978,1.2265,3.635,4.1519,1.5441,0.7441,1.0,0.179,0.821,L,,dynamic,idw,,,,False,,1.6968,0
radar add [dynamic],1.0,162,2.6888,6.0946,3.4058,1.2666,3.6452,4.1709,1.5512,0.7815,1.0,0.179,0.821,R+L,radar,dynamic,,dynamic,add,pcpn_maps,False,,1.7135,0
radar ked [nearby] (5 km variogram),1.0,162,2.6888,2.2046,-0.4843,-0.1801,2.3563,4.2599,1.5843,0.3271,0.8195,0.0522,0.7842,R+L,radar,nearby,,nearby,ked,mergeplg,False,mergeplg default,1.331,0
radar idw_add [dynamic],1.0,162,2.6888,5.9497,3.2609,1.2128,3.4971,4.379,1.6286,0.7463,0.9549,0.0797,0.8819,R+L,radar,dynamic,,dynamic,idw_add,mergeplg,False,,1.8983,0
radar only idw_add [dynamic],1.0,162,2.6888,6.0587,3.3698,1.2533,3.667,4.4288,1.6471,0.7154,0.9774,0.1216,0.8609,R+L,radar only,dynamic,,dynamic,idw_add,mergeplg,False,,1.879,0
radar only ked [constant],1.0,162,2.6888,4.3722,1.6833,0.626,2.7144,4.4421,1.6521,0.6066,0.9624,0.0725,0.8951,R+L,radar only,constant,,constant,ked,mergeplg,False,radar fit,1.5109,0
radar only idw_mul [dynamic],1.0,162,2.6888,5.9887,3.2999,1.2273,3.6119,4.5106,1.6775,0.6975,0.9699,0.0915,0.8836,R+L,radar only,dynamic,,dynamic,idw_mul,mergeplg,False,,1.9102,0
radar okrig_add [dynamic] (5 km variogram),1.0,162,2.6888,5.8121,3.1233,1.1616,3.5234,4.5451,1.6904,0.6515,0.9549,0.0797,0.8819,R+L,radar,dynamic,,dynamic,okrig_add,mergeplg,False,mergeplg default,2.0477,0
radar ked [constant] (5 km variogram),1.0,162,2.6888,3.5696,0.8808,0.3276,2.5614,4.6151,1.7164,0.4819,0.8195,0.0439,0.7899,R+L,radar,constant,,constant,ked,mergeplg,False,mergeplg default,1.4922,0
radar only okrig_add [dynamic] (5 km variogram),1.0,162,2.6888,5.9886,3.2998,1.2272,3.8111,4.6899,1.7442,0.5978,0.9774,0.1156,0.8667,R+L,radar only,dynamic,,dynamic,okrig_add,mergeplg,False,mergeplg default,2.0227,0
radar ked [constant],1.0,162,2.6888,3.8612,1.1723,0.436,2.7129,4.81,1.7889,0.4911,0.8722,0.0413,0.8406,R+L,radar,constant,,constant,ked,mergeplg,False,radar fit,1.7481,0
radar only okrig_add [dynamic],1.0,162,2.6888,7.0372,4.3483,1.6172,4.5386,5.6012,2.0831,0.7135,0.9774,0.1216,0.8609,R+L,radar only,dynamic,,dynamic,okrig_add,mergeplg,False,radar fit,2.1628,0
radar okrig_add [dynamic],1.0,162,2.6888,6.9439,4.2551,1.5825,4.4346,5.6434,2.0988,0.7319,0.9549,0.0797,0.8819,R+L,radar,dynamic,,dynamic,okrig_add,mergeplg,False,radar fit,2.2182,0
radar only ked [dynamic] (5 km variogram),1.0,162,2.6888,5.7494,3.0606,1.1383,3.811,5.6609,2.1053,0.519,0.9624,0.0725,0.8951,R+L,radar only,dynamic,,dynamic,ked,mergeplg,False,mergeplg default,1.8668,0
radar only ked [dynamic],1.0,162,2.6888,6.8579,4.169,1.5505,4.6511,6.7784,2.5209,0.6212,0.9323,0.0746,0.8671,R+L,radar only,dynamic,,dynamic,ked,mergeplg,False,radar fit,2.0241,0
radar ked [dynamic] (5 km variogram),1.0,162,2.6888,6.1923,3.5035,1.303,4.7172,8.4754,3.1521,0.3599,0.8346,0.0431,0.8043,R+L,radar,dynamic,,dynamic,ked,mergeplg,False,mergeplg default,1.901,0
radar idw_mul [rnn],1.0,162,2.6888,3.2065,0.5176,0.1925,2.185,10.6505,3.961,0.1036,0.8947,0.0403,0.8623,R+L,radar,rnn,,rnn,idw_mul,mergeplg,False,,0.8208,0
radar ked [dynamic],1.0,162,2.6888,7.5715,4.8827,1.8159,6.1024,11.0577,4.1124,0.4493,0.8045,0.0446,0.7754,R+L,radar,dynamic,,dynamic,ked,mergeplg,False,radar fit,2.6383,0
radar idw_mul [dynamic],1.0,162,2.6888,9.6482,6.9594,2.5882,7.2212,48.0262,17.8613,0.0182,0.9323,0.0462,0.8921,R+L,radar,dynamic,,dynamic,idw_mul,mergeplg,False,,2.0941,0
