label,ptype,start,end,held_out,sample,total_mm,peak_hourly_mm,duration_h,min_temp_c,MRMS_mm,PWS_mm,ASOS_mm,link_outage,impl1_dynamic_nrmse,impl1_dynamic_bias,impl1_dynamic_corr,impl1_dynamic_mm,impl2_classical_dynamic_nrmse,impl2_classical_dynamic_bias,impl2_classical_dynamic_corr,impl2_classical_dynamic_mm,impl2_classical_constant_nrmse,impl2_classical_constant_bias,impl2_classical_constant_corr,impl2_classical_constant_mm,impl2_pycomlink_nrmse,impl2_pycomlink_bias,impl2_pycomlink_corr,impl2_pycomlink_mm,impl2_nearby_nrmse,impl2_nearby_bias,impl2_nearby_corr,impl2_nearby_mm,best_method
rain 2023-10-29 08,rain,2023-10-29 08:00:00,2023-10-30 13:00:00,False,selection calibration,18.89,4.72,29,10.6,20.7928,21.6084,25.8908,0.0103,1.0452,0.5354,0.9264,31.3807,1.0846,0.5645,0.9293,31.9771,0.8964,-0.1285,0.9119,17.812,0.9478,-0.1139,0.9088,18.11,0.9914,-0.1492,0.9049,18.4036,impl2_classical_constant
rain 2023-11-21 18,rain,2023-11-21 18:00:00,2023-11-22 11:00:00,True,catalog (held out),42.14,6.18,17,6.1,44.2639,50.5696,61.3452,0.046,0.5097,-0.0754,0.7701,40.3426,0.5725,-0.0466,0.729,41.6001,0.5988,-0.4109,0.8367,25.7027,0.5989,-0.1894,0.7649,35.3702,0.3817,-0.2056,0.9083,34.6596,impl2_nearby
rain 2023-11-26 20,rain,2023-11-26 20:00:00,2023-11-27 06:00:00,False,selection calibration,13.65,4.74,10,8.9,10.1265,8.7738,8.7501,0.0033,1.3465,0.7181,0.8459,17.8037,1.3524,0.722,0.8457,17.8434,0.6746,-0.383,0.8752,6.3937,0.6061,-0.2638,0.8659,7.629,0.5427,-0.2434,0.8939,7.8404,impl2_nearby
rain 2023-12-01 17,rain,2023-12-01 17:00:00,2023-12-02 03:00:00,False,selection calibration,10.55,3.01,10,6.7,11.6133,12.3543,11.04,0.0,1.0908,0.5719,0.9144,18.0024,1.0908,0.5719,0.9144,18.0024,0.7053,-0.2898,0.8364,8.1339,0.4762,-0.1572,0.9022,9.6515,0.5175,-0.209,0.8879,9.0593,impl2_pycomlink
rain 2023-12-03 08,rain,2023-12-03 08:00:00,2023-12-04 03:00:00,False,selection calibration,16.83,3.37,19,8.0,17.0928,17.1728,14.8451,0.0034,0.5499,0.1566,0.9304,19.5259,0.5751,0.1668,0.9295,19.6977,0.8709,-0.5644,0.8137,7.3545,0.6749,-0.3662,0.8694,10.6996,0.7112,-0.3602,0.8467,10.8006,impl1_dynamic
rain 2023-12-10 16,rain,2023-12-10 16:00:00,2023-12-11 15:00:00,True,catalog (held out),50.8,6.48,23,3.0,48.9783,49.423,44.7103,0.016,0.4032,-0.0193,0.9093,49.5617,0.4001,-0.013,0.9116,49.8828,0.5066,-0.322,0.9075,34.2668,0.4968,-0.3024,0.9125,35.2574,0.5116,-0.3344,0.9176,37.9231,impl2_classical_dynamic
rain 2023-12-17 18,rain,2023-12-17 18:00:00,2023-12-18 19:00:00,True,catalog (held out),68.01,11.19,25,9.4,68.4566,67.3087,61.3455,0.296,0.6089,-0.0658,0.8794,62.8691,0.6182,0.0674,0.8796,71.837,1.2347,-0.7642,0.7795,15.8663,1.2306,-0.7403,0.7766,17.4768,1.5369,-1.0,,0.0,impl1_dynamic
rain 2023-12-24 05,rain,2023-12-24 05:00:00,2023-12-24 11:00:00,False,other (not used by selection),1.71,0.84,6,4.4,1.3566,0.2563,0.1254,0.0,1.5909,-0.7662,0.6408,0.3867,1.5909,-0.7662,0.6408,0.3867,1.875,-1.0,,0.0,1.875,-1.0,,0.0,1.8089,-0.9602,0.6566,0.0658,impl1_dynamic
rain 2023-12-27 15,rain,2023-12-27 15:00:00,2023-12-28 13:00:00,False,selection calibration,40.33,8.92,22,6.7,31.8145,30.1226,35.3008,0.0254,0.587,0.0162,0.9332,35.0606,0.5762,0.0441,0.9367,36.0237,0.5,-0.2067,0.9647,27.3691,0.4446,-0.1479,0.9721,29.3999,0.7768,-0.3542,0.9603,22.2804,impl2_pycomlink
mix 2024-01-06 19,mix,2024-01-06 19:00:00,2024-01-07 18:00:00,True,catalog (held out),18.4,2.48,23,0.6,17.8193,17.4636,14.7103,0.0477,3.4734,1.4242,0.4655,44.6813,3.9663,1.5984,0.4434,47.8925,3.3632,0.7785,0.4345,32.7806,3.1035,0.8161,0.4653,33.4741,0.9929,-0.127,0.6168,16.4491,impl2_nearby
rain 2024-01-09 16,rain,2024-01-09 16:00:00,2024-01-10 11:00:00,True,catalog (held out),60.38,9.19,19,6.1,57.506,53.4017,53.5801,0.0304,0.7357,-0.2127,0.6829,47.5295,0.729,-0.2076,0.6889,47.8419,0.4601,-0.143,0.8911,51.7399,0.4216,-0.1343,0.9094,52.2655,0.4816,-0.2332,0.9036,46.2954,impl2_pycomlink
rain 2024-01-13 03,rain,2024-01-13 03:00:00,2024-01-13 18:00:00,False,selection calibration,24.26,7.15,15,7.8,27.5181,27.4262,25.1401,0.0588,0.9783,0.5638,0.9675,42.0691,1.0147,0.583,0.9689,42.5845,0.7361,0.266,0.9736,34.0574,0.5614,0.2399,0.9791,33.3555,0.428,-0.0746,0.9633,24.8961,impl2_nearby
mix 2024-01-16 03,mix,2024-01-16 03:00:00,2024-01-16 21:00:00,True,catalog (held out),12.63,2.21,18,-4.0,12.6988,0.5213,8.6251,0.0052,2.0168,0.6493,0.7737,21.353,2.4917,0.9163,0.7215,24.8091,2.1961,0.3405,0.4903,17.3551,2.443,0.7002,0.4078,22.0123,2.598,0.6924,0.3133,21.9108,impl1_dynamic
snow 2024-01-19 15,snow,2024-01-19 15:00:00,2024-01-19 20:00:00,True,catalog (held out),1.73,0.45,5,-2.2,1.2855,0.0107,0.8752,0.0,1.0185,-0.7836,0.0768,0.3335,1.0185,-0.7836,0.0768,0.3335,1.1623,-1.0,,0.0,1.1623,-1.0,,0.0,1.1623,-1.0,,0.0,impl1_dynamic
rain 2024-01-24 19,rain,2024-01-24 19:00:00,2024-01-25 19:00:00,False,selection calibration,6.85,1.02,24,4.4,6.6795,6.5975,6.9556,0.0,1.2734,0.4154,0.7237,9.3926,1.2734,0.4154,0.7237,9.3926,0.9618,-0.554,0.7293,2.9599,0.9555,-0.4897,0.6946,3.3867,0.957,-0.5415,0.7592,3.0429,impl2_pycomlink
rain 2024-01-26 05,rain,2024-01-26 05:00:00,2024-01-26 13:00:00,False,other (not used by selection),4.3,0.86,8,4.4,4.2964,3.6054,4.695,0.0,0.8431,0.4037,0.6174,5.8056,0.8431,0.4037,0.6174,5.8056,0.9246,-0.619,0.5138,1.576,0.7372,-0.3781,0.6037,2.5723,0.7869,-0.4897,0.645,2.1104,impl2_pycomlink
rain 2024-01-28 06,rain,2024-01-28 06:00:00,2024-01-28 23:00:00,False,selection calibration,23.76,4.13,17,3.0,21.9361,20.2105,21.7053,0.0003,0.6678,-0.0095,0.7952,22.0791,0.6677,-0.0092,0.7953,22.0849,0.6069,-0.3426,0.9004,14.6536,0.4651,-0.2112,0.9387,17.5824,0.6846,-0.3924,0.9074,13.5438,impl2_pycomlink
rain 2024-01-29 07,rain,2024-01-29 07:00:00,2024-01-29 12:00:00,False,other (not used by selection),3.55,1.15,5,1.7,8.0819,1.5661,1.1402,0.0,0.9695,-0.7459,0.6049,1.6068,0.9695,-0.7459,0.6049,1.6068,1.2242,-0.996,0.4682,0.0254,1.2123,-0.9857,0.4524,0.0904,1.1863,-0.9659,0.6241,0.2157,impl1_dynamic
rain 2024-02-02 05,rain,2024-02-02 05:00:00,2024-02-02 19:00:00,False,selection calibration,5.83,1.33,14,3.9,5.5928,5.6596,6.9953,0.0,0.8116,0.1341,0.8302,6.541,0.8116,0.1341,0.8302,6.541,1.2539,-0.8039,0.7689,1.1309,1.0049,-0.5876,0.7958,2.3785,1.2054,-0.7384,0.8244,1.5089,impl1_dynamic
mix 2024-02-13 03,mix,2024-02-13 03:00:00,2024-02-13 18:00:00,True,catalog (held out),17.19,2.52,15,0.0,15.0386,3.6852,17.9003,0.2366,2.371,0.5567,0.2684,25.585,4.1418,2.208,0.6314,52.7252,3.745,1.8941,0.6284,47.5657,4.3561,2.8001,0.6059,62.4563,1.6808,0.3252,0.3019,21.781,impl2_nearby
snow 2024-02-17 05,snow,2024-02-17 05:00:00,2024-02-17 14:00:00,True,catalog (held out),7.5,1.73,9,-2.0,6.3084,0.0154,5.0753,0.0,1.183,0.4063,0.4316,9.1913,1.183,0.4063,0.4316,9.1913,1.198,-0.6151,0.128,2.5158,1.0512,-0.3218,0.2766,4.4327,1.3268,-0.2717,-0.1293,4.7597,impl2_pycomlink
rain 2024-02-22 21,rain,2024-02-22 21:00:00,2024-02-23 07:00:00,False,other (not used by selection),3.39,0.84,10,3.9,2.2651,2.0947,1.9003,0.0,0.9343,0.2459,0.6467,3.6406,0.9343,0.2459,0.6467,3.6406,1.4272,-0.9235,0.2116,0.2236,1.2648,-0.7136,0.3445,0.8368,1.2755,-0.7841,0.4964,0.631,impl1_dynamic
rain 2024-02-27 22,rain,2024-02-27 22:00:00,2024-02-29 04:00:00,False,selection calibration,16.55,4.66,30,8.3,19.1277,18.1377,17.376,0.0075,1.1989,0.4036,0.9629,24.4304,1.356,0.447,0.9613,25.1849,0.8541,-0.2327,0.939,13.3545,0.7248,-0.1386,0.9531,14.9918,0.9323,-0.2986,0.9478,12.2074,impl2_pycomlink
rain 2024-03-02 12,rain,2024-03-02 12:00:00,2024-03-03 00:00:00,False,selection calibration,31.02,5.35,12,5.0,32.588,34.1061,33.405,0.3935,0.7391,0.0509,0.5717,33.8701,1.3588,0.5745,0.4456,50.7711,0.7866,-0.3235,0.7068,21.8148,1.2511,0.0701,0.2577,34.5079,0.8497,-0.6447,0.7586,11.4516,impl1_dynamic
rain 2024-03-05 10,rain,2024-03-05 10:00:00,2024-03-05 22:00:00,False,selection calibration,12.01,3.19,12,5.0,11.394,13.4205,11.1551,0.9994,1.4795,-1.0,,0.0,1.4573,-1.0,,0.0,1.4573,-1.0,,0.0,1.4573,-1.0,,0.0,,,,,impl2_classical_dynamic
rain 2024-03-06 17,rain,2024-03-06 17:00:00,2024-03-07 12:00:00,False,selection calibration,38.53,6.7,19,6.7,40.4904,37.4864,38.3402,1.0,1.5955,-1.0,,0.0,,,,,,,,,,,,,,,,,impl1_dynamic
rain 2024-03-09 18,rain,2024-03-09 18:00:00,2024-03-10 11:00:00,False,selection calibration,40.96,9.07,17,5.6,42.9072,43.1662,41.2552,0.0774,0.5544,0.1506,0.9394,47.6599,0.5935,0.1897,0.9435,49.2762,0.4543,-0.0403,0.9593,39.7526,0.3851,-0.1467,0.9635,35.3448,0.5153,-0.2618,0.9575,30.5744,impl2_pycomlink
rain 2024-03-10 19,rain,2024-03-10 19:00:00,2024-03-10 22:00:00,False,other (not used by selection),1.14,0.56,3,3.9,2.7494,0.055,0.1251,0.0,1.1504,-0.3714,0.3104,1.1025,1.1504,-0.3714,0.3104,1.1025,1.3669,-1.0,,0.0,1.2302,-0.8475,0.2904,0.2674,1.3669,-1.0,,0.0,impl1_dynamic
rain 2024-03-23 06,rain,2024-03-23 06:00:00,2024-03-23 22:00:00,True,catalog (held out),72.04,13.32,16,3.3,73.5072,73.245,90.55,0.0867,0.5442,-0.237,0.8075,56.7744,0.5172,-0.2196,0.8244,58.0656,0.3729,-0.1782,0.9149,61.1503,0.3306,-0.1481,0.9408,63.3849,0.6134,-0.2935,0.7682,52.5696,impl2_pycomlink
rain 2024-03-27 21,rain,2024-03-27 21:00:00,2024-03-29 03:00:00,False,selection calibration,22.48,3.83,30,7.2,21.7867,21.9727,19.7907,0.0021,0.6486,-0.0577,0.9147,21.9222,0.6589,-0.0527,0.9144,22.0392,0.983,-0.6372,0.8345,8.4399,0.8633,-0.5451,0.8722,10.5839,0.9348,-0.6008,0.8624,9.2875,impl1_dynamic
rain 2024-04-02 10,rain,2024-04-02 10:00:00,2024-04-03 01:00:00,False,selection calibration,23.6,5.72,15,7.0,24.9566,22.842,22.3503,0.0044,0.4704,0.0656,0.9455,26.1495,0.4812,0.0706,0.946,26.2735,0.6281,-0.5078,0.9171,12.078,0.4047,-0.2725,0.9465,17.854,0.4862,-0.3358,0.9258,16.2985,impl2_pycomlink
rain 2024-04-03 07,rain,2024-04-03 07:00:00,2024-04-04 09:00:00,False,selection calibration,41.9,5.49,26,2.8,50.0241,43.0732,45.9603,0.0141,0.8244,0.2738,0.7497,58.3061,0.8261,0.292,0.766,59.1428,0.7737,-0.4377,0.8025,25.7378,0.6892,-0.3081,0.821,31.6736,0.9317,-0.5794,0.8473,20.0612,impl2_pycomlink
rain 2024-04-11 19,rain,2024-04-11 19:00:00,2024-04-12 18:00:00,False,selection calibration,14.86,2.8,23,11.7,12.7145,12.9485,13.9556,0.0042,1.0212,0.518,0.8561,20.1162,1.0295,0.5519,0.8713,20.5653,1.3839,-0.553,0.5733,5.9228,0.7973,-0.2107,0.8783,10.4591,0.9968,-0.1479,0.7741,11.291,impl2_pycomlink
rain 2024-04-15 00,rain,2024-04-15 00:00:00,2024-04-15 03:00:00,False,other (not used by selection),1.46,0.99,3,12.2,0.9578,1.2302,1.905,0.0,1.2407,0.7325,0.9146,2.0875,1.2407,0.7325,0.9146,2.0875,1.962,-1.0,,0.0,0.6096,-0.2071,0.9617,0.9554,0.8904,-0.2648,0.9017,0.8859,impl2_pycomlink
rain 2024-04-20 10,rain,2024-04-20 10:00:00,2024-04-20 14:00:00,False,other (not used by selection),2.68,1.11,4,9.4,2.0554,1.7668,1.5252,0.0,0.8848,0.2573,0.6131,3.1409,0.8848,0.2573,0.6131,3.1409,1.1674,-0.6953,0.3645,0.7611,1.0194,-0.5057,0.4787,1.2349,1.0747,-0.6042,0.4785,0.9887,impl1_dynamic
rain 2024-04-29 19,rain,2024-04-29 19:00:00,2024-04-29 23:00:00,False,other (not used by selection),1.11,0.46,4,19.4,2.1988,1.973,0.2551,0.0006,2.557,-0.1239,0.3314,1.8635,2.5567,-0.1168,0.3314,1.8786,2.8438,-0.9956,0.0421,0.0093,2.6212,-0.6829,0.3301,0.6746,2.5734,-0.6052,0.3464,0.8398,impl2_classical_dynamic
rain 2024-05-05 17,rain,2024-05-05 17:00:00,2024-05-06 06:00:00,False,selection calibration,8.32,1.89,13,10.6,7.7952,7.4311,8.6254,0.0004,1.1076,0.4391,0.931,10.745,1.1079,0.4398,0.9311,10.7502,0.7202,-0.4561,0.8895,4.0612,0.4666,-0.1582,0.9325,6.2854,0.657,-0.4044,0.9152,4.447,impl2_pycomlink
rain 2024-05-08 11,rain,2024-05-08 11:00:00,2024-05-08 13:00:00,False,other (not used by selection),4.78,2.48,2,15.6,3.1072,3.013,5.33,0.0106,1.1671,-0.486,-0.1147,1.732,1.1668,-0.4764,-0.1183,1.7644,1.4124,-1.0,,0.0,1.2451,-0.7129,-0.0495,0.9674,1.2497,-0.7928,0.3408,0.6981,impl2_classical_dynamic
rain 2024-05-10 05,rain,2024-05-10 05:00:00,2024-05-11 02:00:00,False,selection calibration,11.35,2.14,21,9.4,8.0422,7.3927,5.5761,0.0,1.0735,0.094,0.8262,10.5461,1.0735,0.094,0.8262,10.5461,1.1549,-0.655,0.7647,3.3261,1.0499,-0.5366,0.7784,4.4666,1.2313,-0.6971,0.7824,2.9196,impl2_pycomlink
rain 2024-05-12 09,rain,2024-05-12 09:00:00,2024-05-12 17:00:00,False,selection calibration,5.46,1.23,8,8.9,4.5325,4.2199,3.1702,0.0,0.8385,0.0096,0.5235,4.5139,0.8385,0.0096,0.5235,4.5139,1.3312,-0.9499,0.2098,0.2241,1.3272,-0.8995,-0.0548,0.4495,1.1694,-0.7571,0.3832,1.0861,impl1_dynamic
rain 2024-05-14 22,rain,2024-05-14 22:00:00,2024-05-16 10:00:00,False,selection calibration,9.38,1.33,36,14.0,8.0072,12.4279,11.0365,0.0008,2.7689,1.3914,0.5554,20.2956,2.7997,1.4117,0.5641,20.4681,1.4004,-0.5687,0.711,3.6601,1.3212,-0.2987,0.7003,5.9522,1.3201,-0.2125,0.698,6.6831,impl2_nearby
rain 2024-05-18 19,rain,2024-05-18 19:00:00,2024-05-19 01:00:00,False,other (not used by selection),1.34,0.31,6,15.0,1.5807,0.7708,0.6253,0.0,0.9165,-0.5648,0.3175,0.7259,0.9165,-0.5648,0.3175,0.7259,1.201,-0.9913,0.055,0.0145,1.2087,-1.0,,0.0,1.2013,-0.9912,0.0187,0.0148,impl1_dynamic
rain 2024-05-23 13,rain,2024-05-23 13:00:00,2024-05-23 15:00:00,False,selection calibration,12.28,7.66,2,18.3,8.3566,10.3863,15.1101,0.0897,0.7806,-0.4915,0.1309,5.3159,0.7672,-0.4616,0.1278,5.629,1.1568,-1.0,,0.0,0.8838,-0.6616,0.1455,3.5381,0.9034,-0.7,0.2035,3.1361,impl2_classical_dynamic
rain 2024-05-27 10,rain,2024-05-27 10:00:00,2024-05-28 00:00:00,False,selection calibration,16.37,8.49,14,18.9,22.7349,20.7293,21.5803,0.0204,1.3389,-0.2957,0.9378,14.5694,1.2063,-0.2456,0.9404,15.6061,1.6364,-0.6093,0.9503,8.0831,1.6576,-0.5966,0.9469,8.3446,1.9265,-0.6965,0.9391,6.2782,impl2_classical_dynamic
rain 2024-05-30 00,rain,2024-05-30 00:00:00,2024-05-30 10:00:00,False,selection calibration,16.53,6.76,10,14.0,7.9723,8.9958,15.7501,0.0,1.021,-0.2142,0.8313,9.1241,1.021,-0.2142,0.8313,9.1241,1.464,-0.7489,0.8161,2.9155,1.3835,-0.663,0.8321,3.9129,1.4796,-0.7244,0.8317,3.2004,impl1_dynamic
rain 2024-06-06 04,rain,2024-06-06 04:00:00,2024-06-06 10:00:00,False,selection calibration,14.99,5.97,6,20.6,14.253,15.1044,9.3951,0.0281,0.9299,-0.2693,0.7783,11.2455,0.8965,-0.244,0.7853,11.6354,1.6147,-0.8712,-0.168,1.9825,1.0731,-0.4971,0.7647,7.7395,1.1495,-0.5861,0.7585,6.37,impl2_classical_dynamic
rain 2024-06-06 18,rain,2024-06-06 18:00:00,2024-06-07 02:00:00,False,selection calibration,8.26,4.01,8,20.6,8.5819,11.207,7.6201,0.0214,1.9656,-0.2492,0.5117,5.1516,1.9623,-0.1778,0.5204,5.6411,1.9815,-0.5312,0.5471,3.2164,1.9853,-0.5069,0.543,3.3835,2.1092,-0.6696,0.5262,2.2668,impl2_classical_dynamic
rain 2024-06-14 17,rain,2024-06-14 17:00:00,2024-06-15 02:00:00,False,selection calibration,14.05,7.29,9,18.3,14.4952,12.4097,6.7302,0.0201,2.1794,-0.7941,0.588,2.6854,1.9916,-0.6741,0.6506,4.2504,2.1493,-0.8195,0.6033,2.3543,2.15,-0.8229,0.6233,2.3103,2.1918,-0.8572,0.7348,1.8618,impl2_classical_dynamic
rain 2024-06-22 17,rain,2024-06-22 17:00:00,2024-06-23 04:00:00,False,selection calibration,8.2,1.98,11,23.3,1.9169,1.7582,3.6854,0.0004,2.1533,-0.2973,0.3744,2.6975,2.1588,-0.2894,0.3697,2.7276,2.4098,-0.8843,0.2328,0.4442,2.3757,-0.8128,0.2343,0.7185,2.3824,-0.8685,0.3098,0.5047,impl1_dynamic
rain 2024-06-27 00,rain,2024-06-27 00:00:00,2024-06-27 09:00:00,False,selection calibration,20.37,9.31,9,20.0,19.6313,20.5537,9.6451,0.1355,1.0762,-0.3801,0.8314,10.8546,1.5109,0.5134,0.5955,26.5016,1.491,-0.0079,0.4816,17.3738,1.4357,-0.0046,0.5035,17.4312,1.5412,-0.748,0.8404,4.4128,impl1_dynamic
rain 2024-06-30 01,rain,2024-06-30 01:00:00,2024-06-30 12:00:00,False,other (not used by selection),3.11,1.09,11,21.0,1.7916,1.8499,1.7752,0.0,1.1925,0.3496,0.8668,2.9097,1.1925,0.3496,0.8668,2.9097,2.0557,-0.7933,0.7849,0.4456,1.92,-0.7245,0.7582,0.594,1.8535,-0.683,0.8909,0.6835,impl1_dynamic
rain 2024-06-30 19,rain,2024-06-30 19:00:00,2024-06-30 23:00:00,False,selection calibration,14.66,7.69,4,21.1,12.8217,12.8501,3.4251,0.0658,1.2207,-0.3188,0.6522,8.219,1.1291,-0.1537,0.6679,10.2115,1.7026,-0.7362,0.0261,3.1831,1.3456,-0.5215,0.6105,5.7735,1.5659,-0.7564,0.483,2.9395,impl2_classical_dynamic
