network,retrieval,bin,n,mse,nrmse,rel_bias
openmesh,dynamic,0-1 km,314.0,70.7444,2.684,1.8507
openmesh,dynamic,1-2 km,554.0,16.685,1.2338,0.0202
openmesh,dynamic,2-4 km,463.0,5.4369,0.7197,-0.1465
openmesh,dynamic,4-8 km,73.0,10.1915,1.0159,-0.5898
openmesh,rnn,0-1 km,304.0,4.0911,0.5839,-0.1531
openmesh,rnn,1-2 km,548.0,6.5025,0.714,-0.2327
openmesh,rnn,2-4 km,479.0,4.6779,0.6189,-0.0025
openmesh,rnn,4-8 km,81.0,6.0984,0.7279,-0.021
openmrg,dynamic,0-1 km,3305.0,111.8335,9.2812,4.341
openmrg,dynamic,1-2 km,5175.0,12.8206,2.9682,1.5023
openmrg,dynamic,2-4 km,6384.0,4.7865,1.7275,0.7494
openmrg,dynamic,4-8 km,3575.0,4.019,1.5719,0.6381
openmrg,dynamic,>8 km,624.0,2.7067,1.297,0.5582
openmrg,rnn,0-1 km,3140.0,1.2722,0.9316,0.2538
openmrg,rnn,1-2 km,4994.0,1.3203,0.9187,0.2231
openmrg,rnn,2-4 km,6450.0,1.4493,0.946,0.2471
openmrg,rnn,4-8 km,3737.0,1.622,0.99,0.2439
openmrg,rnn,>8 km,614.0,1.5868,0.9759,0.3004
openrainer,dynamic,0-1 km,557.0,57.9812,4.0501,1.9394
openrainer,dynamic,1-2 km,1683.0,42.8778,3.336,0.8376
openrainer,dynamic,2-4 km,3786.0,23.4629,2.5454,0.4018
openrainer,dynamic,4-8 km,3882.0,5.9934,1.3423,-0.1343
openrainer,dynamic,>8 km,6412.0,5.0703,1.2724,-0.2663
openrainer,rnn,0-1 km,511.0,3.5004,0.905,-0.0466
openrainer,rnn,1-2 km,1707.0,4.5026,1.0749,-0.1754
openrainer,rnn,2-4 km,3725.0,4.7373,1.0921,-0.2097
openrainer,rnn,4-8 km,3863.0,3.4923,0.993,-0.1664
openrainer,rnn,>8 km,6305.0,3.8379,1.0646,-0.0391
