network,event,split
openmesh,openmesh_20231121T18,train
openmesh,openmesh_20231210T16,test
openmesh,openmesh_20231217T18,train
openmesh,openmesh_20231227T15,test
openmesh,openmesh_20240109T16,train
openmesh,openmesh_20240302T12,test
openmesh,openmesh_20240306T17,train
openmesh,openmesh_20240309T19,test
openmesh,openmesh_20240323T06,train
openmesh,openmesh_20240403T07,test
openmrg,openmrg_20150602T04,train
openmrg,openmrg_20150707T17,test
openmrg,openmrg_20150719T14,train
openmrg,openmrg_20150725T05,test
openmrg,openmrg_20150725T21,train
openmrg,openmrg_20150728T03,test
openmrg,openmrg_20150804T19,train
openmrg,openmrg_20150825T02,test
openmrg,openmrg_20150827T01,train
openmrg,openmrg_20150831T17,test
openrainer,openrainer_20210523T23,train
openrainer,openrainer_20210926T06,test
openrainer,openrainer_20211005T19,train
openrainer,openrainer_20211113T11,test
openrainer,openrainer_20220505T09,train
openrainer,openrainer_20220806T09,test
openrainer,openrainer_20220817T10,train
openrainer,openrainer_20220830T11,test
openrainer,openrainer_20220929T10,train
openrainer,openrainer_20221121T17,test
