reference,network,retrieval,map,nrmse,corr,rel_bias,csi
gauges,openmesh,dynamic,idw,1.562,0.69,0.999,0.859
gauges,openmesh,dynamic,idw weighted by length error,0.949,0.708,0.247,0.868
gauges,openmesh,dynamic,idw without links < 1 km,0.926,0.682,0.061,0.859
gauges,openmesh,rnn,idw,0.735,0.809,-0.135,0.857
gauges,openmesh,rnn,idw weighted by length error,0.722,0.809,-0.123,0.847
gauges,openmesh,rnn,idw without links < 1 km,0.762,0.812,-0.139,0.859
gauges,openmrg,dynamic,idw,3.624,0.851,1.551,0.634
gauges,openmrg,dynamic,idw weighted by length error,2.326,0.897,0.886,0.72
gauges,openmrg,dynamic,idw without links < 1 km,2.212,0.91,0.88,0.75
gauges,openmrg,rnn,idw,0.653,0.892,0.017,0.802
gauges,openmrg,rnn,idw weighted by length error,0.658,0.891,0.013,0.802
gauges,openmrg,rnn,idw without links < 1 km,0.635,0.9,0.018,0.78
gauges,openrainer,dynamic,idw,2.605,0.461,0.468,0.651
gauges,openrainer,dynamic,idw weighted by length error,2.363,0.465,0.372,0.65
gauges,openrainer,dynamic,idw without links < 1 km,2.569,0.448,0.413,0.649
gauges,openrainer,rnn,idw,1.508,0.65,0.33,0.672
gauges,openrainer,rnn,idw weighted by length error,1.51,0.651,0.332,0.671
gauges,openrainer,rnn,idw without links < 1 km,1.521,0.65,0.336,0.669
radar,openmesh,dynamic,idw,1.336,0.656,0.713,0.895
radar,openmesh,dynamic,idw weighted by length error,0.956,0.691,0.291,0.895
radar,openmesh,dynamic,idw without links < 1 km,0.897,0.675,0.17,0.895
radar,openmesh,rnn,idw,0.601,0.873,-0.133,0.863
radar,openmesh,rnn,idw weighted by length error,0.587,0.873,-0.124,0.86
radar,openmesh,rnn,idw without links < 1 km,0.621,0.873,-0.138,0.872
radar,openmrg,dynamic,idw,2.314,0.745,0.854,0.671
radar,openmrg,dynamic,idw weighted by length error,2.051,0.759,0.703,0.68
radar,openmrg,dynamic,idw without links < 1 km,2.136,0.761,0.756,0.683
radar,openmrg,rnn,idw,1.554,0.751,0.005,0.735
radar,openmrg,rnn,idw weighted by length error,1.557,0.752,0.003,0.736
radar,openmrg,rnn,idw without links < 1 km,1.552,0.752,0.005,0.736
radar,openrainer,dynamic,idw,3.336,0.462,0.305,0.619
radar,openrainer,dynamic,idw weighted by length error,2.969,0.455,0.182,0.618
radar,openrainer,dynamic,idw without links < 1 km,3.255,0.455,0.305,0.613
radar,openrainer,rnn,idw,1.331,0.673,-0.233,0.627
radar,openrainer,rnn,idw weighted by length error,1.331,0.673,-0.233,0.627
radar,openrainer,rnn,idw without links < 1 km,1.337,0.671,-0.227,0.624
