network,reference,method,sample,coverage,n,mean_ref,mean_est,bias,rel_bias,mae,rmse,nrmse,corr,pod,far,csi
openmrg,target,rnn,common,1.0,637881,0.1791,0.2116,0.0325,0.1817,0.1166,0.4397,2.4549,0.8371,0.7857,0.1736,0.6744
openmrg,target,dynamic,common,1.0,637881,0.1791,0.4376,0.2585,1.4435,0.3122,1.2691,7.086,0.7285,0.7867,0.3063,0.5839
openmrg,target,constant,common,1.0,637881,0.1791,0.1032,-0.0759,-0.4235,0.1397,0.561,3.1321,0.7012,0.2959,0.0647,0.2899
openmrg,target,pycomlink,common,1.0,637881,0.1791,0.1763,-0.0028,-0.0155,0.142,0.6105,3.4088,0.771,0.4668,0.0763,0.4494
openmrg,target,nearby,common,1.0,637881,0.1791,0.15,-0.0291,-0.1623,0.1301,0.5578,3.1147,0.7603,0.469,0.0371,0.4607
openmrg,target,rnn,paired with dynamic,1.0,666872,0.1876,0.2174,0.0298,0.1591,0.1222,0.4508,2.4037,0.8327,0.7797,0.1703,0.6721
openmrg,target,dynamic,paired with dynamic,1.0,666872,0.1876,0.5463,0.3587,1.9123,0.415,2.3705,12.6384,0.5224,0.7947,0.3133,0.5833
openmrg,target,rnn,paired with constant,1.0,666870,0.1876,0.2174,0.0298,0.1591,0.1222,0.4508,2.4037,0.8327,0.7797,0.1703,0.6721
openmrg,target,constant,paired with constant,1.0,666870,0.1876,0.1415,-0.0461,-0.2456,0.1818,1.5574,8.3033,0.3445,0.2925,0.0761,0.2856
openmrg,target,rnn,paired with pycomlink,1.0,666872,0.1876,0.2174,0.0298,0.1591,0.1222,0.4508,2.4037,0.8327,0.7797,0.1703,0.6721
openmrg,target,pycomlink,paired with pycomlink,1.0,666872,0.1876,0.2025,0.015,0.0798,0.1684,1.0983,5.8558,0.5962,0.4659,0.0795,0.4479
openmrg,target,rnn,paired with nearby,1.0,638910,0.1795,0.212,0.0324,0.1807,0.1169,0.4404,2.4532,0.837,0.7851,0.1735,0.674
openmrg,target,nearby,paired with nearby,1.0,638910,0.1795,0.1503,-0.0292,-0.1629,0.1306,0.5625,3.1333,0.7581,0.4683,0.037,0.46
openmrg,radar,rnn,common,1.0,635188,0.1866,0.2125,0.0259,0.1389,0.1343,0.5009,2.6843,0.7915,0.7586,0.1932,0.642
openmrg,radar,dynamic,common,1.0,635188,0.1866,0.4389,0.2523,1.3522,0.3225,1.2971,6.9518,0.6866,0.7522,0.3278,0.5503
openmrg,radar,constant,common,1.0,635188,0.1866,0.1037,-0.0829,-0.4444,0.1555,0.6205,3.3255,0.6509,0.2878,0.0798,0.2808
openmrg,radar,pycomlink,common,1.0,635188,0.1866,0.1771,-0.0095,-0.0511,0.16,0.669,3.5852,0.7185,0.4432,0.1131,0.4195
openmrg,radar,nearby,common,1.0,635188,0.1866,0.1506,-0.0359,-0.1926,0.15,0.6267,3.3587,0.7007,0.4479,0.0701,0.4332
openmrg,radar,rnn,paired with dynamic,1.0,660406,0.1915,0.2186,0.0271,0.1417,0.138,0.5107,2.6676,0.7894,0.7599,0.1926,0.6433
openmrg,radar,dynamic,paired with dynamic,1.0,660406,0.1915,0.546,0.3546,1.8521,0.4239,2.3947,12.5082,0.4904,0.7592,0.3388,0.5466
openmrg,radar,rnn,paired with constant,1.0,660404,0.1915,0.2186,0.0271,0.1417,0.138,0.5107,2.6676,0.7894,0.7599,0.1926,0.6433
openmrg,radar,constant,paired with constant,1.0,660404,0.1915,0.1428,-0.0487,-0.2544,0.195,1.5862,8.2851,0.3209,0.289,0.0937,0.2806
openmrg,radar,rnn,paired with pycomlink,1.0,660406,0.1915,0.2186,0.0271,0.1417,0.138,0.5107,2.6676,0.7894,0.7599,0.1926,0.6433
openmrg,radar,pycomlink,paired with pycomlink,1.0,660406,0.1915,0.2042,0.0128,0.0667,0.1839,1.1372,5.9401,0.557,0.4471,0.1191,0.4216
openmrg,radar,rnn,paired with nearby,1.0,636217,0.1871,0.2128,0.0258,0.1379,0.1345,0.5014,2.6805,0.7918,0.7582,0.193,0.6418
openmrg,radar,nearby,paired with nearby,1.0,636217,0.1871,0.1509,-0.0361,-0.1933,0.1504,0.6308,3.3722,0.6991,0.4472,0.07,0.4326
openmrg,pws,rnn,common,1.0,374401,0.1507,0.2009,0.0502,0.3328,0.1187,0.5005,3.3207,0.7688,0.7805,0.2374,0.6279
openmrg,pws,dynamic,common,1.0,374401,0.1507,0.4445,0.2938,1.9495,0.3363,1.3913,9.2309,0.6624,0.7907,0.3483,0.5558
openmrg,pws,constant,common,1.0,374401,0.1507,0.0907,-0.06,-0.3981,0.1196,0.5602,3.7167,0.6651,0.2862,0.0881,0.2785
openmrg,pws,pycomlink,common,1.0,374401,0.1507,0.181,0.0302,0.2006,0.1413,0.687,4.5579,0.7084,0.4881,0.1309,0.4547
openmrg,pws,nearby,common,1.0,374401,0.1507,0.1516,0.0009,0.0061,0.1226,0.6222,4.1285,0.6982,0.4887,0.0866,0.4671
openmrg,pws,rnn,paired with dynamic,1.0,399392,0.1614,0.2097,0.0483,0.2996,0.1274,0.5165,3.2005,0.7644,0.7697,0.2325,0.6241
openmrg,pws,dynamic,paired with dynamic,1.0,399392,0.1614,0.6075,0.4461,2.7644,0.492,2.8972,17.9534,0.4347,0.7996,0.3603,0.5513
openmrg,pws,rnn,paired with constant,1.0,399390,0.1614,0.2097,0.0483,0.2996,0.1274,0.5165,3.2005,0.7644,0.7697,0.2325,0.6241
openmrg,pws,constant,paired with constant,1.0,399390,0.1614,0.1537,-0.0077,-0.0476,0.187,1.9612,12.1532,0.2629,0.2829,0.1097,0.2734
openmrg,pws,rnn,paired with pycomlink,1.0,399392,0.1614,0.2097,0.0483,0.2996,0.1274,0.5165,3.2005,0.7644,0.7697,0.2325,0.6241
openmrg,pws,pycomlink,paired with pycomlink,1.0,399392,0.1614,0.2195,0.0581,0.3601,0.1807,1.3577,8.4134,0.5043,0.4832,0.1359,0.4491
openmrg,pws,rnn,paired with nearby,1.0,374653,0.1509,0.2012,0.0503,0.3335,0.119,0.5021,3.3275,0.7678,0.7802,0.2374,0.6277
openmrg,pws,nearby,paired with nearby,1.0,374653,0.1509,0.1519,0.001,0.0066,0.1231,0.6287,4.1661,0.6943,0.4883,0.0868,0.4666
openmrg,city,rnn,common,1.0,266990,0.1754,0.1964,0.021,0.1196,0.0956,0.3927,2.2384,0.8643,0.7948,0.1846,0.6736
openmrg,city,dynamic,common,1.0,266990,0.1754,0.4909,0.3155,1.7983,0.3512,1.4734,8.3989,0.7303,0.8292,0.3157,0.5998
openmrg,city,constant,common,1.0,266990,0.1754,0.0917,-0.0837,-0.4771,0.1246,0.5447,3.1047,0.7253,0.2866,0.0282,0.2842
openmrg,city,pycomlink,common,1.0,266990,0.1754,0.196,0.0206,0.1174,0.1281,0.6232,3.5527,0.8072,0.5219,0.0632,0.5041
openmrg,city,nearby,common,1.0,266990,0.1754,0.1612,-0.0142,-0.0811,0.1136,0.5618,3.2025,0.7916,0.5153,0.0201,0.5099
openmrg,city,rnn,paired with dynamic,1.0,293183,0.1949,0.2094,0.0144,0.074,0.1083,0.4266,2.1883,0.8519,0.7802,0.177,0.6681
openmrg,city,dynamic,paired with dynamic,1.0,293183,0.1949,0.7211,0.5261,2.699,0.5681,3.2874,16.8636,0.4898,0.8386,0.3303,0.5932
openmrg,city,rnn,paired with constant,1.0,293181,0.1949,0.2094,0.0144,0.074,0.1083,0.4266,2.1883,0.8519,0.7802,0.177,0.6681
openmrg,city,constant,paired with constant,1.0,293181,0.1949,0.1775,-0.0174,-0.0894,0.2169,2.2246,11.4118,0.2783,0.2822,0.063,0.2769
openmrg,city,rnn,paired with pycomlink,1.0,293183,0.1949,0.2094,0.0144,0.074,0.1083,0.4266,2.1883,0.8519,0.7802,0.177,0.6681
openmrg,city,pycomlink,paired with pycomlink,1.0,293183,0.1949,0.2495,0.0546,0.2798,0.1819,1.4424,7.3994,0.5722,0.5132,0.0698,0.4941
openmrg,city,rnn,paired with nearby,1.0,267134,0.1758,0.1967,0.0208,0.1186,0.0957,0.3932,2.2366,0.8643,0.7948,0.1846,0.6736
openmrg,city,nearby,paired with nearby,1.0,267134,0.1758,0.1614,-0.0144,-0.0817,0.1141,0.5668,3.2237,0.7892,0.5152,0.0201,0.5098
openrainer,target,rnn,common,1.0,828897,0.1941,0.2007,0.0067,0.0344,0.1354,0.6313,3.2532,0.8113,0.69,0.2908,0.5379
openrainer,target,dynamic,common,1.0,828897,0.1941,0.46,0.2659,1.3701,0.4126,3.1781,16.3765,0.2858,0.6474,0.6136,0.3192
openrainer,target,constant,common,1.0,828897,0.1941,0.1809,-0.0132,-0.068,0.2534,3.6136,18.6204,0.1591,0.254,0.2373,0.2354
openrainer,target,pycomlink,common,1.0,828897,0.1941,0.1429,-0.0512,-0.2637,0.1861,2.4052,12.3938,0.2698,0.3579,0.2303,0.3233
openrainer,target,nearby,common,0.8134,674243,0.1925,0.1047,-0.0878,-0.4562,0.1579,1.1749,6.1021,0.4837,0.3209,0.1077,0.3089
openrainer,target,rnn,paired with dynamic,1.0,829741,0.1941,0.2007,0.0066,0.0339,0.1354,0.6313,3.2519,0.8112,0.6897,0.2906,0.5377
openrainer,target,dynamic,paired with dynamic,1.0,829741,0.1941,0.4606,0.2665,1.3726,0.4132,3.1767,16.3641,0.2857,0.648,0.6143,0.3189
openrainer,target,rnn,paired with constant,1.0,828897,0.1941,0.2007,0.0067,0.0344,0.1354,0.6313,3.2532,0.8113,0.69,0.2908,0.5379
openrainer,target,constant,paired with constant,1.0,828897,0.1941,0.1809,-0.0132,-0.068,0.2534,3.6136,18.6204,0.1591,0.254,0.2373,0.2354
openrainer,target,rnn,paired with pycomlink,1.0,829741,0.1941,0.2007,0.0066,0.0339,0.1354,0.6313,3.2519,0.8112,0.6897,0.2906,0.5377
openrainer,target,pycomlink,paired with pycomlink,1.0,829741,0.1941,0.1428,-0.0514,-0.2645,0.1862,2.4041,12.3842,0.2697,0.3575,0.2309,0.3228
openrainer,target,rnn,paired with nearby,1.0,679047,0.1953,0.1999,0.0047,0.0238,0.1319,0.6226,3.1884,0.8174,0.7003,0.2774,0.5519
openrainer,target,nearby,paired with nearby,1.0,679047,0.1953,0.1053,-0.09,-0.4607,0.1609,1.2085,6.1886,0.472,0.3182,0.1075,0.3064
openrainer,radar,rnn,common,1.0,809281,0.2288,0.2039,-0.0249,-0.1089,0.1599,0.7314,3.196,0.7839,0.6828,0.3237,0.5147
openrainer,radar,dynamic,common,1.0,809281,0.2288,0.4648,0.2359,1.031,0.4431,3.235,14.1361,0.2691,0.6441,0.6251,0.3105
openrainer,radar,constant,common,1.0,809281,0.2288,0.1842,-0.0447,-0.1951,0.2906,3.6886,16.1183,0.1458,0.2603,0.2492,0.2396
openrainer,radar,pycomlink,common,1.0,809281,0.2288,0.1455,-0.0833,-0.3642,0.2212,2.4804,10.8388,0.2499,0.366,0.2399,0.3281
openrainer,radar,nearby,common,0.8115,656709,0.2274,0.1069,-0.1204,-0.5297,0.1946,1.2903,5.675,0.443,0.3291,0.1247,0.3144
openrainer,radar,rnn,paired with dynamic,1.0,810125,0.2289,0.2039,-0.025,-0.1094,0.16,0.7314,3.1948,0.7839,0.6826,0.3235,0.5146
openrainer,radar,dynamic,paired with dynamic,1.0,810125,0.2289,0.4654,0.2365,1.033,0.4438,3.2336,14.1241,0.269,0.6446,0.6259,0.3101
openrainer,radar,rnn,paired with constant,1.0,809281,0.2288,0.2039,-0.0249,-0.1089,0.1599,0.7314,3.196,0.7839,0.6828,0.3237,0.5147
openrainer,radar,constant,paired with constant,1.0,809281,0.2288,0.1842,-0.0447,-0.1951,0.2906,3.6886,16.1183,0.1458,0.2603,0.2492,0.2396
openrainer,radar,rnn,paired with pycomlink,1.0,810125,0.2289,0.2039,-0.025,-0.1094,0.16,0.7314,3.1948,0.7839,0.6826,0.3235,0.5146
openrainer,radar,pycomlink,paired with pycomlink,1.0,810125,0.2289,0.1454,-0.0836,-0.3649,0.2213,2.4794,10.8298,0.2498,0.3657,0.2406,0.3277
openrainer,radar,rnn,paired with nearby,1.0,661391,0.2301,0.2033,-0.0268,-0.1163,0.1569,0.7232,3.1433,0.7908,0.6944,0.3106,0.5289
openrainer,radar,nearby,paired with nearby,1.0,661391,0.2301,0.1075,-0.1225,-0.5326,0.1976,1.3198,5.7365,0.4345,0.3262,0.1243,0.3118
openrainer,gauges,rnn,common,1.0,581534,0.1397,0.2055,0.0658,0.4707,0.1331,0.6831,4.8883,0.7709,0.7459,0.3427,0.537
openrainer,gauges,dynamic,common,1.0,581534,0.1397,0.4639,0.3241,2.3196,0.4036,2.5825,18.4805,0.3401,0.6982,0.6379,0.3131
openrainer,gauges,constant,common,1.0,581534,0.1397,0.1627,0.0229,0.1641,0.189,2.2328,15.9781,0.2661,0.2898,0.2698,0.2618
openrainer,gauges,pycomlink,common,1.0,581534,0.1397,0.1406,0.0009,0.0064,0.1483,2.0497,14.6676,0.3173,0.381,0.2833,0.3312
openrainer,gauges,nearby,common,0.8078,469778,0.1378,0.0996,-0.0382,-0.2771,0.107,0.8355,6.0645,0.624,0.3683,0.1496,0.3459
openrainer,gauges,rnn,paired with dynamic,1.0,582188,0.1398,0.2055,0.0657,0.4697,0.1331,0.6831,4.8849,0.7708,0.7454,0.3425,0.5369
openrainer,gauges,dynamic,paired with dynamic,1.0,582188,0.1398,0.4649,0.3251,2.3249,0.4046,2.5815,18.4616,0.34,0.699,0.6388,0.3125
openrainer,gauges,rnn,paired with constant,1.0,581534,0.1397,0.2055,0.0658,0.4707,0.1331,0.6831,4.8883,0.7709,0.7459,0.3427,0.537
openrainer,gauges,constant,paired with constant,1.0,581534,0.1397,0.1627,0.0229,0.1641,0.189,2.2328,15.9781,0.2661,0.2898,0.2698,0.2618
openrainer,gauges,rnn,paired with pycomlink,1.0,582188,0.1398,0.2055,0.0657,0.4697,0.1331,0.6831,4.8849,0.7708,0.7454,0.3425,0.5369
openrainer,gauges,pycomlink,paired with pycomlink,1.0,582188,0.1398,0.1405,0.0007,0.0049,0.1484,2.0487,14.6512,0.3172,0.3804,0.2842,0.3305
openrainer,gauges,rnn,paired with nearby,1.0,473040,0.1408,0.2025,0.0617,0.4379,0.1291,0.681,4.8347,0.7683,0.7537,0.3363,0.5454
openrainer,gauges,nearby,paired with nearby,1.0,473040,0.1408,0.0998,-0.0411,-0.2917,0.1096,0.8632,6.1285,0.609,0.3659,0.1495,0.3438
openmesh,target,rnn,common,1.0,65891,0.28,0.3051,0.0251,0.0897,0.1752,0.7157,2.5561,0.7951,0.7847,0.1814,0.6685
openmesh,target,dynamic,common,1.0,65891,0.28,2.087,1.807,6.4536,1.9702,4.1871,14.9544,0.2252,0.8538,0.7583,0.2321
openmesh,target,constant,common,1.0,65891,0.28,0.2116,-0.0684,-0.2443,0.3086,1.4121,5.0435,0.4048,0.3744,0.4667,0.282
openmesh,target,pycomlink,common,1.0,65891,0.28,0.1537,-0.1263,-0.4512,0.2643,1.1648,4.1601,0.4446,0.3725,0.3212,0.3167
openmesh,target,nearby,common,0.782,51527,0.259,0.1867,-0.0724,-0.2794,0.2194,1.159,4.4743,0.5084,0.5385,0.1653,0.4866
openmesh,target,rnn,paired with dynamic,1.0,66063,0.2798,0.3047,0.0249,0.089,0.1751,0.7152,2.5565,0.7951,0.7845,0.1819,0.668
openmesh,target,dynamic,paired with dynamic,1.0,66063,0.2798,2.1075,1.8277,6.5331,1.9905,4.2156,15.0685,0.2235,0.8541,0.7589,0.2315
openmesh,target,rnn,paired with constant,1.0,65891,0.28,0.3051,0.0251,0.0897,0.1752,0.7157,2.5561,0.7951,0.7847,0.1814,0.6685
openmesh,target,constant,paired with constant,1.0,65891,0.28,0.2116,-0.0684,-0.2443,0.3086,1.4121,5.0435,0.4048,0.3744,0.4667,0.282
openmesh,target,rnn,paired with pycomlink,1.0,66063,0.2798,0.3047,0.0249,0.089,0.1751,0.7152,2.5565,0.7951,0.7845,0.1819,0.668
openmesh,target,pycomlink,paired with pycomlink,1.0,66063,0.2798,0.1535,-0.1262,-0.4512,0.2641,1.1642,4.1613,0.4444,0.3725,0.3215,0.3166
openmesh,target,rnn,paired with nearby,1.0,53551,0.2901,0.3173,0.0272,0.0937,0.1858,0.7804,2.6898,0.784,0.8006,0.1853,0.6772
openmesh,target,nearby,paired with nearby,1.0,53551,0.2901,0.2029,-0.0872,-0.3005,0.2453,1.2707,4.3799,0.4981,0.5368,0.1582,0.4876
openmesh,radar,rnn,common,1.0,65891,0.2841,0.3051,0.021,0.0739,0.1694,0.6794,2.3913,0.8129,0.8281,0.2179,0.6728
openmesh,radar,dynamic,common,1.0,65891,0.2841,2.087,1.8028,6.3453,1.9675,4.1808,14.7147,0.2288,0.8703,0.7769,0.2159
openmesh,radar,constant,common,1.0,65891,0.2841,0.2116,-0.0725,-0.2553,0.31,1.3949,4.9096,0.4154,0.3994,0.485,0.2902
openmesh,radar,pycomlink,common,1.0,65891,0.2841,0.1537,-0.1304,-0.4591,0.2662,1.1491,4.0443,0.4527,0.3954,0.3477,0.3266
openmesh,radar,nearby,common,0.782,51527,0.2613,0.1867,-0.0746,-0.2855,0.2206,1.1395,4.3614,0.5171,0.5699,0.2024,0.4979
openmesh,radar,rnn,paired with dynamic,1.0,66063,0.2839,0.3047,0.0208,0.0732,0.1693,0.6791,2.392,0.8128,0.8278,0.2185,0.6722
openmesh,radar,dynamic,paired with dynamic,1.0,66063,0.2839,2.1075,1.8236,6.4233,1.9878,4.2093,14.8266,0.2271,0.8706,0.7776,0.2153
openmesh,radar,rnn,paired with constant,1.0,65891,0.2841,0.3051,0.021,0.0739,0.1694,0.6794,2.3913,0.8129,0.8281,0.2179,0.6728
openmesh,radar,constant,paired with constant,1.0,65891,0.2841,0.2116,-0.0725,-0.2553,0.31,1.3949,4.9096,0.4154,0.3994,0.485,0.2902
openmesh,radar,rnn,paired with pycomlink,1.0,66063,0.2839,0.3047,0.0208,0.0732,0.1693,0.6791,2.392,0.8128,0.8278,0.2185,0.6722
openmesh,radar,pycomlink,paired with pycomlink,1.0,66063,0.2839,0.1535,-0.1304,-0.4592,0.2661,1.1486,4.0457,0.4525,0.3954,0.3481,0.3264
openmesh,radar,rnn,paired with nearby,1.0,53551,0.291,0.3173,0.0263,0.0905,0.1749,0.7258,2.4942,0.8073,0.8453,0.2217,0.6813
openmesh,radar,nearby,paired with nearby,1.0,53551,0.291,0.2029,-0.088,-0.3026,0.2456,1.2501,4.2961,0.5038,0.568,0.1939,0.4997
openmesh,pws,rnn,common,1.0,65889,0.2759,0.3051,0.0292,0.106,0.1892,0.7933,2.8757,0.7589,0.7902,0.2233,0.6439
openmesh,pws,dynamic,common,1.0,65889,0.2759,2.087,1.8111,6.5651,1.9802,4.2015,15.2297,0.2162,0.8649,0.7693,0.2227
openmesh,pws,constant,common,1.0,65889,0.2759,0.2116,-0.0643,-0.233,0.311,1.4523,5.2643,0.3847,0.3798,0.4904,0.2782
openmesh,pws,pycomlink,common,1.0,65889,0.2759,0.1537,-0.1222,-0.4429,0.2658,1.2082,4.3796,0.4259,0.3801,0.3473,0.3162
openmesh,pws,nearby,common,0.782,51525,0.2568,0.1867,-0.0701,-0.2731,0.224,1.2059,4.6958,0.4876,0.5545,0.2011,0.4866
openmesh,pws,rnn,paired with dynamic,1.0,66061,0.2756,0.3047,0.029,0.1054,0.189,0.7927,2.8758,0.7589,0.7899,0.2233,0.6437
openmesh,pws,dynamic,paired with dynamic,1.0,66061,0.2756,2.1076,1.8319,6.6462,2.0005,4.2299,15.3459,0.2146,0.8653,0.7697,0.2223
openmesh,pws,rnn,paired with constant,1.0,65889,0.2759,0.3051,0.0292,0.106,0.1892,0.7933,2.8757,0.7589,0.7902,0.2233,0.6439
openmesh,pws,constant,paired with constant,1.0,65889,0.2759,0.2116,-0.0643,-0.233,0.311,1.4523,5.2643,0.3847,0.3798,0.4904,0.2782
openmesh,pws,rnn,paired with pycomlink,1.0,66061,0.2756,0.3047,0.029,0.1054,0.189,0.7927,2.8758,0.7589,0.7899,0.2233,0.6437
openmesh,pws,pycomlink,paired with pycomlink,1.0,66061,0.2756,0.1536,-0.1221,-0.4429,0.2656,1.2074,4.3805,0.4258,0.38,0.3474,0.3161
openmesh,pws,rnn,paired with nearby,1.0,53549,0.2893,0.3173,0.028,0.0969,0.2044,0.8767,3.0305,0.744,0.8041,0.2386,0.6423
openmesh,pws,nearby,paired with nearby,1.0,53549,0.2893,0.203,-0.0863,-0.2985,0.251,1.3207,4.5652,0.4812,0.5505,0.1966,0.4852
