network,method,reference,n,mean_ref,mean_est,bias,rel_bias,mae,rmse,nrmse,corr,pod,far,csi,event
openmrg,dynamic,radar,10470.0,0.5418,1.8195,1.2777,2.358,1.3692,3.5744,6.5968,0.5572,0.885,0.0951,0.8097,openmrg 2015-06-02 04
openmrg,dynamic,pws,6240.0,0.5169,1.9663,1.4494,2.8042,1.4824,3.96,7.6614,0.5521,0.9365,0.163,0.7921,openmrg 2015-06-02 04
openmrg,dynamic,city,4470.0,0.6542,2.2198,1.5656,2.3931,1.713,3.9861,6.093,0.5566,0.9228,0.1489,0.7945,openmrg 2015-06-02 04
openmrg,dynamic,smhi,1620.0,0.61,2.4855,1.8755,3.0746,1.893,4.0837,6.6947,0.7895,0.956,0.1631,0.8059,openmrg 2015-06-02 04
openmrg,constant,radar,10470.0,0.5418,0.2408,-0.3011,-0.5557,0.5004,1.4938,2.7569,0.2545,0.2703,0.0132,0.2693,openmrg 2015-06-02 04
openmrg,constant,pws,6240.0,0.5169,0.2183,-0.2986,-0.5777,0.4722,1.8102,3.5022,0.2107,0.2537,0.0288,0.2518,openmrg 2015-06-02 04
openmrg,constant,city,4470.0,0.6542,0.1682,-0.486,-0.743,0.5838,1.2339,1.8862,0.3015,0.2092,0.0229,0.2082,openmrg 2015-06-02 04
openmrg,constant,smhi,1620.0,0.61,0.0844,-0.5256,-0.8616,0.5352,0.9947,1.6306,0.4348,0.1586,0.0214,0.158,openmrg 2015-06-02 04
openmrg,pycomlink,radar,10470.0,0.5418,0.1363,-0.4056,-0.7485,0.5167,1.1356,2.0959,0.2689,0.1317,0.0153,0.1314,openmrg 2015-06-02 04
openmrg,pycomlink,pws,6240.0,0.5169,0.1258,-0.391,-0.7566,0.4858,1.2989,2.5129,0.1986,0.1502,0.0292,0.1495,openmrg 2015-06-02 04
openmrg,pycomlink,city,4470.0,0.6542,0.1134,-0.5408,-0.8267,0.5801,1.1621,1.7763,0.326,0.1598,0.0151,0.1594,openmrg 2015-06-02 04
openmrg,pycomlink,smhi,1620.0,0.61,0.0881,-0.5219,-0.8556,0.5396,0.988,1.6197,0.4462,0.1424,0.0081,0.1422,openmrg 2015-06-02 04
openmrg,nearby,radar,9575.0,0.5524,0.521,-0.0314,-0.0568,0.4195,0.9262,1.6767,0.6181,0.6227,0.0223,0.614,openmrg 2015-06-02 04
openmrg,nearby,pws,5527.0,0.5411,0.5248,-0.0163,-0.0301,0.3436,0.9412,1.7395,0.6479,0.6775,0.0482,0.6551,openmrg 2015-06-02 04
openmrg,nearby,city,3746.0,0.6968,0.5347,-0.1622,-0.2327,0.4139,1.0659,1.5296,0.5949,0.6682,0.0112,0.6632,openmrg 2015-06-02 04
openmrg,nearby,smhi,1218.0,0.6603,0.6088,-0.0515,-0.078,0.2982,0.6132,0.9287,0.8596,0.7368,0.004,0.7346,openmrg 2015-06-02 04
openmrg,rnn,radar,10590.0,0.5411,0.7709,0.2297,0.4245,0.4142,0.8081,1.4933,0.7514,0.85,0.0454,0.817,openmrg 2015-06-02 04
openmrg,rnn,pws,6270.0,0.5182,0.7332,0.215,0.4149,0.3346,0.6799,1.312,0.8029,0.8928,0.1066,0.8069,openmrg 2015-06-02 04
openmrg,rnn,city,4470.0,0.6542,0.694,0.0398,0.0608,0.3016,0.6951,1.0626,0.7753,0.8696,0.0768,0.811,openmrg 2015-06-02 04
openmrg,rnn,smhi,1620.0,0.61,0.6966,0.0866,0.1419,0.2083,0.37,0.6065,0.9325,0.875,0.1,0.7975,openmrg 2015-06-02 04
openmrg,dynamic,radar,13957.0,0.3715,1.2657,0.8941,2.4067,0.9769,3.7059,9.9751,0.4772,0.8625,0.2291,0.6865,openmrg 2015-07-07 17
openmrg,dynamic,pws,8319.0,0.3884,1.4174,1.029,2.6493,1.102,4.4722,11.5142,0.3722,0.8703,0.2838,0.6471,openmrg 2015-07-07 17
openmrg,dynamic,city,6119.0,0.4745,1.7239,1.2494,2.6333,1.2972,5.1226,10.7966,0.4681,0.893,0.2051,0.7258,openmrg 2015-07-07 17
openmrg,dynamic,smhi,2119.0,0.5753,1.7607,1.1854,2.0606,1.2347,2.9764,5.174,0.7965,0.859,0.1092,0.7772,openmrg 2015-07-07 17
openmrg,constant,radar,13957.0,0.3715,0.3584,-0.0131,-0.0354,0.4087,1.9103,5.1418,0.3885,0.3578,0.0839,0.3464,openmrg 2015-07-07 17
openmrg,constant,pws,8319.0,0.3884,0.3915,0.0031,0.008,0.3797,2.3614,6.0796,0.3529,0.3716,0.0843,0.3593,openmrg 2015-07-07 17
openmrg,constant,city,6119.0,0.4745,0.4649,-0.0096,-0.0202,0.44,2.672,5.6317,0.3588,0.3743,0.0431,0.3681,openmrg 2015-07-07 17
openmrg,constant,smhi,2119.0,0.5753,0.4117,-0.1636,-0.2844,0.3255,0.7252,1.2605,0.8657,0.3515,0.0,0.3515,openmrg 2015-07-07 17
openmrg,pycomlink,radar,13957.0,0.3715,0.5341,0.1626,0.4376,0.4205,1.337,3.5988,0.6616,0.577,0.1027,0.5413,openmrg 2015-07-07 17
openmrg,pycomlink,pws,8319.0,0.3884,0.5663,0.1779,0.458,0.4035,1.4212,3.6591,0.6407,0.6069,0.1287,0.557,openmrg 2015-07-07 17
openmrg,pycomlink,city,6119.0,0.4745,0.6637,0.1892,0.3989,0.4081,1.4626,3.0826,0.7356,0.61,0.0655,0.585,openmrg 2015-07-07 17
openmrg,pycomlink,smhi,2119.0,0.5753,0.7691,0.1939,0.337,0.4203,1.1818,2.0543,0.8735,0.5849,0.0051,0.5832,openmrg 2015-07-07 17
openmrg,nearby,radar,13062.0,0.3695,0.4492,0.0798,0.2159,0.3891,1.0599,2.8687,0.655,0.5138,0.0856,0.4902,openmrg 2015-07-07 17
openmrg,nearby,pws,7534.0,0.3922,0.4746,0.0824,0.2102,0.3537,1.0727,2.7353,0.6898,0.5438,0.1164,0.5074,openmrg 2015-07-07 17
openmrg,nearby,city,5245.0,0.4626,0.545,0.0823,0.178,0.3332,0.9884,2.1366,0.7886,0.5846,0.0312,0.5738,openmrg 2015-07-07 17
openmrg,nearby,smhi,1659.0,0.5591,0.699,0.1399,0.2502,0.3887,0.9975,1.784,0.8731,0.5478,0.0069,0.5457,openmrg 2015-07-07 17
openmrg,rnn,radar,14160.0,0.3729,0.5835,0.2105,0.5646,0.3194,0.7339,1.968,0.8269,0.867,0.1789,0.7292,openmrg 2015-07-07 17
openmrg,rnn,pws,8400.0,0.3879,0.5377,0.1499,0.3864,0.3064,0.7107,1.8323,0.8027,0.8431,0.2344,0.6701,openmrg 2015-07-07 17
openmrg,rnn,city,6160.0,0.4744,0.5535,0.0791,0.1667,0.2261,0.514,1.0835,0.8967,0.8615,0.1275,0.7652,openmrg 2015-07-07 17
openmrg,rnn,smhi,2160.0,0.575,0.5935,0.0185,0.0322,0.2126,0.4115,0.7156,0.9393,0.7924,0.0623,0.7528,openmrg 2015-07-07 17
openmrg,dynamic,radar,3828.0,0.8901,1.0262,0.136,0.1528,0.8671,2.06,2.3143,0.4982,0.6697,0.0288,0.6566,openmrg 2015-07-19 14
openmrg,dynamic,pws,2277.0,0.4142,1.0548,0.6406,1.5467,0.8911,2.4467,5.9072,0.3608,0.6819,0.1149,0.6264,openmrg 2015-07-19 14
openmrg,dynamic,city,1672.0,0.5039,1.1911,0.6872,1.3639,0.9651,2.7044,5.3672,0.5038,0.6735,0.0685,0.6417,openmrg 2015-07-19 14
openmrg,dynamic,smhi,572.0,0.6545,1.2084,0.5539,0.8462,0.9013,2.1523,3.2883,0.6096,0.6322,0.0187,0.6247,openmrg 2015-07-19 14
openmrg,constant,radar,3828.0,0.8901,0.1899,-0.7003,-0.7867,0.811,1.2973,1.4574,0.4219,0.1295,0.0055,0.1294,openmrg 2015-07-19 14
openmrg,constant,pws,2277.0,0.4142,0.1453,-0.2689,-0.6493,0.4129,0.9256,2.2348,0.3904,0.1117,0.052,0.111,openmrg 2015-07-19 14
openmrg,constant,city,1672.0,0.5039,0.14,-0.3638,-0.7221,0.4802,0.9787,1.9424,0.3757,0.092,0.0189,0.0919,openmrg 2015-07-19 14
openmrg,constant,smhi,572.0,0.6545,0.1186,-0.536,-0.8188,0.5417,0.9955,1.5209,0.6123,0.0745,0.0,0.0745,openmrg 2015-07-19 14
openmrg,pycomlink,radar,3828.0,0.8901,0.4752,-0.4149,-0.4661,0.688,1.1544,1.2969,0.5763,0.4876,0.0059,0.4862,openmrg 2015-07-19 14
openmrg,pycomlink,pws,2277.0,0.4142,0.4221,0.0079,0.0191,0.4411,1.0074,2.4322,0.4843,0.4673,0.0878,0.4472,openmrg 2015-07-19 14
openmrg,pycomlink,city,1672.0,0.5039,0.4418,-0.0621,-0.1232,0.4505,0.9343,1.8542,0.6688,0.4442,0.0456,0.435,openmrg 2015-07-19 14
openmrg,pycomlink,smhi,572.0,0.6545,0.4555,-0.199,-0.3041,0.4607,0.8473,1.2944,0.7364,0.4183,0.0057,0.4173,openmrg 2015-07-19 14
openmrg,nearby,radar,3729.0,0.8919,0.3269,-0.5649,-0.6334,0.8106,1.4007,1.5706,0.4327,0.2562,0.0029,0.256,openmrg 2015-07-19 14
openmrg,nearby,pws,2189.0,0.4198,0.3192,-0.1006,-0.2396,0.4864,1.3172,3.1376,0.3559,0.2627,0.0588,0.2584,openmrg 2015-07-19 14
openmrg,nearby,city,1576.0,0.5109,0.3872,-0.1237,-0.2421,0.5312,1.3838,2.7086,0.5198,0.2657,0.0175,0.2644,openmrg 2015-07-19 14
openmrg,nearby,smhi,520.0,0.6808,0.5233,-0.1575,-0.2313,0.636,1.4288,2.0987,0.6609,0.2547,0.0104,0.254,openmrg 2015-07-19 14
openmrg,rnn,radar,3883.0,0.888,0.6945,-0.1934,-0.2178,0.5051,0.8843,0.9959,0.6867,0.8399,0.0399,0.8116,openmrg 2015-07-19 14
openmrg,rnn,pws,2299.0,0.4137,0.6158,0.202,0.4883,0.4129,0.8013,1.9368,0.5766,0.8665,0.0989,0.7913,openmrg 2015-07-19 14
openmrg,rnn,city,1683.0,0.5036,0.6284,0.1247,0.2477,0.323,0.5769,1.1454,0.7895,0.8505,0.0702,0.7992,openmrg 2015-07-19 14
openmrg,rnn,smhi,583.0,0.6545,0.6202,-0.0344,-0.0525,0.374,0.6347,0.9697,0.8009,0.7759,0.0436,0.7494,openmrg 2015-07-19 14
openmrg,dynamic,radar,3480.0,0.9132,2.3146,1.4014,1.5347,1.9783,5.1336,5.6219,0.1718,0.8132,0.1229,0.73,openmrg 2015-07-25 05
openmrg,dynamic,pws,2070.0,0.5871,2.554,1.9669,3.3501,2.061,5.9009,10.0508,0.4281,0.889,0.0766,0.8279,openmrg 2015-07-25 05
openmrg,dynamic,city,1520.0,0.7943,3.0476,2.2533,2.8366,2.3714,6.8,8.5606,0.5307,0.9123,0.0422,0.8771,openmrg 2015-07-25 05
openmrg,dynamic,smhi,520.0,0.85,3.0207,2.1707,2.5537,2.3137,5.0093,5.8933,0.7858,0.851,0.0056,0.8469,openmrg 2015-07-25 05
openmrg,constant,radar,3480.0,0.9132,0.1302,-0.783,-0.8575,0.985,2.5926,2.8392,0.0267,0.0534,0.0074,0.0534,openmrg 2015-07-25 05
openmrg,constant,pws,2070.0,0.5871,0.1786,-0.4085,-0.6958,0.7269,3.0716,5.2317,-0.0036,0.0359,0.0877,0.0357,openmrg 2015-07-25 05
openmrg,constant,city,1520.0,0.7943,0.2213,-0.5731,-0.7215,0.9989,3.6471,4.5913,-0.0032,0.0237,0.037,0.0237,openmrg 2015-07-25 05
openmrg,constant,smhi,520.0,0.85,0.0034,-0.8466,-0.996,0.8516,1.4998,1.7645,-0.0293,0.0048,0.0,0.0048,openmrg 2015-07-25 05
openmrg,pycomlink,radar,3480.0,0.9132,0.6892,-0.224,-0.2453,1.0265,2.0721,2.2692,0.1961,0.4749,0.1471,0.4389,openmrg 2015-07-25 05
openmrg,pycomlink,pws,2070.0,0.5871,0.687,0.0999,0.1702,0.5862,2.0504,3.4924,0.4354,0.5414,0.0666,0.5212,openmrg 2015-07-25 05
openmrg,pycomlink,city,1520.0,0.7943,0.7794,-0.015,-0.0188,0.624,2.288,2.8803,0.5162,0.5361,0.0265,0.5284,openmrg 2015-07-25 05
openmrg,pycomlink,smhi,520.0,0.85,0.7555,-0.0945,-0.1112,0.5615,1.0393,1.2226,0.8631,0.4639,0.0,0.4639,openmrg 2015-07-25 05
openmrg,nearby,radar,3416.0,0.9203,0.5044,-0.4159,-0.4519,1.0134,2.4184,2.6278,0.1297,0.3751,0.1189,0.357,openmrg 2015-07-25 05
openmrg,nearby,pws,2012.0,0.5821,0.5444,-0.0377,-0.0648,0.5781,2.6603,4.5699,0.2984,0.4173,0.0472,0.4088,openmrg 2015-07-25 05
openmrg,nearby,city,1457.0,0.7754,0.6482,-0.1272,-0.1641,0.6616,3.0623,3.9493,0.3722,0.4146,0.0069,0.4134,openmrg 2015-07-25 05
openmrg,nearby,smhi,485.0,0.7988,0.5037,-0.2951,-0.3694,0.4782,0.7937,0.9937,0.8682,0.3394,0.0,0.3394,openmrg 2015-07-25 05
openmrg,rnn,radar,3530.0,0.915,0.8841,-0.0309,-0.0338,0.9188,1.3372,1.4614,0.2931,0.8389,0.1189,0.7536,openmrg 2015-07-25 05
openmrg,rnn,pws,2090.0,0.5885,0.8563,0.2678,0.4551,0.4624,0.7585,1.2891,0.7924,0.8683,0.1209,0.7756,openmrg 2015-07-25 05
openmrg,rnn,city,1530.0,0.7942,0.8506,0.0563,0.0709,0.3994,0.5668,0.7136,0.8816,0.8548,0.1155,0.769,openmrg 2015-07-25 05
openmrg,rnn,smhi,530.0,0.85,0.8723,0.0223,0.0263,0.3739,0.5409,0.6363,0.9056,0.8396,0.0,0.8396,openmrg 2015-07-25 05
openmrg,dynamic,radar,3478.0,0.8616,2.7374,1.8758,2.1772,2.0519,4.9288,5.7206,0.6415,0.8366,0.0917,0.7714,openmrg 2015-07-25 21
openmrg,dynamic,pws,2068.0,1.091,2.8662,1.7751,1.627,1.9961,5.0785,4.6547,0.6639,0.8186,0.0923,0.7556,openmrg 2015-07-25 21
openmrg,dynamic,city,1520.0,1.3449,3.2192,1.8743,1.3936,2.1033,5.3436,3.9733,0.7811,0.7923,0.0376,0.7685,openmrg 2015-07-25 21
openmrg,dynamic,smhi,520.0,1.9,4.3064,2.4064,1.2665,2.6645,6.3152,3.3238,0.8281,0.9551,0.1437,0.8232,openmrg 2015-07-25 21
openmrg,constant,radar,3478.0,0.8616,0.9808,0.1192,0.1383,0.8898,2.1921,2.5442,0.5934,0.4116,0.0332,0.4059,openmrg 2015-07-25 21
openmrg,constant,pws,2068.0,1.091,0.9739,-0.1172,-0.1074,0.8421,2.1847,2.0024,0.6568,0.3758,0.0263,0.372,openmrg 2015-07-25 21
openmrg,constant,city,1520.0,1.3449,0.9903,-0.3546,-0.2636,0.8644,2.2058,1.6401,0.7262,0.3392,0.0025,0.3389,openmrg 2015-07-25 21
openmrg,constant,smhi,520.0,1.9,1.3368,-0.5632,-0.2964,1.0922,2.0441,1.0759,0.819,0.4904,0.0255,0.4842,openmrg 2015-07-25 21
openmrg,pycomlink,radar,3478.0,0.8616,1.4048,0.5432,0.6305,0.9936,2.475,2.8726,0.6857,0.6142,0.0623,0.5901,openmrg 2015-07-25 21
openmrg,pycomlink,pws,2068.0,1.091,1.4198,0.3288,0.3014,0.9217,2.4474,2.2432,0.7119,0.5931,0.0468,0.5763,openmrg 2015-07-25 21
openmrg,pycomlink,city,1520.0,1.3449,1.4449,0.1,0.0744,0.843,2.2192,1.6501,0.8144,0.5285,0.0047,0.5272,openmrg 2015-07-25 21
openmrg,pycomlink,smhi,520.0,1.9,2.0042,0.1042,0.0548,1.0829,2.6601,1.4,0.8332,0.7244,0.0622,0.6911,openmrg 2015-07-25 21
openmrg,nearby,radar,3296.0,0.8395,1.1816,0.3421,0.4076,0.9243,1.9612,2.3363,0.6687,0.5423,0.0408,0.5301,openmrg 2015-07-25 21
openmrg,nearby,pws,1919.0,1.065,1.2039,0.1389,0.1304,0.8116,1.864,1.7502,0.7286,0.5169,0.037,0.5069,openmrg 2015-07-25 21
openmrg,nearby,city,1346.0,1.1848,1.1916,0.0069,0.0058,0.7379,1.7039,1.4382,0.7882,0.4736,0.004,0.4727,openmrg 2015-07-25 21
openmrg,nearby,smhi,436.0,1.7257,1.6347,-0.091,-0.0527,0.7601,1.5475,0.8967,0.8822,0.7114,0.0437,0.689,openmrg 2015-07-25 21
openmrg,rnn,radar,3530.0,0.8676,1.2563,0.3887,0.448,0.6814,1.2385,1.4275,0.7801,0.8616,0.0996,0.7867,openmrg 2015-07-25 21
openmrg,rnn,pws,2090.0,1.0949,1.1656,0.0707,0.0646,0.5875,1.1354,1.037,0.8243,0.8369,0.134,0.7409,openmrg 2015-07-25 21
openmrg,rnn,city,1530.0,1.3477,1.0176,-0.3301,-0.2449,0.7073,1.5997,1.187,0.8181,0.7785,0.0788,0.7299,openmrg 2015-07-25 21
openmrg,rnn,smhi,530.0,1.9,1.1438,-0.7562,-0.398,0.9754,1.7223,0.9065,0.901,0.8145,0.2825,0.6167,openmrg 2015-07-25 21
openmrg,dynamic,radar,11069.0,0.6441,1.4522,0.8081,1.2546,1.0867,3.6306,5.6364,0.4992,0.7996,0.1502,0.7006,openmrg 2015-07-28 03
openmrg,dynamic,pws,6574.0,0.5026,1.5654,1.0627,2.1145,1.2413,4.3243,8.6038,0.3998,0.8095,0.1914,0.6794,openmrg 2015-07-28 03
openmrg,dynamic,city,4851.0,0.6705,1.8907,1.2202,1.8198,1.4067,4.7787,7.1268,0.5245,0.818,0.1099,0.743,openmrg 2015-07-28 03
openmrg,dynamic,smhi,1658.0,0.8133,1.7111,0.8977,1.1038,1.1282,2.8701,3.5288,0.7435,0.7472,0.0493,0.7193,openmrg 2015-07-28 03
openmrg,constant,radar,11069.0,0.6441,0.4945,-0.1496,-0.2323,0.6373,2.1654,3.3618,0.3874,0.3658,0.0465,0.3594,openmrg 2015-07-28 03
openmrg,constant,pws,6574.0,0.5026,0.531,0.0284,0.0565,0.6298,2.6119,5.1967,0.2945,0.356,0.1131,0.3406,openmrg 2015-07-28 03
openmrg,constant,city,4851.0,0.6705,0.64,-0.0306,-0.0456,0.6667,2.7694,4.1301,0.4244,0.369,0.0368,0.3638,openmrg 2015-07-28 03
openmrg,constant,smhi,1658.0,0.8133,0.4281,-0.3852,-0.4737,0.5741,1.5249,1.8749,0.6932,0.2927,0.0,0.2927,openmrg 2015-07-28 03
openmrg,pycomlink,radar,11069.0,0.6441,0.616,-0.0281,-0.0436,0.6521,1.8454,2.8649,0.5165,0.4218,0.0787,0.4071,openmrg 2015-07-28 03
openmrg,pycomlink,pws,6574.0,0.5026,0.6451,0.1425,0.2834,0.6456,2.0998,4.1778,0.4485,0.426,0.1353,0.3994,openmrg 2015-07-28 03
openmrg,pycomlink,city,4851.0,0.6705,0.7587,0.0882,0.1315,0.6616,2.0408,3.0435,0.6194,0.4368,0.0486,0.4272,openmrg 2015-07-28 03
openmrg,pycomlink,smhi,1658.0,0.8133,0.7144,-0.099,-0.1217,0.615,1.5408,1.8944,0.7398,0.3827,0.0,0.3827,openmrg 2015-07-28 03
openmrg,nearby,radar,10562.0,0.6314,0.5444,-0.087,-0.1378,0.5721,1.6081,2.5468,0.5478,0.4914,0.0336,0.4831,openmrg 2015-07-28 03
openmrg,nearby,pws,6119.0,0.4983,0.5784,0.0801,0.1608,0.5634,1.8722,3.7575,0.4538,0.5032,0.0988,0.4769,openmrg 2015-07-28 03
openmrg,nearby,city,4340.0,0.6615,0.6719,0.0104,0.0157,0.5509,1.7422,2.6336,0.6243,0.5173,0.0147,0.5133,openmrg 2015-07-28 03
openmrg,nearby,smhi,1407.0,0.7838,0.6585,-0.1253,-0.1598,0.5609,1.7209,2.1956,0.6637,0.4432,0.0,0.4432,openmrg 2015-07-28 03
openmrg,rnn,radar,11264.0,0.6498,0.716,0.0662,0.1019,0.4937,1.1952,1.8394,0.6473,0.839,0.1336,0.7429,openmrg 2015-07-28 03
openmrg,rnn,pws,6656.0,0.5049,0.6997,0.1948,0.3858,0.5211,1.2936,2.5623,0.5705,0.8006,0.2099,0.6602,openmrg 2015-07-28 03
openmrg,rnn,city,4896.0,0.6781,0.7247,0.0466,0.0688,0.4506,1.1162,1.646,0.7392,0.7857,0.1215,0.7087,openmrg 2015-07-28 03
openmrg,rnn,smhi,1696.0,0.825,0.6822,-0.1428,-0.173,0.4438,1.1089,1.3441,0.8607,0.7003,0.061,0.6699,openmrg 2015-07-28 03
openmrg,dynamic,radar,2088.0,1.4304,3.7687,2.3383,1.6347,2.4158,5.0252,3.5131,0.6324,0.9544,0.0855,0.8762,openmrg 2015-08-04 19
openmrg,dynamic,pws,1242.0,1.3068,4.1028,2.7961,2.1396,2.8922,5.7554,4.4042,0.5804,0.96,0.1519,0.8192,openmrg 2015-08-04 19
openmrg,dynamic,city,912.0,1.4417,4.861,3.4193,2.3716,3.4707,6.8521,4.7526,0.5946,0.9631,0.1119,0.8589,openmrg 2015-08-04 19
openmrg,dynamic,smhi,312.0,1.35,4.7443,3.3943,2.5143,3.4884,5.8971,4.3683,0.7354,0.8731,0.0216,0.8566,openmrg 2015-08-04 19
openmrg,constant,radar,2088.0,1.4304,0.8951,-0.5353,-0.3742,0.8741,1.7135,1.1979,0.6319,0.4554,0.0029,0.4548,openmrg 2015-08-04 19
openmrg,constant,pws,1242.0,1.3068,0.9212,-0.3856,-0.2951,0.8793,1.9745,1.5109,0.5687,0.4443,0.059,0.4323,openmrg 2015-08-04 19
openmrg,constant,city,912.0,1.4417,0.9986,-0.4432,-0.3074,1.0026,2.2047,1.5292,0.5386,0.4501,0.0201,0.446,openmrg 2015-08-04 19
openmrg,constant,smhi,312.0,1.35,0.7321,-0.6179,-0.4577,0.9192,1.3215,0.9789,0.6434,0.3462,0.011,0.3448,openmrg 2015-08-04 19
openmrg,pycomlink,radar,2088.0,1.4304,1.8836,0.4531,0.3168,0.8852,2.0071,1.4031,0.7286,0.8343,0.0533,0.7969,openmrg 2015-08-04 19
openmrg,pycomlink,pws,1242.0,1.3068,2.0051,0.6983,0.5344,1.0587,2.3955,1.8331,0.6761,0.8341,0.1155,0.7522,openmrg 2015-08-04 19
openmrg,pycomlink,city,912.0,1.4417,2.2616,0.8198,0.5686,1.1937,2.7134,1.882,0.6851,0.828,0.0723,0.7778,openmrg 2015-08-04 19
openmrg,pycomlink,smhi,312.0,1.35,2.0825,0.7325,0.5426,1.185,2.1633,1.6024,0.7723,0.6885,0.0,0.6885,openmrg 2015-08-04 19
openmrg,nearby,radar,2074.0,1.4387,1.2109,-0.2278,-0.1584,0.7765,1.6831,1.1699,0.6692,0.7152,0.0084,0.7108,openmrg 2015-08-04 19
openmrg,nearby,pws,1230.0,1.3157,1.2796,-0.036,-0.0274,0.8397,2.0019,1.5216,0.6063,0.7064,0.0417,0.6853,openmrg 2015-08-04 19
openmrg,nearby,city,898.0,1.4564,1.474,0.0176,0.0121,0.9636,2.2842,1.5684,0.5924,0.7284,0.0022,0.7273,openmrg 2015-08-04 19
openmrg,nearby,smhi,306.0,1.3647,1.252,-0.1127,-0.0826,0.894,1.5389,1.1277,0.6875,0.5669,0.0,0.5669,openmrg 2015-08-04 19
openmrg,rnn,radar,2118.0,1.4307,2.2451,0.8144,0.5692,0.9169,1.3878,0.97,0.8756,0.9709,0.1114,0.8655,openmrg 2015-08-04 19
openmrg,rnn,pws,1254.0,1.3001,2.2505,0.9504,0.731,1.0879,1.635,1.2576,0.7912,0.9831,0.1832,0.8055,openmrg 2015-08-04 19
openmrg,rnn,city,918.0,1.4407,2.3699,0.9292,0.6449,0.9986,1.4445,1.0026,0.863,0.9908,0.1312,0.8619,openmrg 2015-08-04 19
openmrg,rnn,smhi,318.0,1.35,2.2944,0.9444,0.6995,0.9661,1.4189,1.051,0.9097,0.9774,0.0,0.9774,openmrg 2015-08-04 19
openmrg,dynamic,radar,7308.0,1.3321,2.2713,0.9392,0.7051,1.2076,4.4033,3.3056,0.6891,0.8593,0.1325,0.7597,openmrg 2015-08-25 02
openmrg,dynamic,pws,4347.0,0.9181,2.5537,1.6356,1.7816,1.7106,5.7698,6.2845,0.6527,0.9135,0.2011,0.7427,openmrg 2015-08-25 02
openmrg,dynamic,city,3192.0,1.0783,2.9712,1.8929,1.7554,1.9777,6.7051,6.218,0.6466,0.9188,0.1611,0.781,openmrg 2015-08-25 02
openmrg,dynamic,smhi,1092.0,1.019,2.7797,1.7606,1.7277,1.8226,4.4133,4.3308,0.8464,0.9918,0.34,0.6564,openmrg 2015-08-25 02
openmrg,constant,radar,7308.0,1.3321,0.9436,-0.3885,-0.2917,0.8529,3.3285,2.4987,0.526,0.5348,0.0293,0.5263,openmrg 2015-08-25 02
openmrg,constant,pws,4347.0,0.9181,1.0645,0.1464,0.1595,0.7041,4.0143,4.3724,0.4674,0.6484,0.0436,0.6298,openmrg 2015-08-25 02
openmrg,constant,city,3192.0,1.0783,1.1816,0.1032,0.0957,0.8108,4.6545,4.3164,0.444,0.6317,0.012,0.6268,openmrg 2015-08-25 02
openmrg,constant,smhi,1092.0,1.019,0.73,-0.289,-0.2836,0.4747,1.1242,1.1032,0.8431,0.7995,0.0583,0.7618,openmrg 2015-08-25 02
openmrg,pycomlink,radar,7308.0,1.3321,1.4365,0.1044,0.0784,0.769,3.3633,2.5248,0.63,0.7,0.0542,0.673,openmrg 2015-08-25 02
openmrg,pycomlink,pws,4347.0,0.9181,1.608,0.6899,0.7514,0.8865,4.3707,4.7606,0.583,0.7804,0.0789,0.7315,openmrg 2015-08-25 02
openmrg,pycomlink,city,3192.0,1.0783,1.8321,0.7538,0.699,0.9727,5.0283,4.6631,0.5761,0.7696,0.0283,0.7527,openmrg 2015-08-25 02
openmrg,pycomlink,smhi,1092.0,1.019,1.5897,0.5707,0.56,0.7655,1.8809,1.8457,0.8859,0.9533,0.1193,0.8443,openmrg 2015-08-25 02
openmrg,nearby,radar,6817.0,1.3489,0.9775,-0.3713,-0.2753,0.7378,2.2795,1.6899,0.6888,0.6544,0.0201,0.6458,openmrg 2015-08-25 02
openmrg,nearby,pws,3931.0,0.9277,1.0672,0.1395,0.1504,0.5623,2.5601,2.7597,0.6362,0.7545,0.0411,0.7309,openmrg 2015-08-25 02
openmrg,nearby,city,2746.0,1.0987,1.1666,0.0679,0.0618,0.591,2.9816,2.7139,0.6173,0.7535,0.0011,0.7528,openmrg 2015-08-25 02
openmrg,nearby,smhi,858.0,1.023,0.9756,-0.0474,-0.0463,0.4882,1.1442,1.1185,0.8534,0.9525,0.0507,0.9065,openmrg 2015-08-25 02
openmrg,rnn,radar,7413.0,1.3283,1.0214,-0.3069,-0.231,0.6657,1.5203,1.1445,0.8641,0.8681,0.0847,0.8036,openmrg 2015-08-25 02
openmrg,rnn,pws,4389.0,0.9181,1.0389,0.1208,0.1316,0.418,0.894,0.9738,0.8853,0.9134,0.1573,0.7804,openmrg 2015-08-25 02
openmrg,rnn,city,3213.0,1.0778,1.0375,-0.0404,-0.0375,0.3383,0.7412,0.6876,0.9298,0.8969,0.098,0.8173,openmrg 2015-08-25 02
openmrg,rnn,smhi,1113.0,1.019,0.9221,-0.097,-0.0952,0.3266,0.767,0.7527,0.9356,1.0,0.2668,0.7332,openmrg 2015-08-25 02
openmrg,dynamic,radar,8216.0,1.0384,2.2211,1.1826,1.1389,1.4017,4.8761,4.6957,0.5568,0.8146,0.1075,0.7418,openmrg 2015-08-27 01
openmrg,dynamic,pws,4943.0,0.7779,2.3505,1.5726,2.0214,1.674,5.8526,7.5232,0.5138,0.8465,0.237,0.6703,openmrg 2015-08-27 01
openmrg,dynamic,city,3648.0,1.0222,2.7511,1.7289,1.6914,1.8249,6.668,6.5234,0.5269,0.8642,0.1068,0.7833,openmrg 2015-08-27 01
openmrg,dynamic,smhi,1248.0,0.85,2.5583,1.7083,2.0097,1.7947,4.2481,4.9977,0.802,0.8136,0.0954,0.7493,openmrg 2015-08-27 01
openmrg,constant,radar,8216.0,1.0384,0.9664,-0.072,-0.0693,0.8721,4.1025,3.9507,0.3794,0.5333,0.0312,0.5243,openmrg 2015-08-27 01
openmrg,constant,pws,4943.0,0.7779,0.9675,0.1896,0.2437,0.8493,5.0408,6.4796,0.3138,0.555,0.1533,0.5043,openmrg 2015-08-27 01
openmrg,constant,city,3648.0,1.0222,1.1133,0.0911,0.0891,0.9296,5.7669,5.6419,0.3303,0.5575,0.0132,0.5534,openmrg 2015-08-27 01
openmrg,constant,smhi,1248.0,0.85,0.624,-0.226,-0.2658,0.6175,1.2933,1.5215,0.6487,0.5118,0.0,0.5118,openmrg 2015-08-27 01
openmrg,pycomlink,radar,8216.0,1.0384,1.2277,0.1893,0.1823,0.8506,4.0606,3.9103,0.463,0.6305,0.0328,0.6173,openmrg 2015-08-27 01
openmrg,pycomlink,pws,4943.0,0.7779,1.2274,0.4495,0.5778,0.8631,4.9561,6.3707,0.4093,0.66,0.1592,0.5867,openmrg 2015-08-27 01
openmrg,pycomlink,city,3648.0,1.0222,1.4484,0.4262,0.417,0.8046,5.6089,5.4872,0.441,0.7093,0.0052,0.7066,openmrg 2015-08-27 01
openmrg,pycomlink,smhi,1248.0,0.85,1.1766,0.3266,0.3842,0.6741,1.66,1.9529,0.7893,0.6953,0.0,0.6953,openmrg 2015-08-27 01
openmrg,nearby,radar,7663.0,1.0514,1.1628,0.1114,0.1059,0.7593,1.7089,1.6254,0.7539,0.6173,0.0398,0.6019,openmrg 2015-08-27 01
openmrg,nearby,pws,4382.0,0.7598,1.1088,0.349,0.4594,0.6848,1.5613,2.0549,0.7751,0.6565,0.146,0.5902,openmrg 2015-08-27 01
openmrg,nearby,city,3017.0,1.0443,1.2882,0.244,0.2336,0.6001,1.3904,1.3314,0.8735,0.6844,0.0036,0.6827,openmrg 2015-08-27 01
openmrg,nearby,smhi,929.0,0.8561,1.2742,0.4181,0.4884,0.6983,1.6424,1.9185,0.8026,0.6635,0.0029,0.6622,openmrg 2015-08-27 01
openmrg,rnn,radar,8472.0,1.0332,1.1355,0.1023,0.099,0.472,0.9431,0.9128,0.8713,0.7947,0.0551,0.7595,openmrg 2015-08-27 01
openmrg,rnn,pws,5016.0,0.7762,1.0962,0.3199,0.4121,0.5452,1.1229,1.4466,0.7979,0.8393,0.1913,0.7003,openmrg 2015-08-27 01
openmrg,rnn,city,3672.0,1.0215,1.1608,0.1392,0.1363,0.3829,0.8005,0.7836,0.9088,0.8391,0.052,0.8021,openmrg 2015-08-27 01
openmrg,rnn,smhi,1272.0,0.85,1.1384,0.2884,0.3393,0.3896,0.7562,0.8897,0.9365,0.8186,0.0441,0.7888,openmrg 2015-08-27 01
openmrg,dynamic,radar,2436.0,1.5558,3.6633,2.1075,1.3546,2.3699,6.0987,3.92,0.4011,0.9258,0.0,0.9258,openmrg 2015-08-31 17
openmrg,dynamic,pws,1449.0,1.4454,3.9844,2.539,1.7566,2.9107,7.4601,5.1613,0.2273,0.9357,0.1464,0.8063,openmrg 2015-08-31 17
openmrg,dynamic,city,1064.0,2.0834,4.7534,2.6699,1.2815,3.2009,8.5163,4.0876,0.3189,0.9566,0.0039,0.953,openmrg 2015-08-31 17
openmrg,dynamic,smhi,364.0,2.1429,4.9339,2.7911,1.3025,3.3066,5.0995,2.3798,0.5592,0.9698,0.0,0.9698,openmrg 2015-08-31 17
openmrg,constant,radar,2436.0,1.5558,0.3587,-1.1971,-0.7694,1.5306,4.1437,2.6634,0.0923,0.1648,0.0,0.1648,openmrg 2015-08-31 17
openmrg,constant,pws,1449.0,1.4454,0.412,-1.0333,-0.7149,1.5842,5.2303,3.6186,0.0679,0.1515,0.1696,0.1469,openmrg 2015-08-31 17
openmrg,constant,city,1064.0,2.0834,0.4429,-1.6405,-0.7874,2.2611,6.1718,2.9623,0.0759,0.1245,0.0,0.1245,openmrg 2015-08-31 17
openmrg,constant,smhi,364.0,2.1429,0.0905,-2.0523,-0.9578,2.0738,2.4475,1.1422,0.1483,0.0659,0.0,0.0659,openmrg 2015-08-31 17
openmrg,pycomlink,radar,2436.0,1.5558,0.2093,-1.3464,-0.8654,1.4928,2.6102,1.6778,0.1029,0.1323,0.0,0.1323,openmrg 2015-08-31 17
openmrg,pycomlink,pws,1449.0,1.4454,0.2436,-1.2018,-0.8315,1.5237,3.1979,2.2125,0.0187,0.1091,0.2757,0.1048,openmrg 2015-08-31 17
openmrg,pycomlink,city,1064.0,2.0834,0.2813,-1.8021,-0.865,2.0873,3.837,1.8417,0.0568,0.133,0.0,0.133,openmrg 2015-08-31 17
openmrg,pycomlink,smhi,364.0,2.1429,0.2193,-1.9235,-0.8977,2.0015,2.405,1.1224,0.0883,0.1676,0.0,0.1676,openmrg 2015-08-31 17
openmrg,nearby,radar,2397.0,1.5585,1.4422,-0.1164,-0.0747,1.0975,2.0917,1.3421,0.44,0.6625,0.0,0.6625,openmrg 2015-08-31 17
openmrg,nearby,pws,1413.0,1.435,1.471,0.036,0.0251,1.1865,2.479,1.7275,0.3118,0.6848,0.1361,0.6181,openmrg 2015-08-31 17
openmrg,nearby,city,1026.0,2.0576,1.6932,-0.3644,-0.1771,1.3076,2.7516,1.3372,0.4619,0.6879,0.0,0.6879,openmrg 2015-08-31 17
openmrg,nearby,smhi,342.0,2.0877,1.6576,-0.4302,-0.206,1.151,1.8487,0.8855,0.6032,0.6901,0.0,0.6901,openmrg 2015-08-31 17
openmrg,rnn,radar,2471.0,1.5558,1.4489,-0.1068,-0.0687,0.5338,0.7107,0.4568,0.6875,0.9821,0.0,0.9821,openmrg 2015-08-31 17
openmrg,rnn,pws,1463.0,1.4512,1.4482,-0.003,-0.0021,0.6772,0.964,0.6643,0.5684,0.9911,0.1494,0.8442,openmrg 2015-08-31 17
openmrg,rnn,city,1071.0,2.0835,1.4964,-0.5871,-0.2818,0.7143,0.9039,0.4339,0.8617,0.9897,0.0038,0.986,openmrg 2015-08-31 17
openmrg,rnn,smhi,371.0,2.1429,1.5565,-0.5864,-0.2737,0.7155,0.887,0.4139,0.8852,0.9892,0.0,0.9892,openmrg 2015-08-31 17
openrainer,dynamic,radar,2531.0,1.3203,1.8786,0.5583,0.4229,1.1997,3.3177,2.5128,0.5303,0.8502,0.1051,0.773,openrainer 2021-05-23 23
openrainer,dynamic,gauges,1895.0,1.0045,1.8264,0.8219,0.8182,1.0411,3.4058,3.3905,0.5754,0.9131,0.1112,0.8195,openrainer 2021-05-23 23
openrainer,constant,radar,2531.0,1.3203,0.7124,-0.6079,-0.4604,1.0556,2.6396,1.9993,0.3555,0.4864,0.0425,0.4761,openrainer 2021-05-23 23
openrainer,constant,gauges,1895.0,1.0045,0.7553,-0.2492,-0.2481,0.7801,2.7933,2.7808,0.3658,0.5505,0.0192,0.5446,openrainer 2021-05-23 23
openrainer,pycomlink,radar,2531.0,1.3203,0.9315,-0.3888,-0.2945,0.8553,2.2568,1.7093,0.4797,0.681,0.0769,0.6445,openrainer 2021-05-23 23
openrainer,pycomlink,gauges,1895.0,1.0045,0.9255,-0.0791,-0.0787,0.5155,2.2494,2.2393,0.5323,0.7666,0.058,0.732,openrainer 2021-05-23 23
openrainer,nearby,radar,1682.0,1.2485,0.6688,-0.5798,-0.4644,0.8153,1.4763,1.1824,0.6469,0.5937,0.0426,0.5784,openrainer 2021-05-23 23
openrainer,nearby,gauges,1150.0,1.0263,0.6866,-0.3396,-0.3309,0.516,1.0663,1.039,0.807,0.6971,0.0079,0.6933,openrainer 2021-05-23 23
openrainer,rnn,radar,2540.0,1.3248,1.7218,0.397,0.2997,0.8923,1.4509,1.0952,0.7777,0.8892,0.1305,0.7845,openrainer 2021-05-23 23
openrainer,rnn,gauges,1900.0,1.0083,1.7122,0.7039,0.6982,0.822,1.4,1.3885,0.8598,0.9554,0.1359,0.8306,openrainer 2021-05-23 23
openrainer,dynamic,radar,1631.0,2.4405,4.4478,2.0073,0.8225,2.5998,9.3087,3.8143,0.527,0.8926,0.1043,0.8086,openrainer 2021-09-26 06
openrainer,dynamic,gauges,1185.0,3.1035,4.8721,1.7686,0.5699,2.8405,10.2266,3.2952,0.5077,0.9164,0.1315,0.8047,openrainer 2021-09-26 06
openrainer,constant,radar,1631.0,2.4405,2.8179,0.3774,0.1546,1.7473,6.4879,2.6585,0.5714,0.724,0.0048,0.7215,openrainer 2021-09-26 06
openrainer,constant,gauges,1185.0,3.1035,3.1683,0.0648,0.0209,1.8563,7.1803,2.3137,0.579,0.7793,0.0189,0.7677,openrainer 2021-09-26 06
openrainer,pycomlink,radar,1631.0,2.4405,3.2817,0.8413,0.3447,1.8058,7.1341,2.9232,0.558,0.888,0.0553,0.8441,openrainer 2021-09-26 06
openrainer,pycomlink,gauges,1185.0,3.1035,3.6164,0.5129,0.1653,1.9932,7.8916,2.5429,0.5571,0.9047,0.0799,0.8388,openrainer 2021-09-26 06
openrainer,nearby,radar,922.0,2.2932,2.76,0.4668,0.2036,1.6855,6.2695,2.7339,0.5081,0.8184,0.0205,0.8046,openrainer 2021-09-26 06
openrainer,nearby,gauges,670.0,2.7355,3.0385,0.3029,0.1107,1.7946,6.729,2.4598,0.571,0.8629,0.0382,0.8343,openrainer 2021-09-26 06
openrainer,rnn,radar,1644.0,2.5111,3.7091,1.198,0.4771,1.6473,3.0469,1.2134,0.8411,0.9147,0.0832,0.8445,openrainer 2021-09-26 06
openrainer,rnn,gauges,1196.0,3.2405,3.888,0.6476,0.1998,1.9134,3.6972,1.1409,0.8017,0.9392,0.1132,0.8387,openrainer 2021-09-26 06
openrainer,dynamic,radar,8085.0,0.8332,1.1835,0.3503,0.4204,0.9679,2.6213,3.146,0.5045,0.7176,0.2303,0.5907,openrainer 2021-10-05 19
openrainer,dynamic,gauges,5788.0,0.6421,1.1315,0.4894,0.7622,0.8306,2.2567,3.5147,0.5412,0.8025,0.2716,0.6177,openrainer 2021-10-05 19
openrainer,constant,radar,8085.0,0.8332,0.3863,-0.4469,-0.5364,0.7259,1.8434,2.2124,0.4855,0.2832,0.0854,0.2759,openrainer 2021-10-05 19
openrainer,constant,gauges,5788.0,0.6421,0.376,-0.2661,-0.4145,0.4859,1.2055,1.8775,0.6595,0.3577,0.0737,0.3478,openrainer 2021-10-05 19
openrainer,pycomlink,radar,8085.0,0.8332,0.3405,-0.4928,-0.5914,0.7385,2.2357,2.6832,0.3832,0.23,0.0865,0.2251,openrainer 2021-10-05 19
openrainer,pycomlink,gauges,5788.0,0.6421,0.2715,-0.3706,-0.5771,0.5348,1.2913,2.0112,0.5822,0.2556,0.1119,0.2477,openrainer 2021-10-05 19
openrainer,nearby,radar,4577.0,0.8673,0.5096,-0.3577,-0.4124,0.6866,1.4844,1.7114,0.6381,0.407,0.0419,0.3999,openrainer 2021-10-05 19
openrainer,nearby,gauges,3312.0,0.6907,0.4951,-0.1956,-0.2832,0.4128,1.0331,1.4958,0.7814,0.4831,0.0358,0.4746,openrainer 2021-10-05 19
openrainer,rnn,radar,8160.0,0.8275,0.8121,-0.0154,-0.0186,0.6476,1.3728,1.659,0.7065,0.683,0.1645,0.602,openrainer 2021-10-05 19
openrainer,rnn,gauges,5846.0,0.6392,0.7985,0.1592,0.2491,0.4799,1.1056,1.7296,0.7816,0.7719,0.1941,0.6509,openrainer 2021-10-05 19
openrainer,dynamic,radar,7203.0,1.2263,0.9553,-0.2711,-0.221,0.8726,1.9003,1.5495,0.6612,0.6864,0.1421,0.6163,openrainer 2021-11-13 11
openrainer,dynamic,gauges,5081.0,0.7675,0.9269,0.1594,0.2076,0.5808,1.4572,1.8986,0.7063,0.7483,0.1507,0.6606,openrainer 2021-11-13 11
openrainer,constant,radar,7203.0,1.2263,0.3414,-0.8849,-0.7216,0.9645,1.9672,1.6041,0.6459,0.2826,0.0223,0.2808,openrainer 2021-11-13 11
openrainer,constant,gauges,5081.0,0.7675,0.359,-0.4085,-0.5323,0.5473,1.2087,1.5748,0.6405,0.323,0.0326,0.3195,openrainer 2021-11-13 11
openrainer,pycomlink,radar,7203.0,1.2263,0.3648,-0.8616,-0.7026,0.946,1.918,1.564,0.6651,0.2878,0.0169,0.2864,openrainer 2021-11-13 11
openrainer,pycomlink,gauges,5081.0,0.7675,0.3591,-0.4084,-0.5321,0.5514,1.215,1.5831,0.6452,0.3035,0.0494,0.2987,openrainer 2021-11-13 11
openrainer,nearby,radar,4312.0,1.2986,0.3597,-0.9389,-0.723,0.9865,2.0335,1.5659,0.7013,0.3455,0.0113,0.3441,openrainer 2021-11-13 11
openrainer,nearby,gauges,3189.0,0.7781,0.3707,-0.4074,-0.5236,0.5116,1.1566,1.4865,0.6764,0.3852,0.0135,0.3831,openrainer 2021-11-13 11
openrainer,rnn,radar,7208.0,1.2314,0.9792,-0.2523,-0.2048,0.6734,1.3542,1.0997,0.8165,0.7755,0.1841,0.66,openrainer 2021-11-13 11
openrainer,rnn,gauges,5086.0,0.7701,1.034,0.2639,0.3427,0.5188,1.0546,1.3695,0.8388,0.851,0.194,0.7063,openrainer 2021-11-13 11
openrainer,dynamic,radar,5240.0,1.2714,1.0095,-0.2618,-0.206,1.2368,2.3435,1.8433,0.2564,0.6913,0.177,0.6019,openrainer 2022-05-05 09
openrainer,dynamic,gauges,3520.0,0.9506,1.0311,0.0805,0.0847,0.9586,2.2453,2.362,0.3125,0.6868,0.0763,0.65,openrainer 2022-05-05 09
openrainer,constant,radar,5240.0,1.2714,0.0866,-1.1848,-0.9319,1.2227,1.9683,1.5482,0.2267,0.0994,0.065,0.0988,openrainer 2022-05-05 09
openrainer,constant,gauges,3520.0,0.9506,0.0757,-0.8749,-0.9204,0.8963,1.3059,1.3738,0.3031,0.0919,0.0,0.0919,openrainer 2022-05-05 09
openrainer,pycomlink,radar,5240.0,1.2714,0.2652,-1.0062,-0.7914,1.1641,1.9106,1.5028,0.2822,0.306,0.0872,0.2973,openrainer 2022-05-05 09
openrainer,pycomlink,gauges,3520.0,0.9506,0.2754,-0.6752,-0.7103,0.8598,1.3699,1.4412,0.3505,0.2787,0.0208,0.2771,openrainer 2022-05-05 09
openrainer,nearby,radar,3136.0,1.3568,0.3283,-1.0285,-0.7581,1.2699,2.1027,1.5498,0.1692,0.3175,0.096,0.3072,openrainer 2022-05-05 09
openrainer,nearby,gauges,2124.0,0.9701,0.2994,-0.6706,-0.6913,0.7721,1.1005,1.1344,0.5259,0.3071,0.0091,0.3063,openrainer 2022-05-05 09
openrainer,rnn,radar,5240.0,1.2714,0.8649,-0.4065,-0.3197,0.9034,1.4207,1.1174,0.563,0.7793,0.1827,0.6637,openrainer 2022-05-05 09
openrainer,rnn,gauges,3520.0,0.9506,0.8737,-0.0769,-0.0809,0.566,0.8593,0.904,0.703,0.8034,0.056,0.7669,openrainer 2022-05-05 09
openrainer,dynamic,radar,8824.0,0.4865,0.706,0.2195,0.4512,0.7552,4.4311,9.1086,0.3825,0.5985,0.5355,0.3541,openrainer 2022-08-06 09
openrainer,dynamic,gauges,6133.0,0.1634,0.8482,0.6848,4.1899,0.7603,5.3444,32.7013,0.3573,0.7681,0.644,0.3214,openrainer 2022-08-06 09
openrainer,constant,radar,8824.0,0.4865,0.3466,-0.1398,-0.2874,0.6087,3.5891,7.3778,0.3314,0.2677,0.1907,0.2518,openrainer 2022-08-06 09
openrainer,constant,gauges,6133.0,0.1634,0.445,0.2815,1.7227,0.4441,4.0942,25.0514,0.3428,0.423,0.3194,0.3529,openrainer 2022-08-06 09
openrainer,pycomlink,radar,8824.0,0.4865,0.2671,-0.2193,-0.4509,0.4667,3.3993,6.9877,0.3873,0.4454,0.1597,0.4106,openrainer 2022-08-06 09
openrainer,pycomlink,gauges,6133.0,0.1634,0.3109,0.1475,0.9024,0.2668,3.9175,23.9705,0.3969,0.6271,0.2973,0.4956,openrainer 2022-08-06 09
openrainer,nearby,radar,5442.0,0.44,0.1256,-0.3144,-0.7146,0.3869,1.8676,4.2448,0.4907,0.252,0.0547,0.2484,openrainer 2022-08-06 09
openrainer,nearby,gauges,3855.0,0.1482,0.1246,-0.0237,-0.1596,0.1492,1.3555,9.1433,0.5241,0.3894,0.1883,0.3571,openrainer 2022-08-06 09
openrainer,rnn,radar,8832.0,0.498,0.2837,-0.2143,-0.4303,0.3036,1.3195,2.6495,0.8301,0.6616,0.2474,0.5434,openrainer 2022-08-06 09
openrainer,rnn,gauges,6141.0,0.174,0.3013,0.1274,0.7322,0.2083,1.0418,5.9885,0.6919,0.8077,0.4642,0.4752,openrainer 2022-08-06 09
openrainer,dynamic,radar,6600.0,1.1926,1.5596,0.3669,0.3077,1.0751,3.868,3.2433,0.654,0.7303,0.3272,0.5389,openrainer 2022-08-17 10
openrainer,dynamic,gauges,4560.0,0.9075,1.6604,0.7529,0.8297,1.057,3.886,4.2821,0.6816,0.847,0.4115,0.5319,openrainer 2022-08-17 10
openrainer,constant,radar,6600.0,1.1926,0.8454,-0.3472,-0.2912,0.824,2.9148,2.444,0.6651,0.4553,0.0439,0.446,openrainer 2022-08-17 10
openrainer,constant,gauges,4560.0,0.9075,0.8706,-0.0369,-0.0406,0.5311,2.55,2.8099,0.7391,0.5915,0.0786,0.5631,openrainer 2022-08-17 10
openrainer,pycomlink,radar,6600.0,1.1926,0.925,-0.2676,-0.2244,0.7811,2.8927,2.4255,0.6928,0.5442,0.0816,0.5191,openrainer 2022-08-17 10
openrainer,pycomlink,gauges,4560.0,0.9075,0.9414,0.0339,0.0373,0.5219,2.4159,2.6622,0.7781,0.6802,0.1181,0.6234,openrainer 2022-08-17 10
openrainer,nearby,radar,4304.0,1.2432,0.7424,-0.5008,-0.4028,0.8423,2.5825,2.0773,0.6846,0.4231,0.0404,0.4157,openrainer 2022-08-17 10
openrainer,nearby,gauges,3023.0,0.9209,0.7411,-0.1799,-0.1953,0.5383,2.4298,2.6384,0.7145,0.5903,0.0479,0.5732,openrainer 2022-08-17 10
openrainer,rnn,radar,7020.0,1.2209,1.2046,-0.0164,-0.0134,0.6322,1.5793,1.2935,0.8586,0.7353,0.2262,0.6052,openrainer 2022-08-17 10
openrainer,rnn,gauges,4860.0,0.9288,1.2675,0.3387,0.3647,0.7269,2.0884,2.2484,0.786,0.8613,0.3434,0.5938,openrainer 2022-08-17 10
openrainer,dynamic,radar,6136.0,0.6744,0.7919,0.1175,0.1742,0.691,2.8902,4.2854,0.5703,0.6445,0.4194,0.4397,openrainer 2022-08-30 11
openrainer,dynamic,gauges,4510.0,0.3572,0.8764,0.5193,1.4538,0.716,3.2588,9.1236,0.4655,0.7659,0.5607,0.3873,openrainer 2022-08-30 11
openrainer,constant,radar,6136.0,0.6744,0.4235,-0.251,-0.3721,0.6178,3.2662,4.8429,0.4279,0.3143,0.1088,0.3026,openrainer 2022-08-30 11
openrainer,constant,gauges,4510.0,0.3572,0.4802,0.123,0.3445,0.4597,3.5322,9.8892,0.3618,0.4275,0.2706,0.369,openrainer 2022-08-30 11
openrainer,pycomlink,radar,6136.0,0.6744,0.4098,-0.2646,-0.3923,0.5321,2.7627,4.0963,0.5192,0.4547,0.113,0.4298,openrainer 2022-08-30 11
openrainer,pycomlink,gauges,4510.0,0.3572,0.4418,0.0847,0.237,0.3795,2.9362,8.2206,0.4402,0.5921,0.2821,0.4804,openrainer 2022-08-30 11
openrainer,nearby,radar,3397.0,0.7446,0.2618,-0.4827,-0.6483,0.5367,1.747,2.3464,0.7539,0.2929,0.0333,0.29,openrainer 2022-08-30 11
openrainer,nearby,gauges,2682.0,0.3941,0.2613,-0.1329,-0.3372,0.2829,1.284,3.2579,0.7432,0.3967,0.1914,0.3627,openrainer 2022-08-30 11
openrainer,rnn,radar,6171.0,0.6904,0.5185,-0.172,-0.2491,0.3698,1.2961,1.8772,0.8529,0.7,0.2719,0.5549,openrainer 2022-08-30 11
openrainer,rnn,gauges,4524.0,0.3647,0.5434,0.1787,0.4899,0.3568,1.3184,3.6145,0.7629,0.7976,0.4709,0.4665,openrainer 2022-08-30 11
openrainer,dynamic,radar,4454.0,1.2264,0.863,-0.3633,-0.2963,0.9926,2.9262,2.386,0.4524,0.6419,0.1931,0.5564,openrainer 2022-09-29 10
openrainer,dynamic,gauges,3128.0,0.4388,0.9318,0.493,1.1235,0.6378,2.8342,6.4591,0.4692,0.7594,0.2767,0.5885,openrainer 2022-09-29 10
openrainer,constant,radar,4454.0,1.2264,0.2465,-0.9799,-0.799,1.1002,3.0645,2.4988,0.2891,0.2528,0.0236,0.2513,openrainer 2022-09-29 10
openrainer,constant,gauges,3128.0,0.4388,0.2877,-0.1511,-0.3443,0.3569,2.2506,5.1291,0.3074,0.3349,0.0483,0.3293,openrainer 2022-09-29 10
openrainer,pycomlink,radar,4454.0,1.2264,0.3775,-0.8489,-0.6922,0.9944,2.9614,2.4148,0.3565,0.4359,0.0644,0.4232,openrainer 2022-09-29 10
openrainer,pycomlink,gauges,3128.0,0.4388,0.4203,-0.0185,-0.0422,0.3284,2.3284,5.3064,0.3785,0.5491,0.1019,0.5169,openrainer 2022-09-29 10
openrainer,nearby,radar,2693.0,1.309,0.1991,-1.1099,-0.8479,1.1294,2.7037,2.0655,0.72,0.2616,0.033,0.2593,openrainer 2022-09-29 10
openrainer,nearby,gauges,1945.0,0.4506,0.2334,-0.2172,-0.482,0.2893,0.7302,1.6207,0.7719,0.3737,0.038,0.3683,openrainer 2022-09-29 10
openrainer,rnn,radar,4454.0,1.2264,0.649,-0.5774,-0.4708,0.7605,1.8957,1.5458,0.7967,0.7121,0.1299,0.6437,openrainer 2022-09-29 10
openrainer,rnn,gauges,3128.0,0.4388,0.6992,0.2604,0.5934,0.3663,0.8867,2.0208,0.87,0.8575,0.2316,0.6814,openrainer 2022-09-29 10
openrainer,dynamic,radar,4212.0,2.0103,1.7219,-0.2885,-0.1435,1.7872,3.8014,1.8909,0.3398,0.729,0.0904,0.6798,openrainer 2022-11-21 17
openrainer,dynamic,gauges,3196.0,1.2844,1.7985,0.5142,0.4003,1.4123,3.8418,2.9912,0.3637,0.7615,0.0896,0.7084,openrainer 2022-11-21 17
openrainer,constant,radar,4212.0,2.0103,0.878,-1.1323,-0.5633,1.9993,3.7974,1.8889,0.2185,0.3198,0.0497,0.3145,openrainer 2022-11-21 17
openrainer,constant,gauges,3196.0,1.2844,1.0099,-0.2744,-0.2137,1.4026,3.4391,2.6776,0.2825,0.3611,0.0296,0.3572,openrainer 2022-11-21 17
openrainer,pycomlink,radar,4212.0,2.0103,0.9059,-1.1045,-0.5494,1.9073,3.7721,1.8763,0.2385,0.3984,0.0403,0.3919,openrainer 2022-11-21 17
openrainer,pycomlink,gauges,3196.0,1.2844,0.9813,-0.303,-0.236,1.3658,3.4857,2.714,0.2669,0.4096,0.0293,0.4046,openrainer 2022-11-21 17
openrainer,nearby,radar,2505.0,2.0988,1.3677,-0.7311,-0.3483,1.7652,3.1313,1.4919,0.3956,0.5836,0.0385,0.5703,openrainer 2022-11-21 17
openrainer,nearby,gauges,1954.0,1.27,1.3871,0.1171,0.0922,1.0775,2.5814,2.0326,0.4817,0.6182,0.0124,0.6134,openrainer 2022-11-21 17
openrainer,rnn,radar,4224.0,2.0084,1.6345,-0.3739,-0.1861,1.4766,2.5236,1.2565,0.4617,0.8368,0.0873,0.7748,openrainer 2022-11-21 17
openrainer,rnn,gauges,3201.0,1.2877,1.7195,0.4318,0.3354,1.0069,1.8834,1.4626,0.6079,0.8742,0.0809,0.8117,openrainer 2022-11-21 17
openmesh,dynamic,radar,406.0,2.5409,3.8602,1.3193,0.5192,2.5843,4.5657,1.7969,0.2967,0.9602,0.0077,0.9531,openmesh 2023-11-21 18
openmesh,dynamic,pws,406.0,2.8005,3.8602,1.0597,0.3784,2.6742,4.4924,1.6041,0.365,0.9614,0.0386,0.9257,openmesh 2023-11-21 18
openmesh,dynamic,asos,0.0,,,,,,,,,,,,openmesh 2023-11-21 18
openmesh,constant,radar,406.0,2.5409,1.0419,-1.4989,-0.5899,2.1767,3.2604,1.2832,0.3521,0.3781,0.013,0.3762,openmesh 2023-11-21 18
openmesh,constant,pws,406.0,2.8005,1.0419,-1.7586,-0.628,2.5081,4.1254,1.4731,0.1451,0.383,0.0325,0.3782,openmesh 2023-11-21 18
openmesh,constant,asos,0.0,,,,,,,,,,,,openmesh 2023-11-21 18
openmesh,pycomlink,radar,406.0,2.5409,1.6255,-0.9154,-0.3603,1.9862,3.5022,1.3783,0.3567,0.5846,0.0084,0.5817,openmesh 2023-11-21 18
openmesh,pycomlink,pws,406.0,2.8005,1.6255,-1.175,-0.4196,2.2468,3.9613,1.4145,0.3011,0.599,0.0169,0.5929,openmesh 2023-11-21 18
openmesh,pycomlink,asos,0.0,,,,,,,,,,,,openmesh 2023-11-21 18
openmesh,nearby,radar,359.0,2.3963,1.9126,-0.4837,-0.2018,1.7446,3.0685,1.2805,0.4111,0.693,0.0081,0.6891,openmesh 2023-11-21 18
openmesh,nearby,pws,359.0,2.8806,1.9126,-0.968,-0.336,2.0492,3.6058,1.2517,0.4103,0.7105,0.0202,0.7003,openmesh 2023-11-21 18
openmesh,nearby,asos,0.0,,,,,,,,,,,,openmesh 2023-11-21 18
openmesh,rnn,radar,425.0,2.6396,2.8241,0.1845,0.0699,0.9266,1.3291,0.5035,0.7796,0.9382,0.005,0.9338,openmesh 2023-11-21 18
openmesh,rnn,pws,425.0,3.0842,2.8241,-0.2601,-0.0843,1.3661,2.5065,0.8127,0.587,0.9559,0.0176,0.9398,openmesh 2023-11-21 18
openmesh,rnn,asos,0.0,,,,,,,,,,,,openmesh 2023-11-21 18
openmesh,dynamic,radar,569.0,2.0848,3.4332,1.3484,0.6468,2.3909,4.121,1.9767,0.4552,0.8759,0.0392,0.8457,openmesh 2023-12-10 16
openmesh,dynamic,pws,569.0,2.1358,3.4332,1.2974,0.6074,2.4279,4.1927,1.963,0.4143,0.8887,0.0619,0.8395,openmesh 2023-12-10 16
openmesh,dynamic,asos,0.0,,,,,,,,,,,,openmesh 2023-12-10 16
openmesh,constant,radar,569.0,2.0848,1.2305,-0.8543,-0.4098,1.7129,2.9598,1.4197,0.3685,0.4643,0.012,0.4617,openmesh 2023-12-10 16
openmesh,constant,pws,569.0,2.1358,1.2305,-0.9053,-0.4239,1.7903,3.1287,1.4649,0.3192,0.4805,0.016,0.4767,openmesh 2023-12-10 16
openmesh,constant,asos,0.0,,,,,,,,,,,,openmesh 2023-12-10 16
openmesh,pycomlink,radar,569.0,2.0848,1.0354,-1.0494,-0.5034,1.4679,2.1897,1.0503,0.5103,0.4643,0.0198,0.46,openmesh 2023-12-10 16
openmesh,pycomlink,pws,569.0,2.1358,1.0354,-1.1004,-0.5152,1.5252,2.3563,1.1032,0.476,0.4824,0.0198,0.4778,openmesh 2023-12-10 16
openmesh,pycomlink,asos,0.0,,,,,,,,,,,,openmesh 2023-12-10 16
openmesh,nearby,radar,453.0,2.2901,1.5517,-0.7384,-0.3224,1.789,3.2236,1.4076,0.3213,0.7069,0.0164,0.6986,openmesh 2023-12-10 16
openmesh,nearby,pws,453.0,2.3684,1.5517,-0.8167,-0.3448,1.8808,3.3539,1.4161,0.2949,0.7205,0.0164,0.7119,openmesh 2023-12-10 16
openmesh,nearby,asos,0.0,,,,,,,,,,,,openmesh 2023-12-10 16
openmesh,rnn,radar,575.0,2.1056,2.4584,0.3528,0.1675,1.1609,1.8058,0.8576,0.7751,0.868,0.0331,0.843,openmesh 2023-12-10 16
openmesh,rnn,pws,575.0,2.1599,2.4584,0.2984,0.1382,1.2055,1.8346,0.8494,0.7573,0.8861,0.0497,0.8469,openmesh 2023-12-10 16
openmesh,rnn,asos,0.0,,,,,,,,,,,,openmesh 2023-12-10 16
openmesh,dynamic,radar,291.0,2.5749,3.9442,1.3693,0.5318,3.0037,4.7807,1.8567,0.5048,0.8893,0.1107,0.8007,openmesh 2023-12-17 18
openmesh,dynamic,pws,291.0,2.3309,3.9442,1.6133,0.6921,3.1883,5.0555,2.1689,0.4569,0.8903,0.1352,0.7815,openmesh 2023-12-17 18
openmesh,dynamic,asos,0.0,,,,,,,,,,,,openmesh 2023-12-17 18
openmesh,constant,radar,291.0,2.5749,2.0281,-0.5468,-0.2123,2.6016,4.8071,1.8669,0.4623,0.4467,0.0522,0.436,openmesh 2023-12-17 18
openmesh,constant,pws,291.0,2.3309,2.0281,-0.3028,-0.1299,2.6251,5.3116,2.2788,0.3256,0.4557,0.0609,0.4426,openmesh 2023-12-17 18
openmesh,constant,asos,0.0,,,,,,,,,,,,openmesh 2023-12-17 18
openmesh,pycomlink,radar,291.0,2.5749,1.0816,-1.4934,-0.58,1.936,3.1949,1.2408,0.5798,0.3893,0.0686,0.3785,openmesh 2023-12-17 18
openmesh,pycomlink,pws,291.0,2.3309,1.0816,-1.2493,-0.536,1.9016,3.3637,1.4431,0.5161,0.4008,0.0686,0.3893,openmesh 2023-12-17 18
openmesh,pycomlink,asos,0.0,,,,,,,,,,,,openmesh 2023-12-17 18
openmesh,nearby,radar,231.0,2.5656,1.1662,-1.3993,-0.5454,1.959,3.3879,1.3205,0.5023,0.6471,0.0547,0.6237,openmesh 2023-12-17 18
openmesh,nearby,pws,231.0,2.5023,1.1662,-1.3361,-0.5339,1.9455,3.6018,1.4394,0.4946,0.6519,0.0781,0.6178,openmesh 2023-12-17 18
openmesh,nearby,asos,0.0,,,,,,,,,,,,openmesh 2023-12-17 18
openmesh,rnn,radar,300.0,2.8089,2.2529,-0.556,-0.1979,1.4302,2.2991,0.8185,0.7795,0.9486,0.0698,0.8856,openmesh 2023-12-17 18
openmesh,rnn,pws,300.0,2.6396,2.2529,-0.3867,-0.1465,1.5344,2.695,1.021,0.7461,0.935,0.1085,0.8394,openmesh 2023-12-17 18
openmesh,rnn,asos,0.0,,,,,,,,,,,,openmesh 2023-12-17 18
openmesh,dynamic,radar,586.0,1.2187,2.9696,1.7509,1.4367,2.3981,4.3577,3.5756,0.4672,0.8813,0.3936,0.5606,openmesh 2023-12-27 15
openmesh,dynamic,pws,586.0,1.1411,2.9696,1.8285,1.6023,2.4323,4.4471,3.8971,0.4401,0.8626,0.3317,0.604,openmesh 2023-12-27 15
openmesh,dynamic,asos,0.0,,,,,,,,,,,,openmesh 2023-12-27 15
openmesh,constant,radar,586.0,1.2187,1.3439,0.1251,0.1027,1.3916,3.4973,2.8696,0.5356,0.464,0.2086,0.4135,openmesh 2023-12-27 15
openmesh,constant,pws,586.0,1.1411,1.3439,0.2027,0.1777,1.3956,3.6079,3.1617,0.4924,0.4377,0.1595,0.4041,openmesh 2023-12-27 15
openmesh,constant,asos,0.0,,,,,,,,,,,,openmesh 2023-12-27 15
openmesh,pycomlink,radar,586.0,1.2187,0.8932,-0.3256,-0.2671,1.1025,2.7651,2.2688,0.4954,0.4388,0.1095,0.4164,openmesh 2023-12-27 15
openmesh,pycomlink,pws,586.0,1.1411,0.8932,-0.248,-0.2173,1.0792,2.7995,2.4532,0.4706,0.4089,0.0657,0.3975,openmesh 2023-12-27 15
openmesh,pycomlink,asos,0.0,,,,,,,,,,,,openmesh 2023-12-27 15
openmesh,nearby,radar,486.0,1.2631,0.7491,-0.5141,-0.407,0.9077,2.2157,1.7541,0.5392,0.5826,0.0822,0.5537,openmesh 2023-12-27 15
openmesh,nearby,pws,486.0,1.2084,0.7491,-0.4593,-0.3801,0.912,2.3085,1.9104,0.4893,0.5373,0.0616,0.5189,openmesh 2023-12-27 15
openmesh,nearby,asos,0.0,,,,,,,,,,,,openmesh 2023-12-27 15
openmesh,rnn,radar,600.0,1.3525,1.4314,0.0789,0.0584,0.6863,1.3404,0.9911,0.8265,0.8664,0.1567,0.7463,openmesh 2023-12-27 15
openmesh,rnn,pws,600.0,1.2729,1.4314,0.1585,0.1245,0.7183,1.4136,1.1105,0.8021,0.8073,0.12,0.7273,openmesh 2023-12-27 15
openmesh,rnn,asos,0.0,,,,,,,,,,,,openmesh 2023-12-27 15
openmesh,dynamic,radar,459.0,2.9059,3.6838,0.7779,0.2677,2.729,4.2144,1.4503,0.3571,0.942,0.0775,0.8729,openmesh 2024-01-09 16
openmesh,dynamic,pws,459.0,2.7987,3.6838,0.8852,0.3163,2.8344,4.4107,1.576,0.3118,0.9474,0.0698,0.8845,openmesh 2024-01-09 16
openmesh,dynamic,asos,0.0,,,,,,,,,,,,openmesh 2024-01-09 16
openmesh,constant,radar,459.0,2.9059,1.8442,-1.0617,-0.3654,2.4566,4.2037,1.4466,0.3894,0.5541,0.0141,0.5497,openmesh 2024-01-09 16
openmesh,constant,pws,459.0,2.7987,1.8442,-0.9544,-0.341,2.4588,4.4032,1.5733,0.326,0.5579,0.0047,0.5564,openmesh 2024-01-09 16
openmesh,constant,asos,0.0,,,,,,,,,,,,openmesh 2024-01-09 16
openmesh,pycomlink,radar,459.0,2.9059,0.5387,-2.3672,-0.8146,2.4368,3.4672,1.1932,0.4397,0.3694,0.0,0.3694,openmesh 2024-01-09 16
openmesh,pycomlink,pws,459.0,2.7987,0.5387,-2.26,-0.8075,2.3559,3.5169,1.2566,0.4141,0.3684,0.0,0.3684,openmesh 2024-01-09 16
openmesh,pycomlink,asos,0.0,,,,,,,,,,,,openmesh 2024-01-09 16
openmesh,nearby,radar,407.0,2.914,1.8647,-1.0493,-0.3601,1.7657,2.8428,0.9756,0.5784,0.7749,0.0221,0.7615,openmesh 2024-01-09 16
openmesh,nearby,pws,407.0,2.8485,1.8647,-0.9838,-0.3454,1.7508,2.947,1.0346,0.5676,0.7857,0.0258,0.7697,openmesh 2024-01-09 16
openmesh,nearby,asos,0.0,,,,,,,,,,,,openmesh 2024-01-09 16
openmesh,rnn,radar,475.0,3.0362,2.4069,-0.6293,-0.2073,1.262,1.9364,0.6378,0.7743,0.9038,0.0028,0.9015,openmesh 2024-01-09 16
openmesh,rnn,pws,475.0,2.9432,2.4069,-0.5362,-0.1822,1.3471,2.132,0.7244,0.7355,0.8939,0.0112,0.885,openmesh 2024-01-09 16
openmesh,rnn,asos,0.0,,,,,,,,,,,,openmesh 2024-01-09 16
openmesh,dynamic,radar,150.0,2.6597,3.7237,1.064,0.4,2.6767,4.1908,1.5757,0.3387,0.8865,0.0458,0.8503,openmesh 2024-03-02 12
openmesh,dynamic,pws,150.0,2.9204,3.7237,0.8032,0.275,2.7312,4.079,1.3967,0.3949,0.8733,0.0,0.8733,openmesh 2024-03-02 12
openmesh,dynamic,asos,0.0,,,,,,,,,,,,openmesh 2024-03-02 12
openmesh,constant,radar,150.0,2.6597,1.0039,-1.6559,-0.6226,2.8535,4.0545,1.5244,0.2279,0.2624,0.0,0.2624,openmesh 2024-03-02 12
openmesh,constant,pws,150.0,2.9204,1.0039,-1.9166,-0.6563,2.9108,4.0426,1.3842,0.3603,0.2467,0.0,0.2467,openmesh 2024-03-02 12
openmesh,constant,asos,0.0,,,,,,,,,,,,openmesh 2024-03-02 12
openmesh,pycomlink,radar,150.0,2.6597,0.8742,-1.7856,-0.6713,2.3921,3.1235,1.1744,0.3057,0.3617,0.0727,0.3517,openmesh 2024-03-02 12
openmesh,pycomlink,pws,150.0,2.9204,0.8742,-2.0463,-0.7007,2.4488,3.2884,1.126,0.426,0.3667,0.0,0.3667,openmesh 2024-03-02 12
openmesh,pycomlink,asos,0.0,,,,,,,,,,,,openmesh 2024-03-02 12
openmesh,nearby,radar,137.0,2.5043,1.2381,-1.2663,-0.5056,2.0604,2.8706,1.1462,0.325,0.6484,0.0674,0.6194,openmesh 2024-03-02 12
openmesh,nearby,pws,137.0,2.7811,1.2381,-1.5431,-0.5548,2.1361,3.0313,1.0899,0.4308,0.6496,0.0,0.6496,openmesh 2024-03-02 12
openmesh,nearby,asos,0.0,,,,,,,,,,,,openmesh 2024-03-02 12
openmesh,rnn,radar,156.0,2.6708,2.3782,-0.2926,-0.1096,0.8545,1.1281,0.4224,0.8433,0.9448,0.0743,0.8782,openmesh 2024-03-02 12
openmesh,rnn,pws,156.0,2.9648,2.3782,-0.5865,-0.1978,1.1327,1.7058,0.5754,0.7792,0.9487,0.0,0.9487,openmesh 2024-03-02 12
openmesh,rnn,asos,0.0,,,,,,,,,,,,openmesh 2024-03-02 12
openmesh,dynamic,radar,361.0,2.2646,4.151,1.8864,0.833,3.1165,5.5179,2.4365,0.5055,0.9706,0.2196,0.7624,openmesh 2024-03-09 19
openmesh,dynamic,pws,361.0,2.2841,4.151,1.8669,0.8174,3.1769,5.5372,2.4243,0.4993,0.9442,0.1419,0.8167,openmesh 2024-03-09 19
openmesh,dynamic,asos,0.0,,,,,,,,,,,,openmesh 2024-03-09 19
openmesh,constant,radar,361.0,2.2646,1.4297,-0.8349,-0.3687,2.0239,3.8355,1.6937,0.4612,0.5714,0.0933,0.5397,openmesh 2024-03-09 19
openmesh,constant,pws,361.0,2.2841,1.4297,-0.8544,-0.3741,2.0049,3.9134,1.7133,0.463,0.5316,0.0467,0.5181,openmesh 2024-03-09 19
openmesh,constant,asos,0.0,,,,,,,,,,,,openmesh 2024-03-09 19
openmesh,pycomlink,radar,361.0,2.2646,1.0199,-1.2447,-0.5496,2.031,3.4911,1.5416,0.4963,0.3739,0.0111,0.3724,openmesh 2024-03-09 19
openmesh,pycomlink,pws,361.0,2.2841,1.0199,-1.2642,-0.5535,2.0128,3.5913,1.5723,0.4974,0.3346,0.0,0.3346,openmesh 2024-03-09 19
openmesh,pycomlink,asos,0.0,,,,,,,,,,,,openmesh 2024-03-09 19
openmesh,nearby,radar,319.0,2.5386,1.8252,-0.7134,-0.281,2.0463,3.9201,1.5442,0.4613,0.7556,0.1005,0.6967,openmesh 2024-03-09 19
openmesh,nearby,pws,319.0,2.5862,1.8252,-0.761,-0.2942,2.0781,4.0662,1.5723,0.4517,0.7276,0.0529,0.6992,openmesh 2024-03-09 19
openmesh,nearby,asos,0.0,,,,,,,,,,,,openmesh 2024-03-09 19
openmesh,rnn,radar,384.0,2.6885,2.3417,-0.3469,-0.129,1.1521,1.845,0.6862,0.8512,0.9923,0.0816,0.912,openmesh 2024-03-09 19
openmesh,rnn,pws,384.0,2.7555,2.3417,-0.4139,-0.1502,1.3209,2.1788,0.7907,0.8256,0.9452,0.0213,0.9262,openmesh 2024-03-09 19
openmesh,rnn,asos,0.0,,,,,,,,,,,,openmesh 2024-03-09 19
openmesh,dynamic,radar,327.0,4.3832,5.0326,0.6495,0.1482,3.8111,5.9179,1.3501,0.3598,0.9524,0.082,0.8777,openmesh 2024-03-23 06
openmesh,dynamic,pws,327.0,4.6076,5.0326,0.425,0.0922,3.848,6.0434,1.3116,0.3501,0.934,0.0262,0.911,openmesh 2024-03-23 06
openmesh,dynamic,asos,0.0,,,,,,,,,,,,openmesh 2024-03-23 06
openmesh,constant,radar,327.0,4.3832,2.2445,-2.1387,-0.4879,3.6057,5.2184,1.1905,0.3663,0.5442,0.0244,0.5369,openmesh 2024-03-23 06
openmesh,constant,pws,327.0,4.6076,2.2445,-2.3631,-0.5129,3.6988,5.3757,1.1667,0.393,0.5094,0.0122,0.5062,openmesh 2024-03-23 06
openmesh,constant,asos,0.0,,,,,,,,,,,,openmesh 2024-03-23 06
openmesh,pycomlink,radar,327.0,4.3832,3.1001,-1.283,-0.2927,3.1661,4.8701,1.1111,0.4096,0.7313,0.0652,0.6958,openmesh 2024-03-23 06
openmesh,pycomlink,pws,327.0,4.6076,3.1001,-1.5075,-0.3272,3.221,5.0519,1.0964,0.4166,0.7075,0.0217,0.6966,openmesh 2024-03-23 06
openmesh,pycomlink,asos,0.0,,,,,,,,,,,,openmesh 2024-03-23 06
openmesh,nearby,radar,291.0,4.361,2.578,-1.783,-0.4088,2.9258,4.5416,1.0414,0.3843,0.8308,0.0485,0.797,openmesh 2024-03-23 06
openmesh,nearby,pws,291.0,4.55,2.578,-1.972,-0.4334,2.9758,4.708,1.0347,0.4161,0.7908,0.0176,0.7797,openmesh 2024-03-23 06
openmesh,nearby,asos,0.0,,,,,,,,,,,,openmesh 2024-03-23 06
openmesh,rnn,radar,336.0,4.6211,3.909,-0.712,-0.1541,2.0632,3.1924,0.6908,0.5858,0.9802,0.0601,0.9224,openmesh 2024-03-23 06
openmesh,rnn,pws,336.0,4.8653,3.909,-0.9563,-0.1965,2.2783,3.8978,0.8011,0.4961,0.945,0.0222,0.9251,openmesh 2024-03-23 06
openmesh,rnn,asos,0.0,,,,,,,,,,,,openmesh 2024-03-23 06
openmesh,dynamic,radar,564.0,1.8281,4.05,2.2219,1.2154,3.0771,5.3633,2.9338,0.2671,0.9523,0.0655,0.8927,openmesh 2024-04-03 07
openmesh,dynamic,pws,564.0,1.6249,4.05,2.425,1.4924,3.0122,5.3661,3.3024,0.3115,0.9503,0.0337,0.9198,openmesh 2024-04-03 07
openmesh,dynamic,asos,0.0,,,,,,,,,,,,openmesh 2024-04-03 07
openmesh,constant,radar,564.0,1.8281,0.7481,-1.08,-0.5908,1.561,2.2986,1.2574,0.381,0.4332,0.0258,0.4283,openmesh 2024-04-03 07
openmesh,constant,pws,564.0,1.6249,0.7481,-0.8769,-0.5396,1.3777,2.0901,1.2863,0.4087,0.4236,0.0129,0.4212,openmesh 2024-04-03 07
openmesh,constant,asos,0.0,,,,,,,,,,,,openmesh 2024-04-03 07
openmesh,pycomlink,radar,564.0,1.8281,0.4939,-1.3342,-0.7298,1.4691,2.1084,1.1533,0.5286,0.3702,0.0051,0.3695,openmesh 2024-04-03 07
openmesh,pycomlink,pws,564.0,1.6249,0.4939,-1.1311,-0.6961,1.2778,1.8767,1.1549,0.5471,0.3591,0.0,0.3591,openmesh 2024-04-03 07
openmesh,pycomlink,asos,0.0,,,,,,,,,,,,openmesh 2024-04-03 07
openmesh,nearby,radar,131.0,1.2496,0.5327,-0.7169,-0.5737,0.9559,1.2851,1.0284,0.4135,0.4959,0.0,0.4959,openmesh 2024-04-03 07
openmesh,nearby,pws,131.0,1.0971,0.5327,-0.5644,-0.5145,0.8591,1.2043,1.0977,0.3773,0.48,0.0,0.48,openmesh 2024-04-03 07
openmesh,nearby,asos,0.0,,,,,,,,,,,,openmesh 2024-04-03 07
openmesh,rnn,radar,572.0,1.9465,1.3894,-0.557,-0.2862,0.9774,1.7258,0.8866,0.6536,0.8308,0.0286,0.811,openmesh 2024-04-03 07
openmesh,rnn,pws,572.0,1.7326,1.3894,-0.3432,-0.1981,0.8558,1.4757,0.8517,0.6891,0.8203,0.0066,0.8159,openmesh 2024-04-03 07
openmesh,rnn,asos,0.0,,,,,,,,,,,,openmesh 2024-04-03 07
