network,estimate,reference,cells,events,coverage,n,mean_ref,mean_est,bias,rel_bias,mae,rmse,nrmse,corr,pod,far,csi
openmrg,pws,radar,<= 2 km of a link,10,0.8261,134230,0.7963,0.7075,-0.0888,-0.1115,0.5175,1.1773,1.4784,0.6807,0.8184,0.146,0.7179
openmrg,city,radar,<= 2 km of a link,10,0.3244,52716,0.8086,0.8914,0.0828,0.1024,0.5585,1.257,1.5546,0.6888,0.8551,0.1283,0.7595
openmrg,dynamic idw,radar,<= 2 km of a link,10,1.0,162487,0.7936,1.5273,0.7336,0.9244,0.9127,1.8579,2.341,0.7658,0.9236,0.2316,0.7225
openmrg,dynamic line,radar,<= 2 km of a link,10,1.0,162487,0.7936,1.4762,0.6826,0.8601,0.8677,1.7402,2.1927,0.7721,0.9227,0.2318,0.7218
openmrg,dynamic gmz,radar,<= 2 km of a link,10,1.0,162487,0.7936,1.477,0.6834,0.8611,0.8785,1.7804,2.2434,0.7629,0.9177,0.2368,0.7143
openmrg,constant idw,radar,<= 2 km of a link,10,1.0,162487,0.7936,0.4788,-0.3148,-0.3967,0.5632,1.1339,1.4287,0.7244,0.4832,0.1282,0.4512
openmrg,constant line,radar,<= 2 km of a link,10,1.0,162487,0.7936,0.4737,-0.3199,-0.4031,0.5624,1.1296,1.4234,0.7253,0.4792,0.1289,0.4474
openmrg,constant gmz,radar,<= 2 km of a link,10,1.0,162487,0.7936,0.484,-0.3096,-0.3901,0.5705,1.1605,1.4623,0.7126,0.4811,0.1345,0.4477
openmrg,pycomlink idw,radar,<= 2 km of a link,10,1.0,162487,0.7936,0.653,-0.1407,-0.1772,0.5561,1.1405,1.4371,0.7518,0.6011,0.1165,0.557
openmrg,pycomlink line,radar,<= 2 km of a link,10,1.0,162487,0.7936,0.6254,-0.1682,-0.2119,0.5462,1.1114,1.4004,0.7551,0.5919,0.1142,0.5499
openmrg,pycomlink gmz,radar,<= 2 km of a link,10,1.0,162487,0.7936,0.6308,-0.1628,-0.2051,0.5527,1.1392,1.4354,0.7472,0.5919,0.1159,0.5493
openmrg,nearby idw,radar,<= 2 km of a link,10,1.0,162487,0.7936,0.6387,-0.1549,-0.1952,0.5202,1.0766,1.3566,0.7503,0.6294,0.083,0.5955
openmrg,nearby line,radar,<= 2 km of a link,10,1.0,162487,0.7936,0.6117,-0.1819,-0.2292,0.5112,1.0593,1.3347,0.7532,0.6238,0.0814,0.5912
openmrg,nearby gmz,radar,<= 2 km of a link,10,1.0,162487,0.7936,0.6151,-0.1785,-0.2249,0.5204,1.1038,1.3908,0.7369,0.6199,0.0825,0.5872
openmrg,rnn idw,radar,<= 2 km of a link,10,1.0,162487,0.7936,0.9226,0.129,0.1625,0.5174,1.0411,1.3118,0.7633,0.8921,0.143,0.7765
openmrg,rnn line,radar,<= 2 km of a link,10,1.0,162487,0.7936,0.9267,0.1331,0.1678,0.5191,1.0434,1.3147,0.7634,0.8914,0.1455,0.774
openmrg,rnn gmz,radar,<= 2 km of a link,10,1.0,162487,0.7936,0.9319,0.1382,0.1742,0.5265,1.0664,1.3437,0.7572,0.8884,0.145,0.7721
openmrg,city,pws,<= 2 km of a link,10,0.2892,46986,0.678,0.875,0.197,0.2906,0.4268,1.0094,1.4889,0.7787,0.9049,0.1131,0.8113
openmrg,dynamic idw,pws,<= 2 km of a link,10,0.8261,134230,0.7075,1.5421,0.8346,1.1796,0.9626,1.9393,2.741,0.7641,0.9353,0.2636,0.7007
openmrg,dynamic line,pws,<= 2 km of a link,10,0.8261,134230,0.7075,1.4881,0.7806,1.1033,0.915,1.8217,2.5748,0.7655,0.9338,0.264,0.6995
openmrg,dynamic gmz,pws,<= 2 km of a link,10,0.8261,134230,0.7075,1.4902,0.7826,1.1062,0.9266,1.8671,2.639,0.7538,0.929,0.2699,0.6915
openmrg,constant idw,pws,<= 2 km of a link,10,0.8261,134230,0.7075,0.4739,-0.2336,-0.3302,0.4843,1.0108,1.4286,0.7381,0.506,0.1398,0.4675
openmrg,constant line,pws,<= 2 km of a link,10,0.8261,134230,0.7075,0.4682,-0.2393,-0.3383,0.4883,1.0177,1.4384,0.7318,0.5017,0.1422,0.4632
openmrg,constant gmz,pws,<= 2 km of a link,10,0.8261,134230,0.7075,0.4786,-0.2289,-0.3235,0.4968,1.0582,1.4956,0.7154,0.5043,0.1477,0.4638
openmrg,pycomlink idw,pws,<= 2 km of a link,10,0.8261,134230,0.7075,0.6458,-0.0617,-0.0873,0.51,1.1122,1.5719,0.7385,0.6264,0.125,0.575
openmrg,pycomlink line,pws,<= 2 km of a link,10,0.8261,134230,0.7075,0.618,-0.0895,-0.1265,0.5008,1.0863,1.5353,0.7362,0.6187,0.1226,0.5695
openmrg,pycomlink gmz,pws,<= 2 km of a link,10,0.8261,134230,0.7075,0.6243,-0.0832,-0.1175,0.5088,1.1218,1.5855,0.7258,0.6192,0.1245,0.569
openmrg,nearby idw,pws,<= 2 km of a link,10,0.8261,134230,0.7075,0.6359,-0.0716,-0.1012,0.4252,0.9498,1.3425,0.7782,0.6537,0.0868,0.6155
openmrg,nearby line,pws,<= 2 km of a link,10,0.8261,134230,0.7075,0.609,-0.0985,-0.1392,0.4204,0.9429,1.3326,0.7731,0.648,0.0867,0.6104
openmrg,nearby gmz,pws,<= 2 km of a link,10,0.8261,134230,0.7075,0.6132,-0.0943,-0.1333,0.4303,1.0031,1.4177,0.7518,0.6445,0.0875,0.607
openmrg,rnn idw,pws,<= 2 km of a link,10,0.8261,134230,0.7075,0.9058,0.1983,0.2803,0.4563,0.9379,1.3256,0.79,0.9001,0.1692,0.7607
openmrg,rnn line,pws,<= 2 km of a link,10,0.8261,134230,0.7075,0.9073,0.1998,0.2824,0.4577,0.9418,1.3311,0.7885,0.9003,0.1708,0.7595
openmrg,rnn gmz,pws,<= 2 km of a link,10,0.8261,134230,0.7075,0.9108,0.2033,0.2874,0.4642,0.9675,1.3674,0.7811,0.8968,0.1705,0.7572
openmrg,dynamic idw,city,<= 2 km of a link,10,0.3244,52716,0.8914,1.8732,0.9819,1.1016,1.1474,2.2159,2.486,0.7975,0.965,0.2949,0.6875
openmrg,dynamic line,city,<= 2 km of a link,10,0.3244,52716,0.8914,1.7537,0.8623,0.9674,1.0437,2.0152,2.2608,0.7972,0.9617,0.2888,0.6917
openmrg,dynamic gmz,city,<= 2 km of a link,10,0.3244,52716,0.8914,1.7512,0.8599,0.9647,1.0533,2.0622,2.3135,0.7847,0.9607,0.2976,0.6828
openmrg,constant idw,city,<= 2 km of a link,10,0.3244,52716,0.8914,0.5387,-0.3527,-0.3957,0.5661,1.1966,1.3425,0.7306,0.5635,0.1312,0.5193
openmrg,constant line,city,<= 2 km of a link,10,0.3244,52716,0.8914,0.5251,-0.3663,-0.4109,0.5676,1.2059,1.3529,0.7251,0.5576,0.1233,0.5171
openmrg,constant gmz,city,<= 2 km of a link,10,0.3244,52716,0.8914,0.5349,-0.3565,-0.3999,0.5778,1.2467,1.3987,0.7075,0.5631,0.1304,0.5193
openmrg,pycomlink idw,city,<= 2 km of a link,10,0.3244,52716,0.8914,0.7589,-0.1325,-0.1486,0.5586,1.2319,1.382,0.759,0.6686,0.0886,0.6278
openmrg,pycomlink line,city,<= 2 km of a link,10,0.3244,52716,0.8914,0.7194,-0.1719,-0.1929,0.5474,1.2081,1.3554,0.7544,0.6589,0.0837,0.6215
openmrg,pycomlink gmz,city,<= 2 km of a link,10,0.3244,52716,0.8914,0.7238,-0.1676,-0.188,0.5578,1.2518,1.4043,0.742,0.6631,0.0859,0.6242
openmrg,nearby idw,city,<= 2 km of a link,10,0.3244,52716,0.8914,0.7412,-0.1501,-0.1684,0.4433,1.0274,1.1526,0.8034,0.7186,0.0454,0.6949
openmrg,nearby line,city,<= 2 km of a link,10,0.3244,52716,0.8914,0.708,-0.1833,-0.2057,0.4465,1.0408,1.1676,0.7945,0.7122,0.0441,0.6896
openmrg,nearby gmz,city,<= 2 km of a link,10,0.3244,52716,0.8914,0.7118,-0.1795,-0.2014,0.4592,1.1264,1.2637,0.7665,0.7116,0.045,0.6886
openmrg,rnn idw,city,<= 2 km of a link,10,0.3244,52716,0.8914,0.9015,0.0101,0.0114,0.4084,0.897,1.0063,0.8374,0.9159,0.1087,0.8239
openmrg,rnn line,city,<= 2 km of a link,10,0.3244,52716,0.8914,0.9075,0.0161,0.0181,0.4117,0.9064,1.0168,0.8342,0.9167,0.1105,0.8229
openmrg,rnn gmz,city,<= 2 km of a link,10,0.3244,52716,0.8914,0.908,0.0167,0.0187,0.416,0.9205,1.0327,0.8292,0.9148,0.1108,0.8212
openmrg,pws,radar,all,10,0.6639,226335,0.7842,0.6869,-0.0972,-0.124,0.5292,1.2137,1.5478,0.6546,0.8028,0.1581,0.6976
openmrg,city,radar,all,10,0.1804,61502,0.8125,0.8996,0.0871,0.1071,0.5733,1.2985,1.5982,0.6793,0.851,0.1324,0.7532
openmrg,dynamic idw,radar,all,10,0.8301,283010,0.7925,1.4549,0.6624,0.8359,0.8842,1.7754,2.2404,0.7469,0.913,0.2325,0.7152
openmrg,dynamic line,radar,all,10,0.8831,301078,0.7892,1.4089,0.6197,0.7853,0.8534,1.682,2.1314,0.746,0.9105,0.237,0.7097
openmrg,dynamic gmz,radar,all,10,0.8831,301078,0.7892,1.4108,0.6217,0.7877,0.8632,1.7151,2.1733,0.7387,0.9021,0.24,0.7021
openmrg,constant idw,radar,all,10,0.8301,283010,0.7925,0.4724,-0.3201,-0.4039,0.5789,1.1865,1.4972,0.6986,0.4765,0.1316,0.4444
openmrg,constant line,radar,all,10,0.8831,301078,0.7892,0.4624,-0.3268,-0.4141,0.5814,1.19,1.5079,0.6908,0.4693,0.1357,0.4371
openmrg,constant gmz,radar,all,10,0.8831,301078,0.7892,0.4746,-0.3146,-0.3986,0.5888,1.2158,1.5405,0.6803,0.4705,0.1389,0.4373
openmrg,pycomlink idw,radar,all,10,0.8301,283010,0.7925,0.6334,-0.1591,-0.2008,0.5662,1.1791,1.4879,0.7283,0.5966,0.1197,0.5518
openmrg,pycomlink line,radar,all,10,0.8831,301078,0.7892,0.6029,-0.1863,-0.2361,0.5609,1.1602,1.4702,0.7242,0.5842,0.1211,0.5407
openmrg,pycomlink gmz,radar,all,10,0.8831,301078,0.7892,0.6096,-0.1796,-0.2276,0.5658,1.1823,1.4981,0.718,0.5833,0.1212,0.5399
openmrg,nearby idw,radar,all,10,0.8319,283630,0.7915,0.613,-0.1784,-0.2255,0.5362,1.1331,1.4317,0.7225,0.6138,0.0886,0.5792
openmrg,nearby line,radar,all,10,0.8846,301589,0.7883,0.5794,-0.2089,-0.265,0.5297,1.1197,1.4203,0.7199,0.6034,0.0902,0.5694
openmrg,nearby gmz,radar,all,10,0.8846,301589,0.7883,0.5823,-0.206,-0.2614,0.5381,1.1514,1.4606,0.7077,0.597,0.0904,0.5635
openmrg,rnn idw,radar,all,10,0.8353,284781,0.7916,0.9337,0.1421,0.1795,0.5559,1.1193,1.414,0.733,0.8832,0.1597,0.7562
openmrg,rnn line,radar,all,10,0.8896,303308,0.7887,0.938,0.1493,0.1893,0.5668,1.1373,1.442,0.7239,0.8806,0.1667,0.7487
openmrg,rnn gmz,radar,all,10,0.8896,303308,0.7887,0.9471,0.1584,0.2008,0.5759,1.166,1.4783,0.7172,0.8772,0.1661,0.7467
openmrg,city,pws,all,10,0.1569,53480,0.6819,0.8806,0.1987,0.2914,0.4418,1.0505,1.5406,0.7658,0.9025,0.1176,0.8056
openmrg,dynamic idw,pws,all,10,0.6135,209170,0.6936,1.4677,0.7741,1.1161,0.9262,1.8312,2.6403,0.7531,0.9201,0.2727,0.6841
openmrg,dynamic line,pws,all,10,0.6412,218592,0.6897,1.4209,0.7312,1.0602,0.8948,1.7421,2.5259,0.7462,0.9163,0.2769,0.6783
openmrg,dynamic gmz,pws,all,10,0.6412,218592,0.6897,1.4237,0.734,1.0642,0.905,1.7797,2.5804,0.7368,0.911,0.2797,0.6729
openmrg,constant idw,pws,all,10,0.6135,209170,0.6936,0.4639,-0.2297,-0.3312,0.4899,1.0352,1.4925,0.72,0.4977,0.1528,0.4567
openmrg,constant line,pws,all,10,0.6412,218592,0.6897,0.4577,-0.232,-0.3364,0.4982,1.054,1.5281,0.7036,0.4918,0.1606,0.4495
openmrg,constant gmz,pws,all,10,0.6412,218592,0.6897,0.4698,-0.2199,-0.3188,0.5068,1.0903,1.5809,0.6889,0.4933,0.1645,0.4497
openmrg,pycomlink idw,pws,all,10,0.6135,209170,0.6936,0.6223,-0.0712,-0.1027,0.5086,1.1113,1.6023,0.7246,0.6188,0.1382,0.563
openmrg,pycomlink line,pws,all,10,0.6412,218592,0.6897,0.5928,-0.0969,-0.1405,0.505,1.1002,1.5951,0.7137,0.608,0.1399,0.5532
openmrg,pycomlink gmz,pws,all,10,0.6412,218592,0.6897,0.6,-0.0897,-0.13,0.5129,1.1314,1.6404,0.7042,0.6073,0.1408,0.5523
openmrg,nearby idw,pws,all,10,0.6151,209713,0.6922,0.6076,-0.0846,-0.1222,0.4324,0.979,1.4144,0.7569,0.6353,0.0996,0.5936
openmrg,nearby line,pws,all,10,0.6426,219077,0.6885,0.5774,-0.1111,-0.1614,0.4313,0.9772,1.4193,0.7465,0.6252,0.1037,0.583
openmrg,nearby gmz,pws,all,10,0.6426,219077,0.6885,0.5812,-0.1073,-0.1558,0.4396,1.024,1.4873,0.729,0.6204,0.1023,0.5794
openmrg,rnn idw,pws,all,10,0.6157,209909,0.6921,0.9119,0.2197,0.3175,0.4918,1.0078,1.4561,0.7612,0.8893,0.1903,0.7356
openmrg,rnn line,pws,all,10,0.6426,219077,0.6885,0.9154,0.2268,0.3295,0.5037,1.034,1.5017,0.7485,0.8856,0.1974,0.7272
openmrg,rnn gmz,pws,all,10,0.6426,219077,0.6885,0.9221,0.2336,0.3393,0.5119,1.0685,1.5518,0.7393,0.8821,0.1971,0.725
openmrg,dynamic idw,city,all,10,0.1804,61502,0.8996,1.836,0.9364,1.041,1.114,2.1447,2.3841,0.7937,0.9648,0.2969,0.6855
openmrg,dynamic line,city,all,10,0.1804,61502,0.8996,1.7233,0.8237,0.9156,1.0172,1.9546,2.1728,0.7934,0.962,0.2933,0.6875
openmrg,dynamic gmz,city,all,10,0.1804,61502,0.8996,1.7211,0.8216,0.9133,1.0254,1.9961,2.2189,0.7825,0.9613,0.302,0.6789
openmrg,constant idw,city,all,10,0.1804,61502,0.8996,0.5399,-0.3597,-0.3999,0.5685,1.2093,1.3443,0.7324,0.5656,0.1331,0.5204
openmrg,constant line,city,all,10,0.1804,61502,0.8996,0.5261,-0.3735,-0.4152,0.5701,1.219,1.3551,0.7269,0.5612,0.1259,0.5192
openmrg,constant gmz,city,all,10,0.1804,61502,0.8996,0.5354,-0.3642,-0.4049,0.579,1.2533,1.3932,0.7115,0.5664,0.1322,0.5214
openmrg,pycomlink idw,city,all,10,0.1804,61502,0.8996,0.7541,-0.1455,-0.1618,0.5584,1.2324,1.3699,0.7579,0.6714,0.094,0.6277
openmrg,pycomlink line,city,all,10,0.1804,61502,0.8996,0.7152,-0.1844,-0.205,0.5481,1.2122,1.3475,0.7532,0.6628,0.0895,0.6223
openmrg,pycomlink gmz,city,all,10,0.1804,61502,0.8996,0.7196,-0.18,-0.2001,0.5571,1.2492,1.3886,0.7425,0.6673,0.0916,0.6252
openmrg,nearby idw,city,all,10,0.1804,61502,0.8996,0.7353,-0.1643,-0.1826,0.4493,1.0451,1.1618,0.8,0.7192,0.05,0.6929
openmrg,nearby line,city,all,10,0.1804,61502,0.8996,0.7024,-0.1972,-0.2192,0.4529,1.0592,1.1774,0.7915,0.7135,0.0492,0.6881
openmrg,nearby gmz,city,all,10,0.1804,61502,0.8996,0.706,-0.1936,-0.2152,0.4638,1.1314,1.2577,0.7669,0.7132,0.0499,0.6875
openmrg,rnn idw,city,all,10,0.1804,61502,0.8996,0.9058,0.0063,0.007,0.4194,0.9225,1.0254,0.8336,0.9169,0.1125,0.8214
openmrg,rnn line,city,all,10,0.1804,61502,0.8996,0.9124,0.0128,0.0142,0.4231,0.932,1.0361,0.8302,0.918,0.1142,0.8209
openmrg,rnn gmz,city,all,10,0.1804,61502,0.8996,0.9127,0.0131,0.0146,0.4263,0.9427,1.0479,0.8264,0.9163,0.1145,0.8192
openrainer,gauges,radar,<= 2 km of a link,10,1.0,401453,1.104,0.7473,-0.3567,-0.3231,0.6573,1.752,1.5869,0.735,0.8265,0.1361,0.7312
openrainer,dynamic idw,radar,<= 2 km of a link,10,1.0,401453,1.104,1.0968,-0.0072,-0.0065,0.9289,2.7722,2.511,0.5537,0.8121,0.2929,0.6076
openrainer,dynamic line,radar,<= 2 km of a link,10,1.0,401453,1.104,0.9967,-0.1073,-0.0972,0.8694,2.3806,2.1563,0.5856,0.8211,0.2936,0.6121
openrainer,dynamic gmz,radar,<= 2 km of a link,10,1.0,401453,1.104,1.0239,-0.0802,-0.0726,0.9087,2.6008,2.3557,0.5552,0.8017,0.2967,0.5991
openrainer,constant idw,radar,<= 2 km of a link,10,1.0,401453,1.104,0.5354,-0.5686,-0.515,0.9188,2.6195,2.3727,0.4888,0.4327,0.0997,0.4129
openrainer,constant line,radar,<= 2 km of a link,10,1.0,401453,1.104,0.5325,-0.5715,-0.5177,0.89,2.4183,2.1905,0.5184,0.4624,0.1028,0.4391
openrainer,constant gmz,radar,<= 2 km of a link,10,1.0,401453,1.104,0.5567,-0.5474,-0.4958,0.9123,2.5856,2.342,0.4901,0.4524,0.1032,0.43
openrainer,pycomlink idw,radar,<= 2 km of a link,10,1.0,401453,1.104,0.5604,-0.5436,-0.4924,0.8688,2.5825,2.3392,0.5139,0.5028,0.0998,0.4763
openrainer,pycomlink line,radar,<= 2 km of a link,10,1.0,401453,1.104,0.5239,-0.5801,-0.5255,0.849,2.3477,2.1265,0.5448,0.5025,0.1005,0.4758
openrainer,pycomlink gmz,radar,<= 2 km of a link,10,1.0,401453,1.104,0.5431,-0.561,-0.5081,0.8665,2.5042,2.2682,0.5164,0.4951,0.1019,0.4688
openrainer,nearby idw,radar,<= 2 km of a link,10,0.6818,273702,1.1273,0.5054,-0.622,-0.5517,0.8609,2.1783,1.9322,0.5856,0.4832,0.0651,0.4674
openrainer,nearby line,radar,<= 2 km of a link,10,0.721,289440,1.1206,0.4876,-0.633,-0.5649,0.8596,2.2043,1.9671,0.5671,0.4895,0.0717,0.4717
openrainer,nearby gmz,radar,<= 2 km of a link,10,0.721,289440,1.1206,0.4927,-0.6279,-0.5603,0.8688,2.2735,2.0289,0.5436,0.4802,0.069,0.4637
openrainer,rnn idw,radar,<= 2 km of a link,10,1.0,401453,1.104,0.9901,-0.1139,-0.1032,0.7307,1.7315,1.5684,0.74,0.8044,0.2069,0.6649
openrainer,rnn line,radar,<= 2 km of a link,10,1.0,401453,1.104,1.0257,-0.0783,-0.0709,0.7417,1.7493,1.5845,0.7369,0.8081,0.2114,0.6642
openrainer,rnn gmz,radar,<= 2 km of a link,10,1.0,401453,1.104,1.0334,-0.0707,-0.064,0.7489,1.7686,1.602,0.7356,0.8,0.2081,0.661
openrainer,dynamic idw,gauges,<= 2 km of a link,10,1.0,401453,0.7473,1.0968,0.3495,0.4677,0.6931,2.4971,3.3416,0.6367,0.8532,0.2893,0.6333
openrainer,dynamic line,gauges,<= 2 km of a link,10,1.0,401453,0.7473,0.9967,0.2495,0.3338,0.6157,2.0064,2.6849,0.675,0.8605,0.2918,0.6353
openrainer,dynamic gmz,gauges,<= 2 km of a link,10,1.0,401453,0.7473,1.0239,0.2766,0.3701,0.6672,2.2899,3.0644,0.6334,0.8393,0.2955,0.6208
openrainer,constant idw,gauges,<= 2 km of a link,10,1.0,401453,0.7473,0.5354,-0.2118,-0.2835,0.5537,2.0734,2.7746,0.6054,0.462,0.0803,0.4441
openrainer,constant line,gauges,<= 2 km of a link,10,1.0,401453,0.7473,0.5325,-0.2148,-0.2874,0.5243,1.815,2.4288,0.6393,0.4939,0.0831,0.4727
openrainer,constant gmz,gauges,<= 2 km of a link,10,1.0,401453,0.7473,0.5567,-0.1906,-0.2551,0.5553,2.055,2.75,0.5978,0.4828,0.0844,0.4623
openrainer,pycomlink idw,gauges,<= 2 km of a link,10,1.0,401453,0.7473,0.5604,-0.1869,-0.2501,0.5251,2.0771,2.7795,0.6195,0.5307,0.0911,0.5039
openrainer,pycomlink line,gauges,<= 2 km of a link,10,1.0,401453,0.7473,0.5239,-0.2234,-0.2989,0.504,1.759,2.3539,0.6563,0.5285,0.0949,0.5008
openrainer,pycomlink gmz,gauges,<= 2 km of a link,10,1.0,401453,0.7473,0.5431,-0.2042,-0.2733,0.5292,1.9887,2.6613,0.6147,0.5211,0.0955,0.4939
openrainer,nearby idw,gauges,<= 2 km of a link,10,0.6818,273702,0.7503,0.5054,-0.245,-0.3265,0.4643,1.3793,1.8382,0.7382,0.5188,0.0307,0.5104
openrainer,nearby line,gauges,<= 2 km of a link,10,0.721,289440,0.7477,0.4876,-0.2601,-0.3479,0.4643,1.4076,1.8825,0.7142,0.5246,0.0358,0.5146
openrainer,nearby gmz,gauges,<= 2 km of a link,10,0.721,289440,0.7477,0.4927,-0.2551,-0.3411,0.479,1.5261,2.0409,0.6811,0.514,0.034,0.5049
openrainer,rnn idw,gauges,<= 2 km of a link,10,1.0,401453,0.7473,0.9901,0.2428,0.325,0.5361,1.3436,1.798,0.8029,0.86,0.1887,0.7166
openrainer,rnn line,gauges,<= 2 km of a link,10,1.0,401453,0.7473,1.0257,0.2784,0.3726,0.5626,1.3973,1.8699,0.7953,0.8643,0.1931,0.7162
openrainer,rnn gmz,gauges,<= 2 km of a link,10,1.0,401453,0.7473,1.0334,0.2861,0.3828,0.5763,1.4553,1.9474,0.7878,0.8555,0.1898,0.7126
openrainer,gauges,radar,all,10,0.6544,2984869,1.0661,0.7188,-0.3473,-0.3258,0.6487,1.7887,1.6778,0.7135,0.8017,0.1283,0.7171
openrainer,dynamic idw,radar,all,10,0.376,1714930,1.0692,1.2342,0.1649,0.1543,1.0843,3.2262,3.0173,0.4964,0.788,0.3283,0.5688
openrainer,dynamic line,radar,all,10,0.4401,2007255,1.0675,1.1058,0.0383,0.0359,0.9931,2.7325,2.5598,0.5171,0.8082,0.3471,0.5653
openrainer,dynamic gmz,radar,all,10,0.4401,2007255,1.0675,1.1414,0.0739,0.0693,1.0385,2.958,2.771,0.4925,0.7899,0.3484,0.5553
openrainer,constant idw,radar,all,10,0.376,1714930,1.0692,0.5241,-0.5451,-0.5098,0.9481,2.7922,2.6114,0.439,0.3853,0.1169,0.3666
openrainer,constant line,radar,all,10,0.4401,2007255,1.0675,0.5181,-0.5493,-0.5146,0.9092,2.539,2.3785,0.4667,0.4284,0.1254,0.4036
openrainer,constant gmz,radar,all,10,0.4401,2007255,1.0675,0.5413,-0.5262,-0.4929,0.9304,2.695,2.5246,0.4445,0.4184,0.1269,0.3944
openrainer,pycomlink idw,radar,all,10,0.376,1714930,1.0692,0.5723,-0.4969,-0.4647,0.8927,2.7699,2.5905,0.4704,0.4811,0.113,0.4533
openrainer,pycomlink line,radar,all,10,0.4401,2007255,1.0675,0.53,-0.5375,-0.5035,0.8671,2.4933,2.3357,0.4914,0.4901,0.1191,0.4597
openrainer,pycomlink gmz,radar,all,10,0.4401,2007255,1.0675,0.5487,-0.5187,-0.4859,0.8829,2.6331,2.4666,0.4715,0.4826,0.1202,0.4527
openrainer,nearby idw,radar,all,10,0.1899,866164,1.1199,0.5354,-0.5845,-0.5219,0.8987,2.3784,2.1238,0.5185,0.4748,0.0821,0.4554
openrainer,nearby line,radar,all,10,0.2318,1057166,1.1154,0.5102,-0.6052,-0.5426,0.8953,2.3822,2.1358,0.498,0.4847,0.094,0.4615
openrainer,nearby gmz,radar,all,10,0.2318,1057166,1.1154,0.5158,-0.5995,-0.5375,0.9065,2.4825,2.2257,0.4721,0.4737,0.0909,0.4523
openrainer,rnn idw,radar,all,10,0.3791,1729264,1.0724,0.9119,-0.1606,-0.1497,0.7685,1.8646,1.7386,0.6817,0.754,0.2197,0.622
openrainer,rnn line,radar,all,10,0.4436,2023289,1.0697,0.9327,-0.137,-0.1281,0.7853,1.9035,1.7795,0.6687,0.7518,0.2292,0.6145
openrainer,rnn gmz,radar,all,10,0.4436,2023289,1.0697,0.9382,-0.1314,-0.1229,0.7916,1.9223,1.7971,0.6669,0.7455,0.2271,0.6116
openrainer,dynamic idw,gauges,all,10,0.3577,1631659,0.7347,1.2344,0.4997,0.6801,0.8687,2.9822,4.059,0.5964,0.8322,0.3204,0.5977
openrainer,dynamic line,gauges,all,10,0.4118,1878277,0.7349,1.1033,0.3684,0.5013,0.7627,2.3943,3.2579,0.6256,0.8504,0.3424,0.5895
openrainer,dynamic gmz,gauges,all,10,0.4118,1878277,0.7349,1.1395,0.4046,0.5505,0.814,2.663,3.6234,0.5935,0.8316,0.3434,0.5796
openrainer,constant idw,gauges,all,10,0.3577,1631659,0.7347,0.5288,-0.2059,-0.2803,0.6072,2.2841,3.1088,0.5741,0.4171,0.0992,0.3987
openrainer,constant line,gauges,all,10,0.4118,1878277,0.7349,0.5228,-0.2122,-0.2887,0.5709,1.9727,2.6843,0.6083,0.4668,0.1078,0.4419
openrainer,constant gmz,gauges,all,10,0.4118,1878277,0.7349,0.5465,-0.1884,-0.2563,0.5976,2.1875,2.9765,0.574,0.4558,0.1097,0.4315
openrainer,pycomlink idw,gauges,all,10,0.3577,1631659,0.7347,0.5781,-0.1566,-0.2131,0.5696,2.2877,3.1137,0.6012,0.5178,0.1033,0.4887
openrainer,pycomlink line,gauges,all,10,0.4118,1878277,0.7349,0.5358,-0.1991,-0.2709,0.5437,1.9289,2.6246,0.632,0.5302,0.1117,0.4971
openrainer,pycomlink gmz,gauges,all,10,0.4118,1878277,0.7349,0.5554,-0.1796,-0.2443,0.5638,2.1236,2.8895,0.6011,0.5231,0.1117,0.4908
openrainer,nearby idw,gauges,all,10,0.1868,852180,0.75,0.5348,-0.2152,-0.2869,0.5064,1.6118,2.1489,0.6881,0.516,0.0458,0.5036
openrainer,nearby line,gauges,all,10,0.2264,1032500,0.7502,0.5094,-0.2408,-0.321,0.5063,1.6294,2.172,0.6584,0.5256,0.0553,0.51
openrainer,nearby gmz,gauges,all,10,0.2264,1032500,0.7502,0.5146,-0.2356,-0.314,0.5204,1.7737,2.3644,0.6236,0.5136,0.0529,0.4993
openrainer,rnn idw,gauges,all,10,0.3607,1645196,0.7373,0.9225,0.1852,0.2512,0.5583,1.4808,2.0084,0.751,0.8214,0.2067,0.6766
openrainer,rnn line,gauges,all,10,0.415,1893160,0.7365,0.9462,0.2098,0.2848,0.5871,1.5445,2.0973,0.7345,0.822,0.2182,0.6686
openrainer,rnn gmz,gauges,all,10,0.415,1893160,0.7365,0.9515,0.215,0.292,0.5969,1.5866,2.1543,0.7281,0.8152,0.216,0.6657
openmesh,pws,radar,<= 2 km of a link,10,1.0,25899,2.5182,2.5442,0.026,0.0103,0.627,1.4455,0.574,0.8935,0.9605,0.0675,0.8981
openmesh,dynamic idw,radar,<= 2 km of a link,9,1.0,25557,2.526,3.8846,1.3586,0.5378,2.1552,3.2122,1.2717,0.5977,0.9973,0.1805,0.8177
openmesh,dynamic line,radar,<= 2 km of a link,9,1.0,25557,2.526,3.6712,1.1452,0.4534,2.0235,3.0427,1.2046,0.6017,0.9972,0.178,0.8201
openmesh,dynamic gmz,radar,<= 2 km of a link,9,1.0,25557,2.526,3.7416,1.2156,0.4812,2.1596,3.2359,1.281,0.5778,0.9948,0.1778,0.8187
openmesh,constant idw,radar,<= 2 km of a link,9,1.0,25557,2.526,1.6053,-0.9207,-0.3645,1.7929,2.7218,1.0775,0.5903,0.779,0.0756,0.7323
openmesh,constant line,radar,<= 2 km of a link,9,1.0,25557,2.526,1.6242,-0.9018,-0.357,1.7608,2.6965,1.0675,0.5923,0.7905,0.0744,0.7433
openmesh,constant gmz,radar,<= 2 km of a link,9,1.0,25557,2.526,1.6753,-0.8507,-0.3368,1.7599,2.7142,1.0745,0.5913,0.7971,0.0792,0.746
openmesh,pycomlink idw,radar,<= 2 km of a link,9,1.0,25557,2.526,1.2377,-1.2883,-0.51,1.6337,2.5176,0.9967,0.6539,0.7207,0.0511,0.6938
openmesh,pycomlink line,radar,<= 2 km of a link,9,1.0,25557,2.526,1.2213,-1.3047,-0.5165,1.6382,2.5287,1.0011,0.6507,0.721,0.0489,0.6952
openmesh,pycomlink gmz,radar,<= 2 km of a link,9,1.0,25557,2.526,1.2523,-1.2737,-0.5042,1.6355,2.5402,1.0056,0.6431,0.7229,0.0516,0.6955
openmesh,nearby idw,radar,<= 2 km of a link,9,0.9246,23630,2.5099,1.4994,-1.0105,-0.4026,1.5002,2.4675,0.9831,0.6272,0.8638,0.072,0.8096
openmesh,nearby line,radar,<= 2 km of a link,9,0.9254,23651,2.509,1.4696,-1.0394,-0.4143,1.4876,2.4464,0.975,0.6372,0.8632,0.0689,0.8114
openmesh,nearby gmz,radar,<= 2 km of a link,9,0.9254,23651,2.509,1.5156,-0.9935,-0.396,1.5045,2.4873,0.9914,0.6181,0.863,0.0718,0.809
openmesh,rnn idw,radar,<= 2 km of a link,9,1.0,25557,2.526,2.2601,-0.2659,-0.1053,0.9793,1.6569,0.656,0.8197,0.9404,0.0689,0.8792
openmesh,rnn line,radar,<= 2 km of a link,9,1.0,25557,2.526,2.2943,-0.2317,-0.0917,0.9994,1.675,0.6631,0.8129,0.9437,0.0683,0.8826
openmesh,rnn gmz,radar,<= 2 km of a link,9,1.0,25557,2.526,2.2944,-0.2316,-0.0917,1.0204,1.7125,0.6779,0.8016,0.943,0.0691,0.8813
openmesh,dynamic idw,pws,<= 2 km of a link,9,1.0,25557,2.554,3.8846,1.3306,0.521,2.2788,3.4209,1.3395,0.5655,0.9956,0.1576,0.8393
openmesh,dynamic line,pws,<= 2 km of a link,9,1.0,25557,2.554,3.6712,1.1172,0.4374,2.1328,3.2559,1.2748,0.573,0.9947,0.1556,0.8406
openmesh,dynamic gmz,pws,<= 2 km of a link,9,1.0,25557,2.554,3.7416,1.1876,0.465,2.2578,3.4271,1.3419,0.5528,0.9921,0.1556,0.8388
openmesh,constant idw,pws,<= 2 km of a link,9,1.0,25557,2.554,1.6053,-0.9487,-0.3715,1.8475,3.158,1.2365,0.5112,0.765,0.0651,0.7263
openmesh,constant line,pws,<= 2 km of a link,9,1.0,25557,2.554,1.6242,-0.9298,-0.3641,1.8101,3.1353,1.2276,0.5131,0.7793,0.0603,0.7422
openmesh,constant gmz,pws,<= 2 km of a link,9,1.0,25557,2.554,1.6753,-0.8787,-0.344,1.811,3.1494,1.2331,0.5127,0.7854,0.0657,0.7443
openmesh,pycomlink idw,pws,<= 2 km of a link,9,1.0,25557,2.554,1.2377,-1.3163,-0.5154,1.6461,2.8275,1.1071,0.6315,0.7123,0.0342,0.6948
openmesh,pycomlink line,pws,<= 2 km of a link,9,1.0,25557,2.554,1.2213,-1.3327,-0.5218,1.6465,2.8311,1.1085,0.6326,0.7136,0.0306,0.6979
openmesh,pycomlink gmz,pws,<= 2 km of a link,9,1.0,25557,2.554,1.2523,-1.3017,-0.5097,1.6422,2.8363,1.1105,0.6258,0.715,0.034,0.6974
openmesh,nearby idw,pws,<= 2 km of a link,9,0.9246,23630,2.5571,1.4994,-1.0577,-0.4136,1.5082,2.7921,1.0919,0.6177,0.8482,0.0587,0.8056
openmesh,nearby line,pws,<= 2 km of a link,9,0.9254,23651,2.5567,1.4696,-1.0871,-0.4252,1.4945,2.7738,1.0849,0.6288,0.8475,0.0558,0.8071
openmesh,nearby gmz,pws,<= 2 km of a link,9,0.9254,23651,2.5567,1.5156,-1.0411,-0.4072,1.5084,2.7964,1.0938,0.6139,0.8466,0.0596,0.8035
openmesh,rnn idw,pws,<= 2 km of a link,9,1.0,25557,2.554,2.2601,-0.2939,-0.1151,1.1702,2.2284,0.8725,0.7329,0.9303,0.0515,0.8855
openmesh,rnn line,pws,<= 2 km of a link,9,1.0,25557,2.554,2.2943,-0.2597,-0.1017,1.1925,2.2455,0.8792,0.7255,0.9324,0.052,0.8871
openmesh,rnn gmz,pws,<= 2 km of a link,9,1.0,25557,2.554,2.2944,-0.2596,-0.1016,1.2136,2.2752,0.8908,0.715,0.9316,0.053,0.8854
openmesh,pws,radar,all,10,1.0,89540,2.5026,2.4807,-0.0219,-0.0087,0.7505,1.5431,0.6166,0.8732,0.9635,0.078,0.8909
openmesh,dynamic idw,radar,all,9,1.0,80724,2.5468,4.1118,1.565,0.6145,2.3346,3.2421,1.273,0.603,0.9941,0.1776,0.8184
openmesh,dynamic line,radar,all,9,1.0,80724,2.5468,3.961,1.4142,0.5553,2.2402,3.1319,1.2297,0.6033,0.9955,0.1762,0.8207
openmesh,dynamic gmz,radar,all,9,1.0,80724,2.5468,4.0073,1.4605,0.5735,2.3436,3.2623,1.2809,0.5836,0.9929,0.1768,0.8184
openmesh,constant idw,radar,all,9,1.0,80724,2.5468,2.0668,-0.48,-0.1885,1.827,2.7894,1.0953,0.5974,0.811,0.0918,0.7496
openmesh,constant line,radar,all,9,1.0,80724,2.5468,2.0761,-0.4707,-0.1848,1.8095,2.7726,1.0887,0.5984,0.8224,0.0917,0.7594
openmesh,constant gmz,radar,all,9,1.0,80724,2.5468,2.1119,-0.4349,-0.1708,1.8021,2.7797,1.0915,0.5996,0.8282,0.0958,0.7614
openmesh,pycomlink idw,radar,all,9,1.0,80724,2.5468,1.3969,-1.1499,-0.4515,1.6227,2.5112,0.986,0.6427,0.7411,0.0556,0.71
openmesh,pycomlink line,radar,all,9,1.0,80724,2.5468,1.3808,-1.166,-0.4578,1.6318,2.5227,0.9905,0.639,0.7439,0.0538,0.7137
openmesh,pycomlink gmz,radar,all,9,1.0,80724,2.5468,1.3983,-1.1485,-0.451,1.6286,2.53,0.9934,0.6352,0.7456,0.0569,0.7135
openmesh,nearby idw,radar,all,9,0.9149,73856,2.5753,1.6283,-0.9471,-0.3677,1.6446,2.6755,1.0389,0.5609,0.8775,0.0771,0.8176
openmesh,nearby line,radar,all,9,0.9174,74053,2.5722,1.5949,-0.9773,-0.38,1.6393,2.664,1.0357,0.5644,0.8782,0.0761,0.8189
openmesh,nearby gmz,radar,all,9,0.9174,74053,2.5722,1.6265,-0.9457,-0.3677,1.644,2.6759,1.0403,0.5589,0.8786,0.0787,0.8173
openmesh,rnn idw,radar,all,9,1.0,80724,2.5468,2.2363,-0.3105,-0.1219,1.0245,1.7217,0.676,0.8116,0.9421,0.0782,0.8724
openmesh,rnn line,radar,all,9,1.0,80724,2.5468,2.2598,-0.287,-0.1127,1.0352,1.7296,0.6791,0.8079,0.9437,0.0786,0.8734
openmesh,rnn gmz,radar,all,9,1.0,80724,2.5468,2.2571,-0.2897,-0.1138,1.0447,1.7455,0.6854,0.8031,0.9437,0.0794,0.8727
openmesh,dynamic idw,pws,all,9,1.0,80724,2.5227,4.1118,1.5891,0.6299,2.4749,3.4646,1.3734,0.565,0.9897,0.1415,0.8508
openmesh,dynamic line,pws,all,9,1.0,80724,2.5227,3.961,1.4383,0.5701,2.3719,3.3576,1.3309,0.5667,0.9912,0.14,0.8535
openmesh,dynamic gmz,pws,all,9,1.0,80724,2.5227,4.0073,1.4846,0.5885,2.4697,3.476,1.3779,0.5495,0.988,0.1412,0.85
openmesh,constant idw,pws,all,9,1.0,80724,2.5227,2.0668,-0.4559,-0.1807,1.892,3.2138,1.2739,0.5047,0.7901,0.0723,0.7443
openmesh,constant line,pws,all,9,1.0,80724,2.5227,2.0761,-0.4466,-0.177,1.8694,3.1992,1.2682,0.5054,0.8033,0.0698,0.7577
openmesh,constant gmz,pws,all,9,1.0,80724,2.5227,2.1119,-0.4108,-0.1628,1.8689,3.2089,1.272,0.5058,0.8092,0.0738,0.7602
openmesh,pycomlink idw,pws,all,9,1.0,80724,2.5227,1.3969,-1.1258,-0.4463,1.5799,2.7316,1.0828,0.6256,0.7173,0.0416,0.6957
openmesh,pycomlink line,pws,all,9,1.0,80724,2.5227,1.3808,-1.1419,-0.4527,1.5873,2.7388,1.0857,0.6242,0.7209,0.0386,0.7006
openmesh,pycomlink gmz,pws,all,9,1.0,80724,2.5227,1.3983,-1.1244,-0.4457,1.5858,2.7442,1.0878,0.6206,0.7222,0.0422,0.6999
openmesh,nearby idw,pws,all,9,0.9149,73856,2.5424,1.6283,-0.9141,-0.3596,1.5791,2.8724,1.1298,0.5627,0.8505,0.0598,0.8069
openmesh,nearby line,pws,all,9,0.9174,74053,2.5394,1.5949,-0.9445,-0.3719,1.5746,2.8665,1.1288,0.5652,0.8513,0.0584,0.8087
openmesh,nearby gmz,pws,all,9,0.9174,74053,2.5394,1.6265,-0.9129,-0.3595,1.58,2.8705,1.1304,0.5621,0.8511,0.0617,0.8059
openmesh,rnn idw,pws,all,9,1.0,80724,2.5227,2.2363,-0.2864,-0.1135,1.2125,2.2465,0.8905,0.7147,0.9248,0.0512,0.8809
openmesh,rnn line,pws,all,9,1.0,80724,2.5227,2.2598,-0.2629,-0.1042,1.2253,2.2549,0.8938,0.7106,0.926,0.0521,0.8811
openmesh,rnn gmz,pws,all,9,1.0,80724,2.5227,2.2571,-0.2656,-0.1053,1.2358,2.2696,0.8997,0.7054,0.9267,0.0523,0.8816
