network,check,estimate,subset,events,coverage,n,mean_ref,mean_est,bias,rel_bias,mae,rmse,nrmse,corr,pod,far,csi
openmrg,city,city (leave-one-out),all gauges,25,1.0,3270,0.6374,0.6066,-0.0308,-0.0483,0.2573,0.7446,1.1682,0.8446,0.8491,0.1,0.7759
openmrg,city,city (leave-one-out),gauges <= 5 km of a link,25,1.0,3270,0.6374,0.6066,-0.0308,-0.0483,0.2573,0.7446,1.1682,0.8446,0.8491,0.1,0.7759
openmrg,city,radar,all gauges,25,1.0,3270,0.6374,0.6383,0.0009,0.0014,0.4389,1.0396,1.631,0.6915,0.8679,0.2177,0.6991
openmrg,city,radar,gauges <= 5 km of a link,25,1.0,3270,0.6374,0.6383,0.0009,0.0014,0.4389,1.0396,1.631,0.6915,0.8679,0.2177,0.6991
openmrg,city,pws,all gauges,25,1.0,3270,0.6374,0.5027,-0.1347,-0.2113,0.28,0.7704,1.2087,0.8456,0.8314,0.0945,0.765
openmrg,city,pws,gauges <= 5 km of a link,25,1.0,3270,0.6374,0.5027,-0.1347,-0.2113,0.28,0.7704,1.2087,0.8456,0.8314,0.0945,0.765
openmrg,city,dynamic idw,all gauges,25,1.0,3270,0.6374,1.7285,1.0911,1.7118,1.1574,2.4847,3.8982,0.8332,0.927,0.3217,0.6439
openmrg,city,dynamic idw,gauges <= 5 km of a link,25,1.0,3270,0.6374,1.7285,1.0911,1.7118,1.1574,2.4847,3.8982,0.8332,0.927,0.3217,0.6439
openmrg,city,dynamic line,all gauges,25,1.0,3270,0.6374,1.5552,0.9178,1.4399,0.9902,2.1684,3.4019,0.8394,0.9214,0.2912,0.6683
openmrg,city,dynamic line,gauges <= 5 km of a link,25,1.0,3270,0.6374,1.5552,0.9178,1.4399,0.9902,2.1684,3.4019,0.8394,0.9214,0.2912,0.6683
openmrg,city,dynamic gmz,all gauges,25,1.0,3270,0.6374,1.538,0.9006,1.413,0.9757,2.1778,3.4167,0.8328,0.9208,0.3039,0.6568
openmrg,city,dynamic gmz,gauges <= 5 km of a link,25,1.0,3270,0.6374,1.538,0.9006,1.413,0.9757,2.1778,3.4167,0.8328,0.9208,0.3039,0.6568
openmrg,city,constant idw,all gauges,25,1.0,3270,0.6374,0.3344,-0.303,-0.4754,0.4093,0.9116,1.4301,0.7873,0.4176,0.1487,0.3892
openmrg,city,constant idw,gauges <= 5 km of a link,25,1.0,3270,0.6374,0.3344,-0.303,-0.4754,0.4093,0.9116,1.4301,0.7873,0.4176,0.1487,0.3892
openmrg,city,constant line,all gauges,25,1.0,3270,0.6374,0.3216,-0.3158,-0.4954,0.4041,0.8978,1.4086,0.7964,0.3962,0.1089,0.3779
openmrg,city,constant line,gauges <= 5 km of a link,25,1.0,3270,0.6374,0.3216,-0.3158,-0.4954,0.4041,0.8978,1.4086,0.7964,0.3962,0.1089,0.3779
openmrg,city,constant gmz,all gauges,25,1.0,3270,0.6374,0.3232,-0.3142,-0.493,0.4078,0.9036,1.4177,0.7934,0.3994,0.1217,0.3784
openmrg,city,constant gmz,gauges <= 5 km of a link,25,1.0,3270,0.6374,0.3232,-0.3142,-0.493,0.4078,0.9036,1.4177,0.7934,0.3994,0.1217,0.3784
openmrg,city,pycomlink idw,all gauges,25,1.0,3270,0.6374,0.7012,0.0638,0.1,0.4008,0.9871,1.5486,0.84,0.6648,0.0997,0.6192
openmrg,city,pycomlink idw,gauges <= 5 km of a link,25,1.0,3270,0.6374,0.7012,0.0638,0.1,0.4008,0.9871,1.5486,0.84,0.6648,0.0997,0.6192
openmrg,city,pycomlink line,all gauges,25,1.0,3270,0.6374,0.6562,0.0188,0.0295,0.3712,0.9133,1.4329,0.844,0.6648,0.0872,0.6251
openmrg,city,pycomlink line,gauges <= 5 km of a link,25,1.0,3270,0.6374,0.6562,0.0188,0.0295,0.3712,0.9133,1.4329,0.844,0.6648,0.0872,0.6251
openmrg,city,pycomlink gmz,all gauges,25,1.0,3270,0.6374,0.6519,0.0145,0.0228,0.3725,0.9211,1.4451,0.843,0.6642,0.0889,0.6237
openmrg,city,pycomlink gmz,gauges <= 5 km of a link,25,1.0,3270,0.6374,0.6519,0.0145,0.0228,0.3725,0.9211,1.4451,0.843,0.6642,0.0889,0.6237
openmrg,city,nearby idw,all gauges,25,1.0,3270,0.6374,0.6204,-0.017,-0.0267,0.316,0.7948,1.2469,0.8624,0.6245,0.0461,0.6062
openmrg,city,nearby idw,gauges <= 5 km of a link,25,1.0,3270,0.6374,0.6204,-0.017,-0.0267,0.316,0.7948,1.2469,0.8624,0.6245,0.0461,0.6062
openmrg,city,nearby line,all gauges,25,1.0,3270,0.6374,0.5827,-0.0547,-0.0859,0.3005,0.7476,1.1729,0.8673,0.6101,0.0424,0.594
openmrg,city,nearby line,gauges <= 5 km of a link,25,1.0,3270,0.6374,0.5827,-0.0547,-0.0859,0.3005,0.7476,1.1729,0.8673,0.6101,0.0424,0.594
openmrg,city,nearby gmz,all gauges,25,1.0,3270,0.6374,0.5854,-0.052,-0.0816,0.31,0.7676,1.2043,0.8649,0.6119,0.0433,0.5955
openmrg,city,nearby gmz,gauges <= 5 km of a link,25,1.0,3270,0.6374,0.5854,-0.052,-0.0816,0.31,0.7676,1.2043,0.8649,0.6119,0.0433,0.5955
openmrg,city,rnn idw,all gauges,25,1.0,3270,0.6374,0.6591,0.0217,0.0341,0.3233,0.7644,1.1993,0.8359,0.8164,0.156,0.7093
openmrg,city,rnn idw,gauges <= 5 km of a link,25,1.0,3270,0.6374,0.6591,0.0217,0.0341,0.3233,0.7644,1.1993,0.8359,0.8164,0.156,0.7093
openmrg,city,rnn line,all gauges,25,1.0,3270,0.6374,0.6619,0.0245,0.0384,0.3191,0.7528,1.181,0.8416,0.8201,0.1571,0.7114
openmrg,city,rnn line,gauges <= 5 km of a link,25,1.0,3270,0.6374,0.6619,0.0245,0.0384,0.3191,0.7528,1.181,0.8416,0.8201,0.1571,0.7114
openmrg,city,rnn gmz,all gauges,25,1.0,3270,0.6374,0.6635,0.0261,0.041,0.3183,0.7459,1.1702,0.8451,0.8182,0.1585,0.709
openmrg,city,rnn gmz,gauges <= 5 km of a link,25,1.0,3270,0.6374,0.6635,0.0261,0.041,0.3183,0.7459,1.1702,0.8451,0.8182,0.1585,0.709
openrainer,gauges,gauges (leave-one-out),all gauges,25,1.0,206172,0.6624,0.6613,-0.0011,-0.0017,0.2949,1.1313,1.7079,0.8399,0.8968,0.1652,0.7617
openrainer,gauges,gauges (leave-one-out),gauges <= 5 km of a link,25,1.0,85959,0.691,0.703,0.012,0.0173,0.305,1.1207,1.6218,0.841,0.9047,0.1648,0.7677
openrainer,gauges,radar,all gauges,25,1.0,206172,0.6624,0.9902,0.3278,0.4948,0.5957,1.6145,2.4373,0.7519,0.8583,0.2438,0.6722
openrainer,gauges,radar,gauges <= 5 km of a link,25,1.0,85959,0.691,1.0316,0.3406,0.4929,0.6107,1.6027,2.3193,0.769,0.8519,0.2276,0.681
openrainer,gauges,dynamic idw,all gauges,25,0.6395,131839,0.6971,1.2575,0.5605,0.8041,0.9217,3.2144,4.6114,0.5097,0.8347,0.3763,0.5551
openrainer,gauges,dynamic idw,gauges <= 5 km of a link,25,0.9778,84047,0.6897,1.1669,0.4772,0.6918,0.788,2.8191,4.0871,0.5764,0.8501,0.3653,0.5708
openrainer,gauges,dynamic line,all gauges,25,0.6918,142640,0.6983,1.091,0.3927,0.5623,0.7858,2.5504,3.6522,0.5493,0.8469,0.3787,0.5585
openrainer,gauges,dynamic line,gauges <= 5 km of a link,25,0.9959,85605,0.6901,1.0402,0.3501,0.5073,0.6862,2.3311,3.3779,0.6048,0.8613,0.3691,0.5727
openrainer,gauges,dynamic gmz,all gauges,25,0.6918,142640,0.6983,1.1444,0.4461,0.6388,0.8394,2.8223,4.0415,0.5239,0.8322,0.3803,0.5509
openrainer,gauges,dynamic gmz,gauges <= 5 km of a link,25,0.9959,85605,0.6901,1.0941,0.4039,0.5853,0.7381,2.5838,3.744,0.5809,0.8482,0.3714,0.565
openrainer,gauges,constant idw,all gauges,25,0.6395,131839,0.6971,0.4954,-0.2016,-0.2893,0.5903,2.2791,3.2696,0.5222,0.4285,0.1519,0.398
openrainer,gauges,constant idw,gauges <= 5 km of a link,25,0.9778,84047,0.6897,0.4856,-0.2041,-0.296,0.5354,2.0521,2.9752,0.5849,0.4463,0.1299,0.4184
openrainer,gauges,constant line,all gauges,25,0.6918,142640,0.6983,0.4839,-0.2144,-0.307,0.5613,1.9621,2.8097,0.5672,0.4671,0.1571,0.4297
openrainer,gauges,constant line,gauges <= 5 km of a link,25,0.9959,85605,0.6901,0.4766,-0.2135,-0.3094,0.507,1.7751,2.5722,0.6314,0.4829,0.1389,0.448
openrainer,gauges,constant gmz,all gauges,25,0.6918,142640,0.6983,0.5085,-0.1898,-0.2718,0.5791,2.1284,3.0479,0.5414,0.459,0.1566,0.423
openrainer,gauges,constant gmz,gauges <= 5 km of a link,25,0.9959,85605,0.6901,0.5016,-0.1885,-0.2732,0.5209,1.9208,2.7833,0.6075,0.4771,0.1376,0.4434
openrainer,gauges,pycomlink idw,all gauges,25,0.6395,131839,0.6971,0.5768,-0.1203,-0.1726,0.5512,2.3198,3.3281,0.5437,0.5722,0.178,0.5092
openrainer,gauges,pycomlink idw,gauges <= 5 km of a link,25,0.9778,84047,0.6897,0.5788,-0.111,-0.1609,0.5065,2.1307,3.0892,0.5931,0.5926,0.1697,0.5286
openrainer,gauges,pycomlink line,all gauges,25,0.6918,142640,0.6983,0.5349,-0.1634,-0.234,0.5299,1.9364,2.7729,0.5882,0.5834,0.1847,0.5153
openrainer,gauges,pycomlink line,gauges <= 5 km of a link,25,0.9959,85605,0.6901,0.5384,-0.1517,-0.2198,0.4852,1.824,2.6431,0.6295,0.6007,0.1746,0.533
openrainer,gauges,pycomlink gmz,all gauges,25,0.6918,142640,0.6983,0.558,-0.1403,-0.201,0.544,2.1022,3.0104,0.5634,0.5778,0.1829,0.5116
openrainer,gauges,pycomlink gmz,gauges <= 5 km of a link,25,0.9959,85605,0.6901,0.5618,-0.1283,-0.1859,0.4971,1.98,2.8692,0.6064,0.5968,0.1741,0.5301
openrainer,gauges,nearby idw,all gauges,25,0.4057,83635,0.6812,0.4739,-0.2073,-0.3043,0.4805,1.588,2.331,0.6605,0.499,0.0966,0.4738
openrainer,gauges,nearby idw,gauges <= 5 km of a link,25,0.702,60347,0.6737,0.4598,-0.2138,-0.3174,0.4433,1.5203,2.2568,0.6845,0.5059,0.0778,0.4852
openrainer,gauges,nearby line,all gauges,25,0.4634,95541,0.6941,0.4571,-0.237,-0.3414,0.49,1.6294,2.3474,0.6384,0.5052,0.1038,0.4773
openrainer,gauges,nearby line,gauges <= 5 km of a link,25,0.7584,65194,0.6858,0.442,-0.2438,-0.3555,0.4549,1.5222,2.2196,0.6745,0.5075,0.0863,0.4843
openrainer,gauges,nearby gmz,all gauges,25,0.4634,95541,0.6941,0.4618,-0.2324,-0.3348,0.4936,1.6809,2.4216,0.6259,0.4987,0.1006,0.4724
openrainer,gauges,nearby gmz,gauges <= 5 km of a link,25,0.7584,65194,0.6858,0.4462,-0.2396,-0.3494,0.4551,1.5331,2.2355,0.6735,0.5039,0.0834,0.4818
openrainer,gauges,rnn idw,all gauges,25,0.6424,132438,0.6988,0.9594,0.2606,0.3729,0.5967,1.5794,2.2601,0.7307,0.8471,0.2745,0.6415
openrainer,gauges,rnn idw,gauges <= 5 km of a link,25,0.9819,84407,0.6906,0.9733,0.2827,0.4093,0.5671,1.4784,2.1406,0.7661,0.8651,0.2671,0.6577
openrainer,gauges,rnn line,all gauges,25,0.6949,143266,0.6995,0.9916,0.292,0.4174,0.6243,1.626,2.3244,0.7202,0.8535,0.2829,0.6385
openrainer,gauges,rnn line,gauges <= 5 km of a link,25,1.0,85959,0.691,1.0103,0.3193,0.462,0.5944,1.5292,2.213,0.7574,0.8712,0.2747,0.6551
openrainer,gauges,rnn gmz,all gauges,25,0.6949,143266,0.6995,1.0008,0.3012,0.4306,0.6332,1.663,2.3773,0.7173,0.8464,0.2795,0.6372
openrainer,gauges,rnn gmz,gauges <= 5 km of a link,25,1.0,85959,0.691,1.0233,0.3323,0.4809,0.6046,1.5658,2.266,0.7561,0.8661,0.2715,0.6548
openmesh,pws,pws (leave-one-out),all gauges,25,1.0,11192,1.932,1.8961,-0.0359,-0.0186,0.8601,2.1066,1.0904,0.7685,0.9554,0.1619,0.8065
openmesh,pws,pws (leave-one-out),gauges <= 5 km of a link,25,1.0,10112,1.9306,1.8823,-0.0483,-0.025,0.8783,2.1212,1.0987,0.7662,0.9552,0.1675,0.8012
openmesh,pws,radar,all gauges,25,1.0,11192,1.932,1.9845,0.0525,0.0272,0.8449,1.992,1.031,0.7932,0.9228,0.1982,0.7514
openmesh,pws,radar,gauges <= 5 km of a link,25,1.0,10112,1.9306,1.9842,0.0536,0.0278,0.8516,1.9996,1.0357,0.7928,0.9235,0.2043,0.7465
openmesh,pws,dynamic idw,all gauges,24,1.0,10591,1.9238,4.2522,2.3285,1.2104,3.1586,4.6595,2.4221,0.4284,0.9705,0.319,0.6672
openmesh,pws,dynamic idw,gauges <= 5 km of a link,24,1.0,9922,1.9347,4.2875,2.3528,1.2161,3.2215,4.7531,2.4567,0.4165,0.9684,0.3233,0.6621
openmesh,pws,dynamic line,all gauges,24,1.0,10591,1.9238,4.1005,2.1768,1.1315,2.9136,4.3455,2.2589,0.4567,0.9966,0.3232,0.6753
openmesh,pws,dynamic line,gauges <= 5 km of a link,24,1.0,9922,1.9347,4.1298,2.1951,1.1346,2.9646,4.4292,2.2894,0.4446,0.9964,0.3274,0.6709
openmesh,pws,dynamic gmz,all gauges,24,1.0,10591,1.9238,4.2401,2.3164,1.2041,3.0589,4.5542,2.3674,0.4446,0.9961,0.3231,0.6751
openmesh,pws,dynamic gmz,gauges <= 5 km of a link,24,1.0,9922,1.9347,4.2708,2.3362,1.2075,3.1132,4.6425,2.3996,0.4325,0.9958,0.3273,0.6708
openmesh,pws,constant idw,all gauges,24,1.0,10591,1.9238,1.2676,-0.6561,-0.3411,1.6632,3.195,1.6608,0.445,0.6465,0.2131,0.5502
openmesh,pws,constant idw,gauges <= 5 km of a link,24,1.0,9922,1.9347,1.2694,-0.6653,-0.3439,1.7086,3.2667,1.6885,0.4333,0.6384,0.2196,0.5412
openmesh,pws,constant line,all gauges,24,1.0,10591,1.9238,1.3283,-0.5955,-0.3095,1.594,3.1026,1.6128,0.4669,0.7133,0.2029,0.6037
openmesh,pws,constant line,gauges <= 5 km of a link,24,1.0,9922,1.9347,1.3332,-0.6015,-0.3109,1.6362,3.1715,1.6393,0.4554,0.7088,0.2082,0.5975
openmesh,pws,constant gmz,all gauges,24,1.0,10591,1.9238,1.3796,-0.5441,-0.2828,1.597,3.1252,1.6245,0.4654,0.7202,0.2062,0.6067
openmesh,pws,constant gmz,gauges <= 5 km of a link,24,1.0,9922,1.9347,1.3845,-0.5502,-0.2844,1.6395,3.1951,1.6515,0.4541,0.7155,0.2114,0.6003
openmesh,pws,pycomlink idw,all gauges,24,1.0,10591,1.9238,1.1538,-0.7699,-0.4002,1.5606,3.0102,1.5648,0.495,0.6634,0.1925,0.5728
openmesh,pws,pycomlink idw,gauges <= 5 km of a link,24,1.0,9922,1.9347,1.1573,-0.7774,-0.4018,1.5936,3.0706,1.5871,0.4857,0.6582,0.1974,0.5665
openmesh,pws,pycomlink line,all gauges,24,1.0,10591,1.9238,1.1796,-0.7442,-0.3868,1.5092,2.94,1.5282,0.5138,0.706,0.1852,0.6084
openmesh,pws,pycomlink line,gauges <= 5 km of a link,24,1.0,9922,1.9347,1.1853,-0.7494,-0.3873,1.5396,2.9985,1.5498,0.5044,0.704,0.1894,0.6046
openmesh,pws,pycomlink gmz,all gauges,24,1.0,10591,1.9238,1.2177,-0.7061,-0.367,1.5116,2.9581,1.5376,0.509,0.7078,0.1883,0.608
openmesh,pws,pycomlink gmz,gauges <= 5 km of a link,24,1.0,9922,1.9347,1.2231,-0.7116,-0.3678,1.5427,3.0175,1.5597,0.4996,0.7057,0.1925,0.604
openmesh,pws,nearby idw,all gauges,24,0.9562,10127,1.9066,1.3495,-0.5571,-0.2922,1.5749,3.1586,1.6566,0.422,0.8234,0.2095,0.6759
openmesh,pws,nearby idw,gauges <= 5 km of a link,24,0.9557,9482,1.9189,1.3557,-0.5632,-0.2935,1.6087,3.2197,1.6779,0.4143,0.8182,0.2151,0.6684
openmesh,pws,nearby line,all gauges,24,0.9567,10132,1.9058,1.3671,-0.5387,-0.2826,1.4964,3.03,1.5899,0.4589,0.864,0.2026,0.7085
openmesh,pws,nearby line,gauges <= 5 km of a link,24,0.9562,9487,1.918,1.3752,-0.5429,-0.283,1.5266,3.0865,1.6092,0.4514,0.8617,0.2076,0.703
openmesh,pws,nearby gmz,all gauges,24,0.9567,10132,1.9058,1.4185,-0.4873,-0.2557,1.5021,3.0551,1.603,0.4534,0.8663,0.2058,0.7075
openmesh,pws,nearby gmz,gauges <= 5 km of a link,24,0.9562,9487,1.918,1.4263,-0.4917,-0.2564,1.533,3.113,1.623,0.4459,0.8643,0.2109,0.7021
openmesh,pws,rnn idw,all gauges,24,1.0,10591,1.9238,2.0449,0.1211,0.0629,1.3244,2.5491,1.325,0.6224,0.9439,0.2245,0.7414
openmesh,pws,rnn idw,gauges <= 5 km of a link,24,1.0,9922,1.9347,2.0385,0.1038,0.0537,1.3341,2.5865,1.3369,0.6193,0.9435,0.2283,0.7376
openmesh,pws,rnn line,all gauges,24,1.0,10591,1.9238,2.1055,0.1817,0.0945,1.3384,2.5547,1.3279,0.6218,0.9494,0.2243,0.7449
openmesh,pws,rnn line,gauges <= 5 km of a link,24,1.0,9922,1.9347,2.1007,0.166,0.0858,1.348,2.5918,1.3396,0.6187,0.9495,0.228,0.7416
openmesh,pws,rnn gmz,all gauges,24,1.0,10591,1.9238,2.1157,0.1919,0.0997,1.3517,2.5676,1.3346,0.6176,0.9492,0.2254,0.7437
openmesh,pws,rnn gmz,gauges <= 5 km of a link,24,1.0,9922,1.9347,2.1104,0.1757,0.0908,1.3617,2.6051,1.3465,0.6143,0.9491,0.2292,0.7402
